 0000                   cpu LMM
                        .module main.c
                        .area text(rom, con, rel)
 0000                   .dbfile ./main.c
                        .area lit(rom, con, rel, lit)
 0000           _hw_id::
 0000 3100              .byte 49,0
 0002                   .dbfile C:\Work\FitoLamp\FW\Slave\FITOLA~1\FITOLA~1\FITOLA~1\main.c
 0002                   .dbsym e hw_id _hw_id A[2:2]kc
 0002           _cmd_on::
 0002 4F4E00            .byte 'O,'N,0
 0005                   .dbsym e cmd_on _cmd_on A[3:3]kc
 0005           _cmd_off::
 0005 4F464600          .byte 'O,'F,'F,0
 0009                   .dbsym e cmd_off _cmd_off A[4:4]kc
 0009           _cmd_fon::
 0009 464F4E00          .byte 'F,'O,'N,0
 000D                   .dbsym e cmd_fon _cmd_fon A[4:4]kc
 000D           _cmd_foff::
 000D 464F464600        .byte 'F,'O,'F,'F,0
 0012                   .dbsym e cmd_foff _cmd_foff A[5:5]kc
                        .area data(ram, con, rel)
 0000                   .dbfile C:\Work\FitoLamp\FW\Slave\FITOLA~1\FITOLA~1\FITOLA~1\main.c
 0000           _nmea_gprmc_empty::
 0000 4750524D4300      .byte 'G,'P,'R,'M,'C,0
 0006                   .dbsym e nmea_gprmc_empty _nmea_gprmc_empty A[6:6]c
                        .area data(ram, con, rel)
 0000                   .dbfile C:\Work\FitoLamp\FW\Slave\FITOLA~1\FITOLA~1\FITOLA~1\main.c
                        .area data(ram, con, rel)
 0000                   .dbfile C:\Work\FitoLamp\FW\Slave\FITOLA~1\FITOLA~1\FITOLA~1\main.c
 0000           _nmea_shftl_empty::
 0000 534846544C00      .byte 'S,'H,'F,'T,'L,0
 0006                   .dbsym e nmea_shftl_empty _nmea_shftl_empty A[6:6]c
                        .area data(ram, con, rel)
 0000                   .dbfile C:\Work\FitoLamp\FW\Slave\FITOLA~1\FITOLA~1\FITOLA~1\main.c
                        .area data(ram, con, rel)
 0000                   .dbfile C:\Work\FitoLamp\FW\Slave\FITOLA~1\FITOLA~1\FITOLA~1\main.c
 0000           _override::
 0000 0000              .word 0
 0002                   .dbsym e override _override I
                        .area data(ram, con, rel)
 0000                   .dbfile C:\Work\FitoLamp\FW\Slave\FITOLA~1\FITOLA~1\FITOLA~1\main.c
                        .area lit(rom, con, rel, lit)
 0012           _schedule::
 0012 0005              .word 5
 0014 36B0              .word 14000
 0016 0014              .word 20
 0018 0000              .word 0
 001A                   .dbsym e schedule _schedule A[8:2:2]ki
                        .area data(ram, con, rel)
 0000                   .dbfile C:\Work\FitoLamp\FW\Slave\FITOLA~1\FITOLA~1\FITOLA~1\main.c
 0000           _power_target::
 0000 0000              .word 0
 0002                   .dbsym e power_target _power_target i
                        .area data(ram, con, rel)
 0000                   .dbfile C:\Work\FitoLamp\FW\Slave\FITOLA~1\FITOLA~1\FITOLA~1\main.c
                        .area data(ram, con, rel)
 0000                   .dbfile C:\Work\FitoLamp\FW\Slave\FITOLA~1\FITOLA~1\FITOLA~1\main.c
 0000           _NMEA_buffer_gps::
 0000 4E4D45415F6275666665725F67707300  .byte 'N,'M,'E,'A,95,'b,'u,'f,'f,'e,'r,95,'g,'p,'s,0
 0010 000000000000000000000000000000000000000000000000000000000000000000000000000000000000000000000000000000000000000000000000  .word 0,0,0,0,0,0,0,0,0,0,0,0,0,0,0,0,0,0,0,0,0,0,0,0,0,0,0,0,0,0
 004C 000000000000      .byte 0,0,0,0,0,0
 0052                   .dbsym e NMEA_buffer_gps _NMEA_buffer_gps A[82:82]c
                        .area data(ram, con, rel)
 0000                   .dbfile C:\Work\FitoLamp\FW\Slave\FITOLA~1\FITOLA~1\FITOLA~1\main.c
                        .area data(ram, con, rel)
 0000                   .dbfile C:\Work\FitoLamp\FW\Slave\FITOLA~1\FITOLA~1\FITOLA~1\main.c
 0000           _NMEA_buffer_rf::
 0000 4E4D45415F6275666665725F726600    .byte 'N,'M,'E,'A,95,'b,'u,'f,'f,'e,'r,95,'r,'f,0
 000F 000000000000000000000000000000000000000000000000000000000000000000000000000000000000000000000000000000000000000000000000  .word 0,0,0,0,0,0,0,0,0,0,0,0,0,0,0,0,0,0,0,0,0,0,0,0,0,0,0,0,0,0
 004B 00000000000000    .byte 0,0,0,0,0,0,0
 0052                   .dbsym e NMEA_buffer_rf _NMEA_buffer_rf A[82:82]c
                        .area data(ram, con, rel)
 0000                   .dbfile C:\Work\FitoLamp\FW\Slave\FITOLA~1\FITOLA~1\FITOLA~1\main.c
                        .area data(ram, con, rel)
 0000                   .dbfile C:\Work\FitoLamp\FW\Slave\FITOLA~1\FITOLA~1\FITOLA~1\main.c
 0000           _NMEA_GPRMC::
 0000 4750524D4300      .byte 'G,'P,'R,'M,'C,0
 0006 000000000000000000000000000000000000000000000000000000000000000000000000000000000000000000000000000000000000000000000000  .word 0,0,0,0,0,0,0,0,0,0,0,0,0,0,0,0,0,0,0,0,0,0,0,0,0,0,0,0,0,0
 0042 00000000000000000000      .word 0,0,0,0,0
 004C 000000000000      .byte 0,0,0,0,0,0
 0052                   .dbsym e NMEA_GPRMC _NMEA_GPRMC A[82:82]c
                        .area data(ram, con, rel)
 0000                   .dbfile C:\Work\FitoLamp\FW\Slave\FITOLA~1\FITOLA~1\FITOLA~1\main.c
                        .area data(ram, con, rel)
 0000                   .dbfile C:\Work\FitoLamp\FW\Slave\FITOLA~1\FITOLA~1\FITOLA~1\main.c
 0000           _NMEA_SHFTL::
 0000 534846544C00      .byte 'S,'H,'F,'T,'L,0
 0006 000000000000000000000000000000000000000000000000000000000000000000000000000000000000000000000000000000000000000000000000  .word 0,0,0,0,0,0,0,0,0,0,0,0,0,0,0,0,0,0,0,0,0,0,0,0,0,0,0,0,0,0
 0042 00000000000000000000      .word 0,0,0,0,0
 004C 000000000000      .byte 0,0,0,0,0,0
 0052                   .dbsym e NMEA_SHFTL _NMEA_SHFTL A[82:82]c
                        .area data(ram, con, rel)
 0000                   .dbfile C:\Work\FitoLamp\FW\Slave\FITOLA~1\FITOLA~1\FITOLA~1\main.c
                        .area data(ram, con, rel)
 0000                   .dbfile C:\Work\FitoLamp\FW\Slave\FITOLA~1\FITOLA~1\FITOLA~1\main.c
 0000           _NMEA_cmd_received::
 0000 0000              .word 0
 0002                   .dbsym e NMEA_cmd_received _NMEA_cmd_received I
                        .area data(ram, con, rel)
 0000                   .dbfile C:\Work\FitoLamp\FW\Slave\FITOLA~1\FITOLA~1\FITOLA~1\main.c
                        .area data(ram, con, rel)
 0000                   .dbfile C:\Work\FitoLamp\FW\Slave\FITOLA~1\FITOLA~1\FITOLA~1\main.c
 0000           _gps_datetime::
 0000 00                .byte 0
 0001 00                .byte 0
 0002 00                .byte 0
 0003 00                .byte 0
 0004 00                .byte 0
 0005 00                .byte 0
 0006 0000              .word 0
 0008                   .dbstruct 0 8 datetime
 0008                   .dbfield 0 sec c
 0008                   .dbfield 1 min c
 0008                   .dbfield 2 hour c
 0008                   .dbfield 3 day c
 0008                   .dbfield 4 month c
 0008                   .dbfield 5 year c
 0008                   .dbfield 6 valid I
 0008                   .dbend
 0008                   .dbsym e gps_datetime _gps_datetime S[datetime]
                        .area data(ram, con, rel)
 0000                   .dbfile C:\Work\FitoLamp\FW\Slave\FITOLA~1\FITOLA~1\FITOLA~1\main.c
                        .area data(ram, con, rel)
 0000                   .dbfile C:\Work\FitoLamp\FW\Slave\FITOLA~1\FITOLA~1\FITOLA~1\main.c
 0000           _local_datetime::
 0000 00                .byte 0
 0001 00                .byte 0
 0002 00                .byte 0
 0003 00                .byte 0
 0004 00                .byte 0
 0005 00                .byte 0
 0006 0000              .word 0
 0008                   .dbsym e local_datetime _local_datetime S[datetime]
                        .area data(ram, con, rel)
 0000                   .dbfile C:\Work\FitoLamp\FW\Slave\FITOLA~1\FITOLA~1\FITOLA~1\main.c
                        .area text(rom, con, rel)
 0000                   .dbfile C:\Work\FitoLamp\FW\Slave\FITOLA~1\FITOLA~1\FITOLA~1\main.c
 0000                   .dbfunc e gps_signal _gps_signal fV
 0000           _gps_signal::
 0000                   .dbline -1
 0000 10                push X
 0001 4F                mov X,SP
 0002 3802              add SP,2
 0004                   .dbline 113
 0004           ; //----------------------------------------------------------------------------
 0004           ; // C main line
 0004           ; //----------------------------------------------------------------------------
 0004           ; 
 0004           ; #include <m8c.h>        // part specific constants and macros
 0004           ; #include "PSoCAPI.h"    // PSoC API definitions for all User Modules
 0004           ; #include "delay.h"
 0004           ; #include <stdlib.h>
 0004           ; #include <stdio.h>
 0004           ; #include <math.h> 
 0004           ; #include <stdbool.h>
 0004           ; #include <string.h>
 0004           ; 
 0004           ; //#define DEBUG
 0004           ; 
 0004           ; #define DECIMAL_COUNT_SYSTEM_BASIS  10
 0004           ; #define DECIMAL_NUMBER_SIZE         4
 0004           ; #define HOUR_MAX                          23
 0004           ; 
 0004           ; // NMEA definitions
 0004           ; #define NMEA_MAX_SIZE             82
 0004           ; #define NMEA_START_DELIMITER      '$'
 0004           ; #define NMEA_END_DELIMITER        0x0A
 0004           ; #define NMEA_CHECKSUM_DELIMITER   '*'
 0004           ; #define NMEA_FIELD_DELIMITER      ','
 0004           ; #define NMEA_HEADER_SIZE          3           // TODO
 0004           ; 
 0004           ; #define NMEA_GPRMC_UTC              1
 0004           ; #define NMEA_GPRMC_DATE               7
 0004           ; #define NMEA_GPRMC_HDOP             8
 0004           ; #define NMEA_GPRMC_ALTITUDE         9
 0004           ; 
 0004           ; #define NMEA_GPRMC_VALID            'A'
 0004           ; #define NMEA_GPRMC_INVALID          'V'
 0004           ; 
 0004           ; // System settings
 0004           ; #define POWER_MAX                                     14000
 0004           ; #define POWER_STEP                                    1
 0004           ; #define GMT_OFFSET                                    3
 0004           ; #define WAIT_PERIOD                                   2                       // Global non critical tasks execution period in x10 miliseconds
 0004           ; #define OVERRIDE_TIMEOUT                      540000          // x20 miliseconds (540000 = 3 hours)
 0004           ; #define POWER_UPDATE_SLOW             1000
 0004           ; #define POWER_UPDATE_VERY_SLOW        32000
 0004           ; #define POWER_UPDATE_FAST             25
 0004           ; #define HW_ID                                         "1"
 0004           ; 
 0004           ; #define NMEA_GPRMC_EMPTY            "GPRMC"
 0004           ; #define NMEA_SHFTL_EMPTY            "SHFTL"
 0004           ; #define NMEA_FIELD_CMD              1
 0004           ; #define NMEA_FIELD_ID               2
 0004           ; 
 0004           ; const char hw_id[] = HW_ID;
 0004           ; 
 0004           ; const char cmd_on[] = "ON";
 0004           ; const char cmd_off[] = "OFF";
 0004           ; const char cmd_fon[] = "FON";
 0004           ; const char cmd_foff[] = "FOFF";
 0004           ; char nmea_gprmc_empty[] = NMEA_GPRMC_EMPTY;
 0004           ; char nmea_shftl_empty[] = NMEA_SHFTL_EMPTY;
 0004           ; char fld_buf[NMEA_MAX_SIZE];
 0004           ; bool override = false;
 0004           ; unsigned long override_counter;
 0004           ; 
 0004           ; unsigned int const schedule[2][2] = {
 0004           ;                                               {5, POWER_MAX},
 0004           ;                                               {20, 0}
 0004           ;                                               };
 0004           ; 
 0004           ; struct datetime {
 0004           ;       unsigned char sec;
 0004           ;       unsigned char min;
 0004           ;       unsigned char hour;
 0004           ;       unsigned char day;
 0004           ;       unsigned char month;
 0004           ;       unsigned char year;
 0004           ;       bool valid;
 0004           ; };
 0004           ; 
 0004           ; unsigned int power_target = 0;
 0004           ; 
 0004           ; // NMEA variables
 0004           ; char NMEA_buffer_gps[NMEA_MAX_SIZE] = "NMEA_buffer_gps";
 0004           ; char NMEA_buffer_rf[NMEA_MAX_SIZE] = "NMEA_buffer_rf";
 0004           ; char NMEA_GPRMC[NMEA_MAX_SIZE] = NMEA_GPRMC_EMPTY;
 0004           ; char NMEA_SHFTL[NMEA_MAX_SIZE] = NMEA_SHFTL_EMPTY;
 0004           ; bool NMEA_cmd_received = false;
 0004           ; unsigned char NMEA_pointer_gps;
 0004           ; unsigned char NMEA_pointer_rf;
 0004           ; 
 0004           ; struct datetime gps_datetime = {0, 0, 0, 0, 0, 0, false};
 0004           ; struct datetime local_datetime = {0, 0, 0, 0, 0, 0, false};
 0004           ; 
 0004           ; void set_power(unsigned int pwr);
 0004           ; void override_enable(void);
 0004           ; void update_power(void);
 0004           ; void schedule_processing(unsigned char hour);
 0004           ; void schedule_init(void);
 0004           ; void rtc_update(struct datetime *datetime);
 0004           ; bool check_fld(const char *cmd);
 0004           ; 
 0004           ; // NMEA functions
 0004           ; bool NMEA_handle_packet(char *packet, char *NMEA_data);
 0004           ; void NMEA_GetField(char *packet, unsigned char field, char *result);
 0004           ; void NMEA_GetTimeUTC(char *gprmc, struct datetime *gps_datetime);
 0004           ; 
 0004           ; unsigned char str_cmp(char *str1, char *str2, unsigned char stop);
 0004           ; unsigned char str_cmp_const(char *str1, const char *str2, unsigned char stop);
 0004           ; unsigned char byte_to_bcd(unsigned char byte);
 0004           ; unsigned char bcd_to_byte(unsigned char reg);
 0004           ; void utc_to_local(struct datetime *gps_datetime, struct datetime *local_datetime);
 0004           ; 
 0004           ; void gps_signal(void)
 0004           ; {
 0004                   .dbline 114
 0004           ;       if (NMEA_pointer_gps >= NMEA_MAX_SIZE) NMEA_pointer_gps = 0;
 0004 62D000            mov REG[0xd0],>_NMEA_pointer_gps
 0007 3C0052            cmp [_NMEA_pointer_gps],82
 000A C007              jc L2
 000C           X0:
 000C                   .dbline 114
 000C 62D000            mov REG[0xd0],>_NMEA_pointer_gps
 000F 550000            mov [_NMEA_pointer_gps],0
 0012           L2:
 0012                   .dbline 115
 0012           ;     NMEA_buffer_gps[NMEA_pointer_gps] = RX8_GPS_bReadRxData();        
 0012 10                push X
 0013 7C0000            xcall _RX8_GPS_bReadRxData
 0016 20                pop X
 0017 62D000            mov REG[0xd0],>__r0
 001A 5300              mov [__r0],A
 001C 62D000            mov REG[0xd0],>_NMEA_pointer_gps
 001F 5100              mov A,[_NMEA_pointer_gps]
 0021 62D000            mov REG[0xd0],>__r0
 0024 5300              mov [__r3],A
 0026 550000            mov [__r2],0
 0029 060000            add [__r3],<_NMEA_buffer_gps
 002C 0E0000            adc [__r2],>_NMEA_buffer_gps
 002F 5100              mov A,[__r2]
 0031 60D5              mov REG[0xd5],A
 0033 5100              mov A,[__r0]
 0035 3F00              mvi [__r3],A
 0037                   .dbline 116
 0037           ;     NMEA_buffer_gps[NMEA_pointer_gps + 1] = 0;        
 0037 62D000            mov REG[0xd0],>_NMEA_pointer_gps
 003A 5100              mov A,[_NMEA_pointer_gps]
 003C 62D000            mov REG[0xd0],>__r0
 003F 5300              mov [__r1],A
 0041 550000            mov [__r0],0
 0044 060001            add [__r1],<_NMEA_buffer_gps+1
 0047 0E0001            adc [__r0],>_NMEA_buffer_gps+1
 004A 5100              mov A,[__r0]
 004C 60D5              mov REG[0xd5],A
 004E 5000              mov A,0
 0050 3F00              mvi [__r1],A
 0052                   .dbline 117
 0052           ;     switch(NMEA_buffer_gps[NMEA_pointer_gps])
 0052 62D000            mov REG[0xd0],>_NMEA_pointer_gps
 0055 5100              mov A,[_NMEA_pointer_gps]
 0057 62D000            mov REG[0xd0],>__r0
 005A 5300              mov [__r1],A
 005C 550000            mov [__r0],0
 005F 060000            add [__r1],<_NMEA_buffer_gps
 0062 0E0000            adc [__r0],>_NMEA_buffer_gps
 0065 5100              mov A,[__r0]
 0067 60D4              mov REG[0xd4],A
 0069 3E00              mvi A,[__r1]
 006B 5401              mov [X+1],A
 006D 560000            mov [X+0],0
 0070 5201              mov A,[X+1]
 0072 110A              sub A,10
 0074 5300              mov [__rY],A
 0076 5200              mov A,[X+0]
 0078 3180              xor A,-128
 007A 1980              sbb A,(0 ^ 0x80)
 007C C02B              jc L5
 007E 2A00              or A,[__rY]
 0080 A015              jz L9
 0082           X1:
 0082           L10:
 0082 3D0000            cmp [X+0],0
 0085 B006              jnz X2
 0087 3D0124            cmp [X+1],36
 008A A003              jz L8
 008C           X2:
 008C 801B              xjmp L5
 008E           L8:
 008E                   .dbline 120
 008E           ;     {
 008E           ;         case NMEA_START_DELIMITER:
 008E           ;         NMEA_pointer_gps = 0;
 008E 62D000            mov REG[0xd0],>_NMEA_pointer_gps
 0091 550000            mov [_NMEA_pointer_gps],0
 0094                   .dbline 121
 0094           ;         break;
 0094 8018              xjmp L6
 0096           L9:
 0096                   .dbline 124
 0096           ;         
 0096           ;         case NMEA_END_DELIMITER:
 0096           ;         NMEA_handle_packet(NMEA_buffer_gps, NMEA_GPRMC);
 0096 5000              mov A,>_NMEA_GPRMC
 0098 08                push A
 0099 5000              mov A,<_NMEA_GPRMC
 009B 08                push A
 009C 5000              mov A,>_NMEA_buffer_gps
 009E 08                push A
 009F 5000              mov A,<_NMEA_buffer_gps
 00A1 08                push A
 00A2 9662              xcall _NMEA_handle_packet
 00A4 38FC              add SP,-4
 00A6                   .dbline 125
 00A6           ;         break;
 00A6 8006              xjmp L6
 00A8           L5:
 00A8                   .dbline 128
 00A8           ;         
 00A8           ;         default:
 00A8           ;         NMEA_pointer_gps++;
 00A8 62D000            mov REG[0xd0],>_NMEA_pointer_gps
 00AB 7600              inc [_NMEA_pointer_gps]
 00AD                   .dbline 129
 00AD           ;         break;
 00AD           L6:
 00AD                   .dbline -2
 00AD           L1:
 00AD 38FE              add SP,-2
 00AF 20                pop X
 00B0                   .dbline 0 ; func end
 00B0 7F                ret
 00B1                   .dbend
 00B1                   .dbfunc e rf_signal _rf_signal fV
 00B1           _rf_signal::
 00B1                   .dbline -1
 00B1 10                push X
 00B2 4F                mov X,SP
 00B3 3802              add SP,2
 00B5                   .dbline 134
 00B5           ;     }
 00B5           ; }
 00B5           ; 
 00B5           ; void rf_signal(void)
 00B5           ; {     
 00B5                   .dbline 135
 00B5           ;       if (NMEA_pointer_rf >= NMEA_MAX_SIZE) NMEA_pointer_rf = 0;
 00B5 62D000            mov REG[0xd0],>_NMEA_pointer_rf
 00B8 3C0052            cmp [_NMEA_pointer_rf],82
 00BB C007              jc L12
 00BD           X3:
 00BD                   .dbline 135
 00BD 62D000            mov REG[0xd0],>_NMEA_pointer_rf
 00C0 550000            mov [_NMEA_pointer_rf],0
 00C3           L12:
 00C3                   .dbline 136
 00C3           ;     NMEA_buffer_rf[NMEA_pointer_rf] = RX8_RF_bReadRxData();   
 00C3 10                push X
 00C4 7C0000            xcall _RX8_RF_bReadRxData
 00C7 20                pop X
 00C8 62D000            mov REG[0xd0],>__r0
 00CB 5300              mov [__r0],A
 00CD 62D000            mov REG[0xd0],>_NMEA_pointer_rf
 00D0 5100              mov A,[_NMEA_pointer_rf]
 00D2 62D000            mov REG[0xd0],>__r0
 00D5 5300              mov [__r3],A
 00D7 550000            mov [__r2],0
 00DA 060000            add [__r3],<_NMEA_buffer_rf
 00DD 0E0000            adc [__r2],>_NMEA_buffer_rf
 00E0 5100              mov A,[__r2]
 00E2 60D5              mov REG[0xd5],A
 00E4 5100              mov A,[__r0]
 00E6 3F00              mvi [__r3],A
 00E8                   .dbline 137
 00E8           ;     NMEA_buffer_rf[NMEA_pointer_rf + 1] = 0;  
 00E8 62D000            mov REG[0xd0],>_NMEA_pointer_rf
 00EB 5100              mov A,[_NMEA_pointer_rf]
 00ED 62D000            mov REG[0xd0],>__r0
 00F0 5300              mov [__r1],A
 00F2 550000            mov [__r0],0
 00F5 060001            add [__r1],<_NMEA_buffer_rf+1
 00F8 0E0001            adc [__r0],>_NMEA_buffer_rf+1
 00FB 5100              mov A,[__r0]
 00FD 60D5              mov REG[0xd5],A
 00FF 5000              mov A,0
 0101 3F00              mvi [__r1],A
 0103                   .dbline 138
 0103           ;     switch(NMEA_buffer_rf[NMEA_pointer_rf])
 0103 62D000            mov REG[0xd0],>_NMEA_pointer_rf
 0106 5100              mov A,[_NMEA_pointer_rf]
 0108 62D000            mov REG[0xd0],>__r0
 010B 5300              mov [__r1],A
 010D 550000            mov [__r0],0
 0110 060000            add [__r1],<_NMEA_buffer_rf
 0113 0E0000            adc [__r0],>_NMEA_buffer_rf
 0116 5100              mov A,[__r0]
 0118 60D4              mov REG[0xd4],A
 011A 3E00              mvi A,[__r1]
 011C 5401              mov [X+1],A
 011E 560000            mov [X+0],0
 0121 5201              mov A,[X+1]
 0123 110A              sub A,10
 0125 5300              mov [__rY],A
 0127 5200              mov A,[X+0]
 0129 3180              xor A,-128
 012B 1980              sbb A,(0 ^ 0x80)
 012D C041              jc L15
 012F 2A00              or A,[__rY]
 0131 A015              jz L19
 0133           X4:
 0133           L20:
 0133 3D0000            cmp [X+0],0
 0136 B006              jnz X5
 0138 3D0124            cmp [X+1],36
 013B A003              jz L18
 013D           X5:
 013D 8031              xjmp L15
 013F           L18:
 013F                   .dbline 141
 013F           ;     {
 013F           ;         case NMEA_START_DELIMITER:
 013F           ;         NMEA_pointer_rf = 0;
 013F 62D000            mov REG[0xd0],>_NMEA_pointer_rf
 0142 550000            mov [_NMEA_pointer_rf],0
 0145                   .dbline 142
 0145           ;         break;
 0145 802E              xjmp L16
 0147           L19:
 0147                   .dbline 145
 0147           ;         
 0147           ;         case NMEA_END_DELIMITER:
 0147           ;         NMEA_cmd_received = NMEA_handle_packet(NMEA_buffer_rf, NMEA_SHFTL);
 0147 5000              mov A,>_NMEA_SHFTL
 0149 08                push A
 014A 5000              mov A,<_NMEA_SHFTL
 014C 08                push A
 014D 5000              mov A,>_NMEA_buffer_rf
 014F 08                push A
 0150 5000              mov A,<_NMEA_buffer_rf
 0152 08                push A
 0153 95B1              xcall _NMEA_handle_packet
 0155 38FC              add SP,-4
 0157 62D000            mov REG[0xd0],>__r0
 015A 5100              mov A,[__r1]
 015C 08                push A
 015D 5100              mov A,[__r0]
 015F 62D000            mov REG[0xd0],>_NMEA_cmd_received
 0162 5300              mov [_NMEA_cmd_received],A
 0164 18                pop A
 0165 5301              mov [_NMEA_cmd_received+1],A
 0167                   .dbline 146
 0167           ;         NMEA_buffer_rf[0] = 0;
 0167 62D000            mov REG[0xd0],>_NMEA_buffer_rf
 016A 550000            mov [_NMEA_buffer_rf],0
 016D                   .dbline 147
 016D           ;         break;
 016D 8006              xjmp L16
 016F           L15:
 016F                   .dbline 150
 016F           ;         
 016F           ;         default:
 016F           ;         NMEA_pointer_rf++;
 016F 62D000            mov REG[0xd0],>_NMEA_pointer_rf
 0172 7600              inc [_NMEA_pointer_rf]
 0174                   .dbline 151
 0174           ;         break;
 0174           L16:
 0174                   .dbline -2
 0174           L11:
 0174 38FE              add SP,-2
 0176 20                pop X
 0177                   .dbline 0 ; func end
 0177 7F                ret
 0178                   .dbend
 0178                   .dbfunc e main _main fV
 0178           ;              t -> X+0
 0178           _main::
 0178                   .dbline -1
 0178 10                push X
 0179 4F                mov X,SP
 017A 3801              add SP,1
 017C                   .dbline 156
 017C           ;     }
 017C           ; }
 017C           ; 
 017C           ; void main(void)
 017C           ; {
 017C                   .dbline 159
 017C           ;       unsigned char t;
 017C           ;       
 017C           ;       M8C_EnableGInt; // Uncomment this line to enable Global Interrupts
 017C 7101                      or  F, 01h
 017E           
 017E                   .dbline 161
 017E           ; 
 017E           ;       RTC_SetHour(0x08);
 017E 10                push X
 017F 5008              mov A,8
 0181 7C0000            xcall _RTC_SetHour
 0184                   .dbline 162
 0184           ;       RTC_SetMinute(0x00);
 0184 5000              mov A,0
 0186 7C0000            xcall _RTC_SetMinute
 0189                   .dbline 163
 0189           ;       RTC_SetSecond(0x00);
 0189 5000              mov A,0
 018B 7C0000            xcall _RTC_SetSecond
 018E                   .dbline 164
 018E           ;       RTC_Start();
 018E 7C0000            xcall _RTC_Start
 0191                   .dbline 165
 0191           ;       PWM16_CH0_Start();
 0191 7C0000            xcall _PWM16_CH0_Start
 0194                   .dbline 166
 0194           ;       PWM16_CH1_Start();
 0194 7C0000            xcall _PWM16_CH1_Start
 0197                   .dbline 167
 0197           ;       Counter16_PwrUpd_Start();
 0197 7C0000            xcall _Counter16_PwrUpd_Start
 019A                   .dbline 168
 019A           ;       Counter8_RF_clk_Start();
 019A 7C0000            xcall _Counter8_RF_clk_Start
 019D                   .dbline 169
 019D           ;       RX8_GPS_Start(RX8_GPS_PARITY_NONE);
 019D 5000              mov A,0
 019F 7C0000            xcall _RX8_GPS_Start
 01A2                   .dbline 170
 01A2           ;       RX8_RF_Start(RX8_GPS_PARITY_ODD);
 01A2 5006              mov A,6
 01A4 7C0000            xcall _RX8_RF_Start
 01A7                   .dbline 173
 01A7           ;       //TX8_Debug_Start(RX8_GPS_PARITY_NONE);
 01A7           ;       
 01A7           ;       RX8_GPS_EnableInt();
 01A7 7C0000            xcall _RX8_GPS_EnableInt
 01AA                   .dbline 174
 01AA           ;       RX8_RF_EnableInt();
 01AA 7C0000            xcall _RX8_RF_EnableInt
 01AD                   .dbline 175
 01AD           ;       Counter16_PwrUpd_EnableInt();
 01AD 7C0000            xcall _Counter16_PwrUpd_EnableInt
 01B0                   .dbline 177
 01B0           ;               
 01B0           ;       Counter16_PwrUpd_WritePeriod(POWER_UPDATE_SLOW);
 01B0 5703              mov X,3
 01B2 50E8              mov A,-24
 01B4 7C0000            xcall _Counter16_PwrUpd_WritePeriod
 01B7 20                pop X
 01B8                   .dbline 178
 01B8           ;       set_power(POWER_MAX);
 01B8 5036              mov A,54
 01BA 08                push A
 01BB 50B0              mov A,-80
 01BD 08                push A
 01BE 91F8              xcall _set_power
 01C0 38FE              add SP,-2
 01C2                   .dbline 179
 01C2           ;       LED_Blue_Off();
 01C2 10                push X
 01C3 7C0000            xcall _LED_Blue_Off
 01C6 20                pop X
 01C7 81E9              xjmp L23
 01C9           L22:
 01C9                   .dbline 182
 01C9           ;       
 01C9           ;       while (1)
 01C9           ;       {               
 01C9                   .dbline 184
 01C9           ;               // Handle commands
 01C9           ;               if (NMEA_cmd_received)
 01C9 62D000            mov REG[0xd0],>_NMEA_cmd_received
 01CC 3C0000            cmp [_NMEA_cmd_received],0
 01CF B006              jnz X7
 01D1 3C0100            cmp [_NMEA_cmd_received+1],0
 01D4 A13F              jz L25
 01D6           X7:
 01D6                   .dbline 186
 01D6           ;         {
 01D6           ;                       LED_Blue_On();
 01D6                   .dbline 186
 01D6 10                push X
 01D7 7C0000            xcall _LED_Blue_On
 01DA                   .dbline 187
 01DA           ;                       TX8_Debug_CPutString("NMEA_cmd");
 01DA 501E              mov A,>L27
 01DC 08                push A
 01DD 501E              mov A,<L27
 01DF 5C                mov X,A
 01E0 18                pop A
 01E1 7C0000            xcall _TX8_Debug_CPutString
 01E4 20                pop X
 01E5                   .dbline 188
 01E5           ;                       NMEA_cmd_received = false;              
 01E5 62D000            mov REG[0xd0],>_NMEA_cmd_received
 01E8 550100            mov [_NMEA_cmd_received+1],0
 01EB 550000            mov [_NMEA_cmd_received],0
 01EE                   .dbline 191
 01EE           ;             
 01EE           ;             // NMEA_SHFTL handle
 01EE           ;                       NMEA_GetField(NMEA_SHFTL, NMEA_FIELD_ID, fld_buf);
 01EE 5000              mov A,>_fld_buf
 01F0 08                push A
 01F1 5000              mov A,<_fld_buf
 01F3 08                push A
 01F4 5002              mov A,2
 01F6 08                push A
 01F7 5000              mov A,>_NMEA_SHFTL
 01F9 08                push A
 01FA 5000              mov A,<_NMEA_SHFTL
 01FC 08                push A
 01FD 93CC              xcall _NMEA_GetField
 01FF                   .dbline 192
 01FF           ;                       if(check_fld(hw_id) || check_fld("0"))  // Check ID
 01FF 5000              mov A,>_hw_id
 0201 08                push A
 0202 5000              mov A,<_hw_id
 0204 08                push A
 0205 9377              xcall _check_fld
 0207 38F9              add SP,-7
 0209 62D000            mov REG[0xd0],>__r0
 020C 3C0000            cmp [__r0],0
 020F B01D              jnz L31
 0211 3C0000            cmp [__r1],0
 0214 B018              jnz L31
 0216           X8:
 0216 501C              mov A,>L30
 0218 08                push A
 0219 501C              mov A,<L30
 021B 08                push A
 021C 9360              xcall _check_fld
 021E 38FE              add SP,-2
 0220 62D000            mov REG[0xd0],>__r0
 0223 3C0000            cmp [__r0],0
 0226 B006              jnz X9
 0228 3C0000            cmp [__r1],0
 022B A0E8              jz L28
 022D           X9:
 022D           L31:
 022D                   .dbline 194
 022D           ;                       {                       
 022D           ;                   NMEA_GetField(NMEA_SHFTL, NMEA_FIELD_CMD, fld_buf);
 022D                   .dbline 194
 022D 5000              mov A,>_fld_buf
 022F 08                push A
 0230 5000              mov A,<_fld_buf
 0232 08                push A
 0233 5001              mov A,1
 0235 08                push A
 0236 5000              mov A,>_NMEA_SHFTL
 0238 08                push A
 0239 5000              mov A,<_NMEA_SHFTL
 023B 08                push A
 023C 938D              xcall _NMEA_GetField
 023E                   .dbline 195
 023E           ;                   if(check_fld(cmd_on))
 023E 5002              mov A,>_cmd_on
 0240 08                push A
 0241 5002              mov A,<_cmd_on
 0243 08                push A
 0244 9338              xcall _check_fld
 0246 38F9              add SP,-7
 0248 62D000            mov REG[0xd0],>__r0
 024B 3C0000            cmp [__r0],0
 024E B006              jnz X10
 0250 3C0000            cmp [__r1],0
 0253 A018              jz L32
 0255           X10:
 0255                   .dbline 197
 0255           ;                   {                   
 0255           ;                                       set_power(POWER_MAX);
 0255                   .dbline 197
 0255 5036              mov A,54
 0257 08                push A
 0258 50B0              mov A,-80
 025A 08                push A
 025B 915B              xcall _set_power
 025D 38FE              add SP,-2
 025F                   .dbline 198
 025F           ;                                       Counter16_PwrUpd_WritePeriod(POWER_UPDATE_SLOW);
 025F 10                push X
 0260 5703              mov X,3
 0262 50E8              mov A,-24
 0264 7C0000            xcall _Counter16_PwrUpd_WritePeriod
 0267 20                pop X
 0268                   .dbline 199
 0268           ;                                       override_enable();      
 0268 916D              xcall _override_enable
 026A                   .dbline 200
 026A           ;                   }
 026A 808C              xjmp L33
 026C           L32:
 026C                   .dbline 201
 026C           ;                   else if(check_fld(cmd_off))
 026C 5005              mov A,>_cmd_off
 026E 08                push A
 026F 5005              mov A,<_cmd_off
 0271 08                push A
 0272 930A              xcall _check_fld
 0274 38FE              add SP,-2
 0276 62D000            mov REG[0xd0],>__r0
 0279 3C0000            cmp [__r0],0
 027C B006              jnz X11
 027E 3C0000            cmp [__r1],0
 0281 A016              jz L34
 0283           X11:
 0283                   .dbline 203
 0283           ;                   {
 0283           ;                       set_power(0);
 0283                   .dbline 203
 0283 5000              mov A,0
 0285 08                push A
 0286 08                push A
 0287 912F              xcall _set_power
 0289 38FE              add SP,-2
 028B                   .dbline 204
 028B           ;                                       Counter16_PwrUpd_WritePeriod(POWER_UPDATE_SLOW);
 028B 10                push X
 028C 5703              mov X,3
 028E 50E8              mov A,-24
 0290 7C0000            xcall _Counter16_PwrUpd_WritePeriod
 0293 20                pop X
 0294                   .dbline 205
 0294           ;                                       override_enable();      
 0294 9141              xcall _override_enable
 0296                   .dbline 206
 0296           ;                   }
 0296 8060              xjmp L35
 0298           L34:
 0298                   .dbline 207
 0298           ;                               else if(check_fld(cmd_fon))
 0298 5009              mov A,>_cmd_fon
 029A 08                push A
 029B 5009              mov A,<_cmd_fon
 029D 08                push A
 029E 92DE              xcall _check_fld
 02A0 38FE              add SP,-2
 02A2 62D000            mov REG[0xd0],>__r0
 02A5 3C0000            cmp [__r0],0
 02A8 B006              jnz X12
 02AA 3C0000            cmp [__r1],0
 02AD A018              jz L36
 02AF           X12:
 02AF                   .dbline 209
 02AF           ;                   {                   
 02AF           ;                                       set_power(POWER_MAX);
 02AF                   .dbline 209
 02AF 5036              mov A,54
 02B1 08                push A
 02B2 50B0              mov A,-80
 02B4 08                push A
 02B5 9101              xcall _set_power
 02B7 38FE              add SP,-2
 02B9                   .dbline 210
 02B9           ;                                       Counter16_PwrUpd_WritePeriod(POWER_UPDATE_FAST);
 02B9 10                push X
 02BA 5700              mov X,0
 02BC 5019              mov A,25
 02BE 7C0000            xcall _Counter16_PwrUpd_WritePeriod
 02C1 20                pop X
 02C2                   .dbline 211
 02C2           ;                                       override_enable();      
 02C2 9113              xcall _override_enable
 02C4                   .dbline 212
 02C4           ;                   }
 02C4 8032              xjmp L37
 02C6           L36:
 02C6                   .dbline 213
 02C6           ;                   else if(check_fld(cmd_foff))
 02C6 500D              mov A,>_cmd_foff
 02C8 08                push A
 02C9 500D              mov A,<_cmd_foff
 02CB 08                push A
 02CC 92B0              xcall _check_fld
 02CE 38FE              add SP,-2
 02D0 62D000            mov REG[0xd0],>__r0
 02D3 3C0000            cmp [__r0],0
 02D6 B006              jnz X13
 02D8 3C0000            cmp [__r1],0
 02DB A016              jz L38
 02DD           X13:
 02DD                   .dbline 215
 02DD           ;                   {
 02DD           ;                                       set_power(0);
 02DD                   .dbline 215
 02DD 5000              mov A,0
 02DF 08                push A
 02E0 08                push A
 02E1 90D5              xcall _set_power
 02E3 38FE              add SP,-2
 02E5                   .dbline 216
 02E5           ;                                       Counter16_PwrUpd_WritePeriod(POWER_UPDATE_FAST);
 02E5 10                push X
 02E6 5700              mov X,0
 02E8 5019              mov A,25
 02EA 7C0000            xcall _Counter16_PwrUpd_WritePeriod
 02ED 20                pop X
 02EE                   .dbline 217
 02EE           ;                                       override_enable();      
 02EE 90E7              xcall _override_enable
 02F0                   .dbline 218
 02F0           ;                   }
 02F0 8006              xjmp L39
 02F2           L38:
 02F2                   .dbline 219
 02F2           ;                               else LED_Blue_Off();
 02F2 10                push X
 02F3 7C0000            xcall _LED_Blue_Off
 02F6 20                pop X
 02F7           L39:
 02F7           L37:
 02F7           L35:
 02F7           L33:
 02F7                   .dbline 221
 02F7           ;                               
 02F7           ;                   NMEA_SHFTL[0] = 0;
 02F7 62D000            mov REG[0xd0],>_NMEA_SHFTL
 02FA 550000            mov [_NMEA_SHFTL],0
 02FD                   .dbline 222
 02FD           ;                   strncat(NMEA_SHFTL, nmea_shftl_empty, NMEA_MAX_SIZE);
 02FD 5000              mov A,0
 02FF 08                push A
 0300 5052              mov A,82
 0302 08                push A
 0303 5000              mov A,>_nmea_shftl_empty
 0305 08                push A
 0306 5000              mov A,<_nmea_shftl_empty
 0308 08                push A
 0309 5000              mov A,>_NMEA_SHFTL
 030B 08                push A
 030C 5000              mov A,<_NMEA_SHFTL
 030E 08                push A
 030F 7C0000            xcall _strncat
 0312 38FA              add SP,-6
 0314                   .dbline 223
 0314           ;                       }
 0314           L28:
 0314                   .dbline 224
 0314           ;               }               
 0314           L25:
 0314                   .dbline 226
 0314           ;                               
 0314           ;               if(!override)
 0314 62D000            mov REG[0xd0],>_override
 0317 3C0000            cmp [_override],0
 031A B04F              jnz L40
 031C 3C0100            cmp [_override+1],0
 031F B04A              jnz L40
 0321           X14:
 0321                   .dbline 229
 0321           ;               {
 0321           ;                       // Get datetime
 0321           ;                       local_datetime.valid = false;
 0321                   .dbline 229
 0321 62D000            mov REG[0xd0],>_local_datetime
 0324 550700            mov [_local_datetime+6+1],0
 0327 550600            mov [_local_datetime+6],0
 032A                   .dbline 230
 032A           ;                       NMEA_GetTimeUTC(NMEA_GPRMC, &gps_datetime);
 032A 5000              mov A,>_gps_datetime
 032C 08                push A
 032D 5000              mov A,<_gps_datetime
 032F 08                push A
 0330 5000              mov A,>_NMEA_GPRMC
 0332 08                push A
 0333 5000              mov A,<_NMEA_GPRMC
 0335 08                push A
 0336 94F6              xcall _NMEA_GetTimeUTC
 0338 38FC              add SP,-4
 033A                   .dbline 231
 033A           ;                       if(gps_datetime.valid) 
 033A 62D000            mov REG[0xd0],>_gps_datetime
 033D 3C0600            cmp [_gps_datetime+6],0
 0340 B006              jnz X15
 0342 3C0700            cmp [_gps_datetime+6+1],0
 0345 A019              jz L43
 0347           X15:
 0347                   .dbline 233
 0347           ;                       {
 0347           ;                               utc_to_local(&gps_datetime, &local_datetime);
 0347                   .dbline 233
 0347 5000              mov A,>_local_datetime
 0349 08                push A
 034A 5000              mov A,<_local_datetime
 034C 08                push A
 034D 5000              mov A,>_gps_datetime
 034F 08                push A
 0350 5000              mov A,<_gps_datetime
 0352 08                push A
 0353 97FE              xcall _utc_to_local
 0355                   .dbline 234
 0355           ;                               rtc_update(&local_datetime);
 0355 5000              mov A,>_local_datetime
 0357 08                push A
 0358 5000              mov A,<_local_datetime
 035A 08                push A
 035B 91BF              xcall _rtc_update
 035D 38FA              add SP,-6
 035F                   .dbline 235
 035F           ;                       }
 035F           L43:
 035F                   .dbline 238
 035F           ;                       
 035F           ;                       // Scheduler
 035F           ;                       Counter16_PwrUpd_WritePeriod(POWER_UPDATE_SLOW);
 035F 10                push X
 0360 5703              mov X,3
 0362 50E8              mov A,-24
 0364 7C0000            xcall _Counter16_PwrUpd_WritePeriod
 0367 20                pop X
 0368                   .dbline 239
 0368           ;                       schedule_init();
 0368 9174              xcall _schedule_init
 036A                   .dbline 240
 036A           ;               }
 036A           L40:
 036A                   .dbline 242
 036A           ;               
 036A           ;               Delay10msTimes(WAIT_PERIOD);
 036A 10                push X
 036B 5002              mov A,2
 036D 7C0000            xcall _Delay10msTimes
 0370                   .dbline 243
 0370           ;               TX8_Debug_CPutString("D");
 0370 501A              mov A,>L46
 0372 08                push A
 0373 501A              mov A,<L46
 0375 5C                mov X,A
 0376 18                pop A
 0377 7C0000            xcall _TX8_Debug_CPutString
 037A 20                pop X
 037B                   .dbline 244
 037B           ;               if (override_counter > 0) override_counter--;
 037B 62D000            mov REG[0xd0],>_override_counter
 037E 3C0000            cmp [_override_counter],0
 0381 B010              jnz X16
 0383 3C0100            cmp [_override_counter+1],0
 0386 B00B              jnz X16
 0388 3C0200            cmp [_override_counter+2],0
 038B B006              jnz X16
 038D 3C0300            cmp [_override_counter+3],0
 0390 A012              jz L47
 0392           X16:
 0392                   .dbline 244
 0392 62D000            mov REG[0xd0],>_override_counter
 0395 160301            sub [_override_counter+3],1
 0398 1E0200            sbb [_override_counter+2],0
 039B 1E0100            sbb [_override_counter+1],0
 039E 1E0000            sbb [_override_counter],0
 03A1 800A              xjmp L48
 03A3           L47:
 03A3                   .dbline 245
 03A3           ;               else override = false;
 03A3 62D000            mov REG[0xd0],>_override
 03A6 550100            mov [_override+1],0
 03A9 550000            mov [_override],0
 03AC           L48:
 03AC                   .dbline 246
 03AC           ;               LED_Blue_Off();
 03AC 10                push X
 03AD 7C0000            xcall _LED_Blue_Off
 03B0 20                pop X
 03B1                   .dbline 247
 03B1           ;       }
 03B1           L23:
 03B1                   .dbline 181
 03B1 8E17              xjmp L22
 03B3           X6:
 03B3                   .dbline -2
 03B3           L21:
 03B3 38FF              add SP,-1
 03B5 20                pop X
 03B6                   .dbline 0 ; func end
 03B6 8FFF              jmp .
 03B8                   .dbsym l t 0 c
 03B8                   .dbend
 03B8                   .dbfunc e set_power _set_power fV
 03B8           ;            pwr -> X-5
 03B8           _set_power::
 03B8                   .dbline -1
 03B8 10                push X
 03B9 4F                mov X,SP
 03BA                   .dbline 251
 03BA           ; }
 03BA           ; 
 03BA           ; void set_power(unsigned int pwr)
 03BA           ; {
 03BA                   .dbline 252
 03BA           ;       if(pwr > POWER_MAX) pwr = POWER_MAX;
 03BA 50B0              mov A,-80
 03BC 13FC              sub A,[X-4]
 03BE 5036              mov A,54
 03C0 1BFB              sbb A,[X-5]
 03C2 D007              jnc L50
 03C4           X17:
 03C4                   .dbline 252
 03C4 56FCB0            mov [X-4],-80
 03C7 56FB36            mov [X-5],54
 03CA           L50:
 03CA                   .dbline 253
 03CA           ;       power_target = pwr;
 03CA 62D000            mov REG[0xd0],>_power_target
 03CD 52FC              mov A,[X-4]
 03CF 5301              mov [_power_target+1],A
 03D1 52FB              mov A,[X-5]
 03D3 5300              mov [_power_target],A
 03D5                   .dbline -2
 03D5           L49:
 03D5 20                pop X
 03D6                   .dbline 0 ; func end
 03D6 7F                ret
 03D7                   .dbsym l pwr -5 i
 03D7                   .dbend
 03D7                   .dbfunc e override_enable _override_enable fV
 03D7           _override_enable::
 03D7                   .dbline -1
 03D7                   .dbline 257
 03D7           ; }
 03D7           ; 
 03D7           ; void override_enable(void)
 03D7           ; {
 03D7                   .dbline 258
 03D7           ;       override = true;
 03D7 62D000            mov REG[0xd0],>_override
 03DA 550101            mov [_override+1],1
 03DD 550000            mov [_override],0
 03E0                   .dbline 259
 03E0           ;       override_counter = OVERRIDE_TIMEOUT;
 03E0 62D000            mov REG[0xd0],>_override_counter
 03E3 550000            mov [_override_counter],0
 03E6 550108            mov [_override_counter+1],8
 03E9 55023D            mov [_override_counter+2],61
 03EC 550360            mov [_override_counter+3],96
 03EF                   .dbline -2
 03EF           L52:
 03EF                   .dbline 0 ; func end
 03EF 7F                ret
 03F0                   .dbend
 03F0                   .dbfunc e update_power _update_power fV
 03F0           ;            pwr -> X+0
 03F0           _update_power::
 03F0                   .dbline -1
 03F0 10                push X
 03F1 4F                mov X,SP
 03F2 3802              add SP,2
 03F4                   .dbline 263
 03F4           ; }
 03F4           ; 
 03F4           ; void update_power(void)
 03F4           ; {
 03F4                   .dbline 266
 03F4           ;       unsigned int pwr;
 03F4           ;       
 03F4           ;       pwr = PWM16_CH0_wReadPulseWidth();
 03F4 10                push X
 03F5 7C0000            xcall _PWM16_CH0_wReadPulseWidth
 03F8 62D000            mov REG[0xd0],>__r0
 03FB 5A00              mov [__r0],X
 03FD 20                pop X
 03FE 5401              mov [X+1],A
 0400 5100              mov A,[__r0]
 0402 5400              mov [X+0],A
 0404                   .dbline 267
 0404           ;       if(pwr == power_target)
 0404 62D000            mov REG[0xd0],>_power_target
 0407 5200              mov A,[X+0]
 0409 3A00              cmp A,[_power_target]
 040B B012              jnz L54
 040D 5201              mov A,[X+1]
 040F 3A01              cmp A,[_power_target+1]
 0411 B00C              jnz L54
 0413           X18:
 0413                   .dbline 269
 0413           ;       {
 0413           ;               Counter16_PwrUpd_WritePeriod(POWER_UPDATE_VERY_SLOW);
 0413                   .dbline 269
 0413 10                push X
 0414 577D              mov X,125
 0416 5000              mov A,0
 0418 7C0000            xcall _Counter16_PwrUpd_WritePeriod
 041B 20                pop X
 041C                   .dbline 270
 041C           ;       }
 041C 803D              xjmp L55
 041E           L54:
 041E                   .dbline 272
 041E           ;       else 
 041E           ;       {               
 041E                   .dbline 273
 041E           ;               if(pwr < power_target) pwr += POWER_STEP;
 041E 62D000            mov REG[0xd0],>_power_target
 0421 5201              mov A,[X+1]
 0423 1201              sub A,[_power_target+1]
 0425 5200              mov A,[X+0]
 0427 1A00              sbb A,[_power_target]
 0429 D008              jnc L56
 042B           X19:
 042B                   .dbline 273
 042B 7701              inc [X+1]
 042D 0F0000            adc [X+0],0
 0430 8013              xjmp L57
 0432           L56:
 0432                   .dbline 274
 0432           ;               else if(pwr > power_target) pwr -= POWER_STEP;
 0432 62D000            mov REG[0xd0],>_power_target
 0435 5101              mov A,[_power_target+1]
 0437 1301              sub A,[X+1]
 0439 5100              mov A,[_power_target]
 043B 1B00              sbb A,[X+0]
 043D D006              jnc L58
 043F           X20:
 043F                   .dbline 274
 043F 7B01              dec [X+1]
 0441 1F0000            sbb [X+0],0
 0444           L58:
 0444           L57:
 0444                   .dbline 275
 0444           ;               PWM16_CH0_WritePulseWidth(pwr);
 0444 10                push X
 0445 5200              mov A,[X+0]
 0447 08                push A
 0448 5201              mov A,[X+1]
 044A 20                pop X
 044B 7C0000            xcall _PWM16_CH0_WritePulseWidth
 044E 20                pop X
 044F                   .dbline 276
 044F           ;               PWM16_CH1_WritePulseWidth(pwr);
 044F 10                push X
 0450 5200              mov A,[X+0]
 0452 08                push A
 0453 5201              mov A,[X+1]
 0455 20                pop X
 0456 7C0000            xcall _PWM16_CH1_WritePulseWidth
 0459 20                pop X
 045A                   .dbline 277
 045A           ;       }
 045A           L55:
 045A                   .dbline -2
 045A           L53:
 045A 38FE              add SP,-2
 045C 20                pop X
 045D                   .dbline 0 ; func end
 045D 7F                ret
 045E                   .dbsym l pwr 0 i
 045E                   .dbend
 045E                   .dbfunc e schedule_processing _schedule_processing fV
 045E           ;              i -> X+0
 045E           ;           hour -> X-4
 045E           _schedule_processing::
 045E                   .dbline -1
 045E 10                push X
 045F 4F                mov X,SP
 0460 3801              add SP,1
 0462                   .dbline 281
 0462           ; }
 0462           ; 
 0462           ; void schedule_processing(unsigned char hour)
 0462           ; {
 0462                   .dbline 283
 0462           ;     unsigned char i; 
 0462           ;     for(i = 0; i < sizeof(schedule); i++)
 0462 560000            mov [X+0],0
 0465 806F              xjmp L64
 0467           L61:
 0467                   .dbline 284
 0467           ;     {
 0467                   .dbline 285
 0467           ;         if(hour == schedule[i][0])
 0467 62D000            mov REG[0xd0],>__r0
 046A 5200              mov A,[X+0]
 046C 5300              mov [__r1],A
 046E 550000            mov [__r0],0
 0471 6500              asl [__r1]
 0473 6B00              rlc [__r0]
 0475 6500              asl [__r1]
 0477 6B00              rlc [__r0]
 0479 060012            add [__r1],<_schedule
 047C 0E0012            adc [__r0],>_schedule
 047F 5100              mov A,[__r0]
 0481 10                push X
 0482 5800              mov X,[__r1]
 0484 08                push A
 0485 28                romx
 0486 5300              mov [__r0],A
 0488 18                pop A
 0489 75                inc X
 048A 0900              adc A,0
 048C 28                romx
 048D 5300              mov [__r1],A
 048F 20                pop X
 0490 52FC              mov A,[X-4]
 0492 5300              mov [__r3],A
 0494 5000              mov A,0
 0496 3A00              cmp A,[__r0]
 0498 B03A              jnz L65
 049A 5100              mov A,[__r3]
 049C 3A00              cmp A,[__r1]
 049E B034              jnz L65
 04A0           X21:
 04A0                   .dbline 287
 04A0           ;         {
 04A0           ;             set_power(schedule[i][1]);
 04A0                   .dbline 287
 04A0 62D000            mov REG[0xd0],>__r0
 04A3 5200              mov A,[X+0]
 04A5 5300              mov [__r1],A
 04A7 550000            mov [__r0],0
 04AA 6500              asl [__r1]
 04AC 6B00              rlc [__r0]
 04AE 6500              asl [__r1]
 04B0 6B00              rlc [__r0]
 04B2 060014            add [__r1],<_schedule+2
 04B5 0E0014            adc [__r0],>_schedule+2
 04B8 5100              mov A,[__r0]
 04BA 10                push X
 04BB 5800              mov X,[__r1]
 04BD 08                push A
 04BE 28                romx
 04BF 5300              mov [__r0],A
 04C1 18                pop A
 04C2 75                inc X
 04C3 0900              adc A,0
 04C5 28                romx
 04C6 5300              mov [__r1],A
 04C8 20                pop X
 04C9 5100              mov A,[__r0]
 04CB 08                push A
 04CC 5100              mov A,[__r1]
 04CE 08                push A
 04CF 9EE7              xcall _set_power
 04D1 38FE              add SP,-2
 04D3                   .dbline 288
 04D3           ;         }
 04D3           L65:
 04D3                   .dbline 289
 04D3           ;     }
 04D3           L62:
 04D3                   .dbline 283
 04D3 7700              inc [X+0]
 04D5           L64:
 04D5                   .dbline 283
 04D5 3D0008            cmp [X+0],8
 04D8 CF8E              jc L61
 04DA           X22:
 04DA                   .dbline -2
 04DA           L60:
 04DA 38FF              add SP,-1
 04DC 20                pop X
 04DD                   .dbline 0 ; func end
 04DD 7F                ret
 04DE                   .dbsym l i 0 c
 04DE                   .dbsym l hour -4 c
 04DE                   .dbend
 04DE                   .dbfunc e schedule_init _schedule_init fV
 04DE           ;           hour -> X+0
 04DE           _schedule_init::
 04DE                   .dbline -1
 04DE 10                push X
 04DF 4F                mov X,SP
 04E0 3801              add SP,1
 04E2                   .dbline 293
 04E2           ; }
 04E2           ; 
 04E2           ; void schedule_init(void)
 04E2           ; {
 04E2                   .dbline 296
 04E2           ;     unsigned char hour;
 04E2           ;       
 04E2           ;       for(hour = 0; hour <= HOUR_MAX; hour++)
 04E2 560000            mov [X+0],0
 04E5 800A              xjmp L72
 04E7           L69:
 04E7                   .dbline 297
 04E7           ;     {
 04E7                   .dbline 298
 04E7           ;         schedule_processing(hour);
 04E7 5200              mov A,[X+0]
 04E9 08                push A
 04EA 9F72              xcall _schedule_processing
 04EC 38FF              add SP,-1
 04EE                   .dbline 299
 04EE           ;     }
 04EE           L70:
 04EE                   .dbline 296
 04EE 7700              inc [X+0]
 04F0           L72:
 04F0                   .dbline 296
 04F0 5017              mov A,23
 04F2 3B00              cmp A,[X+0]
 04F4 DFF2              jnc L69
 04F6           X23:
 04F6                   .dbline 300
 04F6           ;     for(hour = 0; hour <= bcd_to_byte(RTC_bReadHour()); hour++)
 04F6 560000            mov [X+0],0
 04F9 800A              xjmp L76
 04FB           L73:
 04FB                   .dbline 301
 04FB           ;     {
 04FB                   .dbline 302
 04FB           ;         schedule_processing(hour);
 04FB 5200              mov A,[X+0]
 04FD 08                push A
 04FE 9F5E              xcall _schedule_processing
 0500 38FF              add SP,-1
 0502                   .dbline 303
 0502           ;     }
 0502           L74:
 0502                   .dbline 300
 0502 7700              inc [X+0]
 0504           L76:
 0504                   .dbline 300
 0504 10                push X
 0505 7C0000            xcall _RTC_bReadHour
 0508 20                pop X
 0509 62D000            mov REG[0xd0],>__r0
 050C 08                push A
 050D 960D              xcall _bcd_to_byte
 050F 38FF              add SP,-1
 0511 62D000            mov REG[0xd0],>__r0
 0514 3B00              cmp A,[X+0]
 0516 DFE4              jnc L73
 0518           X24:
 0518                   .dbline -2
 0518           L68:
 0518 38FF              add SP,-1
 051A 20                pop X
 051B                   .dbline 0 ; func end
 051B 7F                ret
 051C                   .dbsym l hour 0 c
 051C                   .dbend
 051C                   .dbfunc e rtc_update _rtc_update fV
 051C           ;       datetime -> X-5
 051C           _rtc_update::
 051C                   .dbline -1
 051C 10                push X
 051D 4F                mov X,SP
 051E                   .dbline 307
 051E           ; }
 051E           ; 
 051E           ; void rtc_update(struct datetime *datetime)
 051E           ; {
 051E                   .dbline 308
 051E           ;       RTC_Stop();
 051E 10                push X
 051F 7C0000            xcall _RTC_Stop
 0522 20                pop X
 0523                   .dbline 309
 0523           ;       RTC_SetHour(byte_to_bcd(datetime->hour));
 0523 62D000            mov REG[0xd0],>__r0
 0526 52FC              mov A,[X-4]
 0528 0102              add A,2
 052A 5300              mov [__r1],A
 052C 52FB              mov A,[X-5]
 052E 0900              adc A,0
 0530 60D4              mov REG[0xd4],A
 0532 3E00              mvi A,[__r1]
 0534 08                push A
 0535 95AE              xcall _byte_to_bcd
 0537 38FF              add SP,-1
 0539 62D000            mov REG[0xd0],>__r0
 053C 10                push X
 053D 7C0000            xcall _RTC_SetHour
 0540 20                pop X
 0541                   .dbline 310
 0541           ;       RTC_SetMinute(byte_to_bcd(datetime->min));
 0541 62D000            mov REG[0xd0],>__r0
 0544 52FC              mov A,[X-4]
 0546 0101              add A,1
 0548 5300              mov [__r1],A
 054A 52FB              mov A,[X-5]
 054C 0900              adc A,0
 054E 60D4              mov REG[0xd4],A
 0550 3E00              mvi A,[__r1]
 0552 08                push A
 0553 9590              xcall _byte_to_bcd
 0555 38FF              add SP,-1
 0557 62D000            mov REG[0xd0],>__r0
 055A 10                push X
 055B 7C0000            xcall _RTC_SetMinute
 055E 20                pop X
 055F                   .dbline 311
 055F           ;       RTC_SetSecond(byte_to_bcd(datetime->sec));
 055F 62D000            mov REG[0xd0],>__r0
 0562 52FC              mov A,[X-4]
 0564 5300              mov [__r1],A
 0566 52FB              mov A,[X-5]
 0568 60D4              mov REG[0xd4],A
 056A 3E00              mvi A,[__r1]
 056C 08                push A
 056D 9576              xcall _byte_to_bcd
 056F 38FF              add SP,-1
 0571 62D000            mov REG[0xd0],>__r0
 0574 10                push X
 0575 7C0000            xcall _RTC_SetSecond
 0578                   .dbline 312
 0578           ;       RTC_Start();
 0578 7C0000            xcall _RTC_Start
 057B 20                pop X
 057C                   .dbline -2
 057C           L77:
 057C 20                pop X
 057D                   .dbline 0 ; func end
 057D 7F                ret
 057E                   .dbsym l datetime -5 pS[datetime]
 057E                   .dbend
 057E                   .dbfunc e check_fld _check_fld fI
 057E           ;            cmd -> X-5
 057E           _check_fld::
 057E                   .dbline -1
 057E 10                push X
 057F 4F                mov X,SP
 0580 3802              add SP,2
 0582                   .dbline 316
 0582           ; }
 0582           ; 
 0582           ; bool check_fld(const char *cmd)
 0582           ; {
 0582                   .dbline 317
 0582           ;     return !str_cmp_const(fld_buf, cmd, strlen(fld_buf) - 1);
 0582 5000              mov A,>_fld_buf
 0584 08                push A
 0585 5000              mov A,<_fld_buf
 0587 08                push A
 0588 7C0000            xcall _strlenLMM
 058B 62D000            mov REG[0xd0],>__r0
 058E 160001            sub [__r1],1
 0591 1E0000            sbb [__r0],0
 0594 5100              mov A,[__r1]
 0596 08                push A
 0597 52FB              mov A,[X-5]
 0599 08                push A
 059A 52FC              mov A,[X-4]
 059C 08                push A
 059D 5000              mov A,>_fld_buf
 059F 08                push A
 05A0 5000              mov A,<_fld_buf
 05A2 08                push A
 05A3 94EE              xcall _str_cmp_const
 05A5 38F9              add SP,-7
 05A7 62D000            mov REG[0xd0],>__r0
 05AA 3900              cmp A,0
 05AC B009              jnz L80
 05AE 560101            mov [X+1],1
 05B1 560000            mov [X+0],0
 05B4 8007              xjmp L81
 05B6           L80:
 05B6 560100            mov [X+1],0
 05B9 560000            mov [X+0],0
 05BC           L81:
 05BC 62D000            mov REG[0xd0],>__r0
 05BF 5201              mov A,[X+1]
 05C1 5300              mov [__r1],A
 05C3 5200              mov A,[X+0]
 05C5 5300              mov [__r0],A
 05C7                   .dbline -2
 05C7           L78:
 05C7 38FE              add SP,-2
 05C9 20                pop X
 05CA                   .dbline 0 ; func end
 05CA 7F                ret
 05CB                   .dbsym l cmd -5 pkc
 05CB                   .dbend
 05CB                   .dbfunc e NMEA_GetField _NMEA_GetField fV
 05CB           ;          count -> X+1
 05CB           ;              i -> X+0
 05CB           ;         result -> X-8
 05CB           ;          field -> X-6
 05CB           ;         packet -> X-5
 05CB           _NMEA_GetField::
 05CB                   .dbline -1
 05CB 10                push X
 05CC 4F                mov X,SP
 05CD 3806              add SP,6
 05CF                   .dbline 321
 05CF           ; }
 05CF           ; 
 05CF           ; void NMEA_GetField(char *packet, unsigned char field, char *result)
 05CF           ; {
 05CF                   .dbline 323
 05CF           ;     unsigned char i;
 05CF           ;     unsigned char count = 0;
 05CF 560100            mov [X+1],0
 05D2                   .dbline 326
 05D2           ;     
 05D2           ;     // Search field
 05D2           ;     for (i = 0; (i < NMEA_MAX_SIZE) & (count < field); i++)
 05D2 560000            mov [X+0],0
 05D5 803F              xjmp L86
 05D7           L83:
 05D7                   .dbline 327
 05D7           ;     {
 05D7                   .dbline 328
 05D7           ;         if (packet[i] == NMEA_FIELD_DELIMITER) count++;
 05D7 62D000            mov REG[0xd0],>__r0
 05DA 5200              mov A,[X+0]
 05DC 5300              mov [__r1],A
 05DE 550000            mov [__r0],0
 05E1 52FC              mov A,[X-4]
 05E3 0400              add [__r1],A
 05E5 52FB              mov A,[X-5]
 05E7 0C00              adc [__r0],A
 05E9 5100              mov A,[__r0]
 05EB 60D4              mov REG[0xd4],A
 05ED 3E00              mvi A,[__r1]
 05EF 392C              cmp A,44
 05F1 B003              jnz L89
 05F3                   .dbline 328
 05F3 7701              inc [X+1]
 05F5           L89:
 05F5                   .dbline 329
 05F5           ;               if (packet[i] == 0) break;
 05F5 62D000            mov REG[0xd0],>__r0
 05F8 5200              mov A,[X+0]
 05FA 5300              mov [__r1],A
 05FC 550000            mov [__r0],0
 05FF 52FC              mov A,[X-4]
 0601 0400              add [__r1],A
 0603 52FB              mov A,[X-5]
 0605 0C00              adc [__r0],A
 0607 5100              mov A,[__r0]
 0609 60D4              mov REG[0xd4],A
 060B 3E00              mvi A,[__r1]
 060D 3900              cmp A,0
 060F B003              jnz L91
 0611                   .dbline 329
 0611 8040              xjmp L85
 0613           L91:
 0613                   .dbline 330
 0613           ;     }
 0613           L84:
 0613                   .dbline 326
 0613 7700              inc [X+0]
 0615           L86:
 0615                   .dbline 326
 0615 3D0052            cmp [X+0],82
 0618 D009              jnc L93
 061A           X25:
 061A 560301            mov [X+3],1
 061D 560200            mov [X+2],0
 0620 8007              xjmp L94
 0622           L93:
 0622 560300            mov [X+3],0
 0625 560200            mov [X+2],0
 0628           L94:
 0628 5201              mov A,[X+1]
 062A 3BFA              cmp A,[X-6]
 062C D009              jnc L95
 062E           X26:
 062E 560501            mov [X+5],1
 0631 560400            mov [X+4],0
 0634 8007              xjmp L96
 0636           L95:
 0636 560500            mov [X+5],0
 0639 560400            mov [X+4],0
 063C           L96:
 063C 62D000            mov REG[0xd0],>__r0
 063F 5203              mov A,[X+3]
 0641 2305              and A,[X+5]
 0643 5300              mov [__r1],A
 0645 5202              mov A,[X+2]
 0647 2304              and A,[X+4]
 0649 3900              cmp A,0
 064B BF8B              jnz L83
 064D 3C0000            cmp [__r1],0
 0650 BF86              jnz L83
 0652           X27:
 0652           L85:
 0652                   .dbline 333
 0652           ;     
 0652           ;     // Measure field size
 0652           ;     for (count = 0; count < NMEA_MAX_SIZE; count++)
 0652 560100            mov [X+1],0
 0655 8057              xjmp L100
 0657           L97:
 0657                   .dbline 334
 0657           ;     {
 0657                   .dbline 335
 0657           ;         if (packet[i + count] == NMEA_FIELD_DELIMITER) break;
 0657 62D000            mov REG[0xd0],>__r0
 065A 5201              mov A,[X+1]
 065C 5300              mov [__r1],A
 065E 550000            mov [__r0],0
 0661 5200              mov A,[X+0]
 0663 0200              add A,[__r1]
 0665 5300              mov [__r1],A
 0667 5000              mov A,0
 0669 0A00              adc A,[__r0]
 066B 5300              mov [__r0],A
 066D 52FC              mov A,[X-4]
 066F 0400              add [__r1],A
 0671 52FB              mov A,[X-5]
 0673 0C00              adc [__r0],A
 0675 5100              mov A,[__r0]
 0677 60D4              mov REG[0xd4],A
 0679 3E00              mvi A,[__r1]
 067B 392C              cmp A,44
 067D B003              jnz L101
 067F                   .dbline 335
 067F 8032              xjmp L99
 0681           L101:
 0681                   .dbline 336
 0681           ;         if (packet[i + count] == 0u) break;
 0681 62D000            mov REG[0xd0],>__r0
 0684 5201              mov A,[X+1]
 0686 5300              mov [__r1],A
 0688 550000            mov [__r0],0
 068B 5200              mov A,[X+0]
 068D 0200              add A,[__r1]
 068F 5300              mov [__r1],A
 0691 5000              mov A,0
 0693 0A00              adc A,[__r0]
 0695 5300              mov [__r0],A
 0697 52FC              mov A,[X-4]
 0699 0400              add [__r1],A
 069B 52FB              mov A,[X-5]
 069D 0C00              adc [__r0],A
 069F 5100              mov A,[__r0]
 06A1 60D4              mov REG[0xd4],A
 06A3 3E00              mvi A,[__r1]
 06A5 3900              cmp A,0
 06A7 B003              jnz L103
 06A9                   .dbline 336
 06A9 8008              xjmp L99
 06AB           L103:
 06AB                   .dbline 337
 06AB           ;     }
 06AB           L98:
 06AB                   .dbline 333
 06AB 7701              inc [X+1]
 06AD           L100:
 06AD                   .dbline 333
 06AD 3D0152            cmp [X+1],82
 06B0 CFA6              jc L97
 06B2           X28:
 06B2           L99:
 06B2                   .dbline 338
 06B2           ;     strncpy(result, packet + i, count + 1);  // Add 1 to count for null terminator
 06B2 62D000            mov REG[0xd0],>__r0
 06B5 5201              mov A,[X+1]
 06B7 5300              mov [__r1],A
 06B9 550000            mov [__r0],0
 06BC 060001            add [__r1],1
 06BF 0E0000            adc [__r0],0
 06C2 5100              mov A,[__r0]
 06C4 08                push A
 06C5 5100              mov A,[__r1]
 06C7 08                push A
 06C8 5200              mov A,[X+0]
 06CA 5300              mov [__r1],A
 06CC 550000            mov [__r0],0
 06CF 52FC              mov A,[X-4]
 06D1 0400              add [__r1],A
 06D3 52FB              mov A,[X-5]
 06D5 0C00              adc [__r0],A
 06D7 5100              mov A,[__r0]
 06D9 08                push A
 06DA 5100              mov A,[__r1]
 06DC 08                push A
 06DD 52F8              mov A,[X-8]
 06DF 08                push A
 06E0 52F9              mov A,[X-7]
 06E2 08                push A
 06E3 7C0000            xcall _strncpy
 06E6 38FA              add SP,-6
 06E8                   .dbline 339
 06E8           ;       result[count] = 0u;     // Add null terminator
 06E8 62D000            mov REG[0xd0],>__r0
 06EB 5201              mov A,[X+1]
 06ED 5300              mov [__r1],A
 06EF 550000            mov [__r0],0
 06F2 52F9              mov A,[X-7]
 06F4 0400              add [__r1],A
 06F6 52F8              mov A,[X-8]
 06F8 0C00              adc [__r0],A
 06FA 5100              mov A,[__r0]
 06FC 60D5              mov REG[0xd5],A
 06FE 5000              mov A,0
 0700 3F00              mvi [__r1],A
 0702                   .dbline -2
 0702           L82:
 0702 38FA              add SP,-6
 0704 20                pop X
 0705                   .dbline 0 ; func end
 0705 7F                ret
 0706                   .dbsym l count 1 c
 0706                   .dbsym l i 0 c
 0706                   .dbsym l result -8 pc
 0706                   .dbsym l field -6 c
 0706                   .dbsym l packet -5 pc
 0706                   .dbend
 0706                   .dbfunc e NMEA_handle_packet _NMEA_handle_packet fI
 0706           ;              n -> X+2
 0706           ;          error -> X+1
 0706           ;              i -> X+0
 0706           ;      NMEA_data -> X-7
 0706           ;         packet -> X-5
 0706           _NMEA_handle_packet::
 0706                   .dbline -1
 0706 10                push X
 0707 4F                mov X,SP
 0708 3809              add SP,9
 070A                   .dbline 343
 070A           ; }
 070A           ; 
 070A           ; bool NMEA_handle_packet(char *packet, char *NMEA_data)
 070A           ; {
 070A                   .dbline 345
 070A           ;     unsigned char i, n;
 070A           ;     unsigned char error = 0;
 070A 560100            mov [X+1],0
 070D                   .dbline 348
 070D           ;               
 070D           ;     // Check if appropriate packet is handled
 070D           ;       if (str_cmp(packet, NMEA_data, NMEA_HEADER_SIZE) == 0u)
 070D 5003              mov A,3
 070F 08                push A
 0710 52F9              mov A,[X-7]
 0712 08                push A
 0713 52FA              mov A,[X-6]
 0715 08                push A
 0716 52FB              mov A,[X-5]
 0718 08                push A
 0719 52FC              mov A,[X-4]
 071B 08                push A
 071C 9324              xcall _str_cmp
 071E 38FB              add SP,-5
 0720 62D000            mov REG[0xd0],>__r0
 0723 3900              cmp A,0
 0725 B0E9              jnz L106
 0727                   .dbline 351
 0727           ;     {
 0727           ;               // Check for receive errors
 0727           ;         for(i = 0; i < NMEA_MAX_SIZE; i++)
 0727                   .dbline 351
 0727 560000            mov [X+0],0
 072A 80C1              xjmp L111
 072C           L108:
 072C                   .dbline 352
 072C           ;         {
 072C                   .dbline 353
 072C           ;             if ((packet[i] < 32) & (packet[i] != 0x0D) & (packet[i] != NMEA_END_DELIMITER)) 
 072C 62D000            mov REG[0xd0],>__r0
 072F 5200              mov A,[X+0]
 0731 5300              mov [__r1],A
 0733 550000            mov [__r0],0
 0736 52FC              mov A,[X-4]
 0738 0400              add [__r1],A
 073A 52FB              mov A,[X-5]
 073C 0C00              adc [__r0],A
 073E 5100              mov A,[__r0]
 0740 60D4              mov REG[0xd4],A
 0742 3E00              mvi A,[__r1]
 0744 3920              cmp A,32
 0746 D009              jnc L117
 0748           X29:
 0748 560401            mov [X+4],1
 074B 560300            mov [X+3],0
 074E 8007              xjmp L118
 0750           L117:
 0750 560400            mov [X+4],0
 0753 560300            mov [X+3],0
 0756           L118:
 0756 62D000            mov REG[0xd0],>__r0
 0759 5200              mov A,[X+0]
 075B 5300              mov [__r1],A
 075D 550000            mov [__r0],0
 0760 52FC              mov A,[X-4]
 0762 0400              add [__r1],A
 0764 52FB              mov A,[X-5]
 0766 0C00              adc [__r0],A
 0768 5100              mov A,[__r0]
 076A 60D4              mov REG[0xd4],A
 076C 3E00              mvi A,[__r1]
 076E 390D              cmp A,13
 0770 A009              jz L119
 0772 560601            mov [X+6],1
 0775 560500            mov [X+5],0
 0778 8007              xjmp L120
 077A           L119:
 077A 560600            mov [X+6],0
 077D 560500            mov [X+5],0
 0780           L120:
 0780 62D000            mov REG[0xd0],>__r0
 0783 5200              mov A,[X+0]
 0785 5300              mov [__r1],A
 0787 550000            mov [__r0],0
 078A 52FC              mov A,[X-4]
 078C 0400              add [__r1],A
 078E 52FB              mov A,[X-5]
 0790 0C00              adc [__r0],A
 0792 5100              mov A,[__r0]
 0794 60D4              mov REG[0xd4],A
 0796 3E00              mvi A,[__r1]
 0798 390A              cmp A,10
 079A A009              jz L121
 079C 560801            mov [X+8],1
 079F 560700            mov [X+7],0
 07A2 8007              xjmp L122
 07A4           L121:
 07A4 560800            mov [X+8],0
 07A7 560700            mov [X+7],0
 07AA           L122:
 07AA 62D000            mov REG[0xd0],>__r0
 07AD 5204              mov A,[X+4]
 07AF 2306              and A,[X+6]
 07B1 5300              mov [__r1],A
 07B3 5203              mov A,[X+3]
 07B5 2305              and A,[X+5]
 07B7 5300              mov [__r0],A
 07B9 5208              mov A,[X+8]
 07BB 2400              and [__r1],A
 07BD 5207              mov A,[X+7]
 07BF 2400              and [__r0],A
 07C1 B006              jnz X30
 07C3 3C0000            cmp [__r1],0
 07C6 A005              jz L112
 07C8           X30:
 07C8                   .dbline 355
 07C8           ;             {
 07C8           ;                 error++;
 07C8                   .dbline 355
 07C8 7701              inc [X+1]
 07CA                   .dbline 356
 07CA           ;                 break;
 07CA 8026              xjmp L110
 07CC           L112:
 07CC                   .dbline 358
 07CC           ;             }
 07CC           ;             if (packet[i] != NMEA_END_DELIMITER) break;
 07CC 62D000            mov REG[0xd0],>__r0
 07CF 5200              mov A,[X+0]
 07D1 5300              mov [__r1],A
 07D3 550000            mov [__r0],0
 07D6 52FC              mov A,[X-4]
 07D8 0400              add [__r1],A
 07DA 52FB              mov A,[X-5]
 07DC 0C00              adc [__r0],A
 07DE 5100              mov A,[__r0]
 07E0 60D4              mov REG[0xd4],A
 07E2 3E00              mvi A,[__r1]
 07E4 390A              cmp A,10
 07E6 A003              jz L123
 07E8                   .dbline 358
 07E8 8008              xjmp L110
 07EA           L123:
 07EA                   .dbline 359
 07EA           ;         }
 07EA           L109:
 07EA                   .dbline 351
 07EA 7700              inc [X+0]
 07EC           L111:
 07EC                   .dbline 351
 07EC 3D0052            cmp [X+0],82
 07EF CF3C              jc L108
 07F1           X31:
 07F1           L110:
 07F1                   .dbline 362
 07F1           ;               
 07F1           ;         // Copy buffer to NMEA packet if no errors found
 07F1           ;         if (!error) strncpy(NMEA_data, packet, NMEA_MAX_SIZE); 
 07F1 3D0100            cmp [X+1],0
 07F4 B01C              jnz L107
 07F6                   .dbline 362
 07F6 5000              mov A,0
 07F8 08                push A
 07F9 5052              mov A,82
 07FB 08                push A
 07FC 52FB              mov A,[X-5]
 07FE 08                push A
 07FF 52FC              mov A,[X-4]
 0801 08                push A
 0802 52F9              mov A,[X-7]
 0804 08                push A
 0805 52FA              mov A,[X-6]
 0807 08                push A
 0808 7C0000            xcall _strncpy
 080B 38FA              add SP,-6
 080D                   .dbline 363
 080D           ;     }
 080D 8003              xjmp L107
 080F           L106:
 080F                   .dbline 364
 080F           ;       else error++;
 080F 7701              inc [X+1]
 0811           L107:
 0811                   .dbline 366
 0811           ;       
 0811           ;       if(error) return false;
 0811 3D0100            cmp [X+1],0
 0814 A00C              jz L127
 0816                   .dbline 366
 0816 62D000            mov REG[0xd0],>__r0
 0819 550000            mov [__r1],0
 081C 550000            mov [__r0],0
 081F 800A              xjmp L105
 0821           L127:
 0821                   .dbline 367
 0821           ;       else return true;       
 0821 62D000            mov REG[0xd0],>__r0
 0824 550001            mov [__r1],1
 0827 550000            mov [__r0],0
 082A                   .dbline -2
 082A           L105:
 082A 38F7              add SP,-9
 082C 20                pop X
 082D                   .dbline 0 ; func end
 082D 7F                ret
 082E                   .dbsym l n 2 c
 082E                   .dbsym l error 1 c
 082E                   .dbsym l i 0 c
 082E                   .dbsym l NMEA_data -7 pc
 082E                   .dbsym l packet -5 pc
 082E                   .dbend
 082E                   .dbfunc e NMEA_GetTimeUTC _NMEA_GetTimeUTC fV
 082E           ;          field -> X+82
 082E           ;            buf -> X+0
 082E           ;   gps_datetime -> X-7
 082E           ;          gprmc -> X-5
 082E           _NMEA_GetTimeUTC::
 082E                   .dbline -1
 082E 10                push X
 082F 4F                mov X,SP
 0830 38A4              add SP,-92
 0832                   .dbline 371
 0832           ; }
 0832           ; 
 0832           ; void NMEA_GetTimeUTC(char *gprmc, struct datetime *gps_datetime)
 0832           ; {
 0832                   .dbline 383
 0832           ;       #define POS_SIZE        2
 0832           ;       #define POS_HOUR        0
 0832           ;       #define POS_MIN         2
 0832           ;       #define POS_SEC         4       
 0832           ;       #define POS_DAY         0
 0832           ;       #define POS_MON         2
 0832           ;       #define POS_YEAR        4
 0832           ;       
 0832           ;       char field[NMEA_MAX_SIZE];
 0832           ;       char buf[NMEA_MAX_SIZE];
 0832           ;       
 0832           ;       NMEA_GetField(gprmc, NMEA_GPRMC_UTC, field);
 0832 62D000            mov REG[0xd0],>__r0
 0835 5A00              mov [__r1],X
 0837 060052            add [__r1],82
 083A 5003              mov A,3
 083C 08                push A
 083D 5100              mov A,[__r1]
 083F 08                push A
 0840 5001              mov A,1
 0842 08                push A
 0843 52FB              mov A,[X-5]
 0845 08                push A
 0846 52FC              mov A,[X-4]
 0848 08                push A
 0849 9D80              xcall _NMEA_GetField
 084B 38FB              add SP,-5
 084D                   .dbline 384
 084D           ;       if (field[0] != 0)
 084D 3D5200            cmp [X+82],0
 0850 A0D0              jz L130
 0852                   .dbline 387
 0852           ;       {
 0852           ;               // Hour
 0852           ;               strncpy(buf, field + POS_HOUR, POS_SIZE);
 0852                   .dbline 387
 0852 5000              mov A,0
 0854 08                push A
 0855 5002              mov A,2
 0857 08                push A
 0858 62D000            mov REG[0xd0],>__r0
 085B 5A00              mov [__r1],X
 085D 060052            add [__r1],82
 0860 5003              mov A,3
 0862 08                push A
 0863 5100              mov A,[__r1]
 0865 08                push A
 0866 5003              mov A,3
 0868 08                push A
 0869 10                push X
 086A 7C0000            xcall _strncpy
 086D                   .dbline 388
 086D           ;               buf[POS_SIZE] = 0;      // Add null terminator
 086D 560200            mov [X+2],0
 0870                   .dbline 389
 0870           ;               gps_datetime->hour = atoi(buf);
 0870 62D000            mov REG[0xd0],>__r0
 0873 5003              mov A,3
 0875 08                push A
 0876 10                push X
 0877 7C0000            xcall _atoi
 087A 38F8              add SP,-8
 087C 62D000            mov REG[0xd0],>__r0
 087F 5100              mov A,[__r1]
 0881 5300              mov [__r0],A
 0883 52FA              mov A,[X-6]
 0885 0102              add A,2
 0887 5300              mov [__r3],A
 0889 52F9              mov A,[X-7]
 088B 0900              adc A,0
 088D 60D5              mov REG[0xd5],A
 088F 5100              mov A,[__r0]
 0891 3F00              mvi [__r3],A
 0893                   .dbline 392
 0893           ;               
 0893           ;               // Minutes
 0893           ;               strncpy(buf, field + POS_MIN, POS_SIZE);
 0893 5000              mov A,0
 0895 08                push A
 0896 5002              mov A,2
 0898 08                push A
 0899 5A00              mov [__r1],X
 089B 060054            add [__r1],84
 089E 5003              mov A,3
 08A0 08                push A
 08A1 5100              mov A,[__r1]
 08A3 08                push A
 08A4 5003              mov A,3
 08A6 08                push A
 08A7 10                push X
 08A8 7C0000            xcall _strncpy
 08AB                   .dbline 393
 08AB           ;               buf[POS_SIZE] = 0;      // Add null terminator
 08AB 560200            mov [X+2],0
 08AE                   .dbline 394
 08AE           ;               gps_datetime->min = atoi(buf);
 08AE 62D000            mov REG[0xd0],>__r0
 08B1 5003              mov A,3
 08B3 08                push A
 08B4 10                push X
 08B5 7C0000            xcall _atoi
 08B8 38F8              add SP,-8
 08BA 62D000            mov REG[0xd0],>__r0
 08BD 5100              mov A,[__r1]
 08BF 5300              mov [__r0],A
 08C1 52FA              mov A,[X-6]
 08C3 0101              add A,1
 08C5 5300              mov [__r3],A
 08C7 52F9              mov A,[X-7]
 08C9 0900              adc A,0
 08CB 60D5              mov REG[0xd5],A
 08CD 5100              mov A,[__r0]
 08CF 3F00              mvi [__r3],A
 08D1                   .dbline 397
 08D1           ;               
 08D1           ;               // Seconds
 08D1           ;               strncpy(buf, field + POS_SEC, POS_SIZE);
 08D1 5000              mov A,0
 08D3 08                push A
 08D4 5002              mov A,2
 08D6 08                push A
 08D7 5A00              mov [__r1],X
 08D9 060056            add [__r1],86
 08DC 5003              mov A,3
 08DE 08                push A
 08DF 5100              mov A,[__r1]
 08E1 08                push A
 08E2 5003              mov A,3
 08E4 08                push A
 08E5 10                push X
 08E6 7C0000            xcall _strncpy
 08E9                   .dbline 398
 08E9           ;               buf[POS_SIZE] = 0;      // Add null terminator
 08E9 560200            mov [X+2],0
 08EC                   .dbline 399
 08EC           ;               gps_datetime->sec = atoi(buf);
 08EC 62D000            mov REG[0xd0],>__r0
 08EF 5003              mov A,3
 08F1 08                push A
 08F2 10                push X
 08F3 7C0000            xcall _atoi
 08F6 38F8              add SP,-8
 08F8 62D000            mov REG[0xd0],>__r0
 08FB 5100              mov A,[__r1]
 08FD 5300              mov [__r0],A
 08FF 52FA              mov A,[X-6]
 0901 5300              mov [__r3],A
 0903 52F9              mov A,[X-7]
 0905 60D5              mov REG[0xd5],A
 0907 5100              mov A,[__r0]
 0909 3F00              mvi [__r3],A
 090B                   .dbline 401
 090B           ;               
 090B           ;               gps_datetime->valid = true;
 090B 52FA              mov A,[X-6]
 090D 0106              add A,6
 090F 5300              mov [__r1],A
 0911 52F9              mov A,[X-7]
 0913 0900              adc A,0
 0915 60D5              mov REG[0xd5],A
 0917 5000              mov A,0
 0919 3F00              mvi [__r1],A
 091B 5001              mov A,1
 091D 3F00              mvi [__r1],A
 091F                   .dbline 402
 091F           ;       }
 091F 8016              xjmp L131
 0921           L130:
 0921                   .dbline 403
 0921           ;       else gps_datetime->valid = false;
 0921 62D000            mov REG[0xd0],>__r0
 0924 52FA              mov A,[X-6]
 0926 0106              add A,6
 0928 5300              mov [__r1],A
 092A 52F9              mov A,[X-7]
 092C 0900              adc A,0
 092E 60D5              mov REG[0xd5],A
 0930 5000              mov A,0
 0932 3F00              mvi [__r1],A
 0934 3F00              mvi [__r1],A
 0936           L131:
 0936                   .dbline 405
 0936           ;       
 0936           ;       NMEA_GetField(gprmc, NMEA_GPRMC_DATE, field);
 0936 62D000            mov REG[0xd0],>__r0
 0939 5A00              mov [__r1],X
 093B 060052            add [__r1],82
 093E 5003              mov A,3
 0940 08                push A
 0941 5100              mov A,[__r1]
 0943 08                push A
 0944 5007              mov A,7
 0946 08                push A
 0947 52FB              mov A,[X-5]
 0949 08                push A
 094A 52FC              mov A,[X-4]
 094C 08                push A
 094D 9C7C              xcall _NMEA_GetField
 094F 38FB              add SP,-5
 0951                   .dbline 406
 0951           ;       if (field[0] != 0)
 0951 3D5200            cmp [X+82],0
 0954 A0D4              jz L137
 0956                   .dbline 409
 0956           ;       {
 0956           ;               // Day
 0956           ;               strncpy(buf, field + POS_DAY, POS_SIZE);
 0956                   .dbline 409
 0956 5000              mov A,0
 0958 08                push A
 0959 5002              mov A,2
 095B 08                push A
 095C 62D000            mov REG[0xd0],>__r0
 095F 5A00              mov [__r1],X
 0961 060052            add [__r1],82
 0964 5003              mov A,3
 0966 08                push A
 0967 5100              mov A,[__r1]
 0969 08                push A
 096A 5003              mov A,3
 096C 08                push A
 096D 10                push X
 096E 7C0000            xcall _strncpy
 0971                   .dbline 410
 0971           ;               buf[POS_SIZE] = 0;      // Add null terminator
 0971 560200            mov [X+2],0
 0974                   .dbline 411
 0974           ;               gps_datetime->day = atoi(buf);
 0974 62D000            mov REG[0xd0],>__r0
 0977 5003              mov A,3
 0979 08                push A
 097A 10                push X
 097B 7C0000            xcall _atoi
 097E 38F8              add SP,-8
 0980 62D000            mov REG[0xd0],>__r0
 0983 5100              mov A,[__r1]
 0985 5300              mov [__r0],A
 0987 52FA              mov A,[X-6]
 0989 0103              add A,3
 098B 5300              mov [__r3],A
 098D 52F9              mov A,[X-7]
 098F 0900              adc A,0
 0991 60D5              mov REG[0xd5],A
 0993 5100              mov A,[__r0]
 0995 3F00              mvi [__r3],A
 0997                   .dbline 414
 0997           ;               
 0997           ;               // Month
 0997           ;               strncpy(buf, field + POS_MON, POS_SIZE);
 0997 5000              mov A,0
 0999 08                push A
 099A 5002              mov A,2
 099C 08                push A
 099D 5A00              mov [__r1],X
 099F 060054            add [__r1],84
 09A2 5003              mov A,3
 09A4 08                push A
 09A5 5100              mov A,[__r1]
 09A7 08                push A
 09A8 5003              mov A,3
 09AA 08                push A
 09AB 10                push X
 09AC 7C0000            xcall _strncpy
 09AF                   .dbline 415
 09AF           ;               buf[POS_SIZE] = 0;      // Add null terminator
 09AF 560200            mov [X+2],0
 09B2                   .dbline 416
 09B2           ;               gps_datetime->month = atoi(buf);
 09B2 62D000            mov REG[0xd0],>__r0
 09B5 5003              mov A,3
 09B7 08                push A
 09B8 10                push X
 09B9 7C0000            xcall _atoi
 09BC 38F8              add SP,-8
 09BE 62D000            mov REG[0xd0],>__r0
 09C1 5100              mov A,[__r1]
 09C3 5300              mov [__r0],A
 09C5 52FA              mov A,[X-6]
 09C7 0104              add A,4
 09C9 5300              mov [__r3],A
 09CB 52F9              mov A,[X-7]
 09CD 0900              adc A,0
 09CF 60D5              mov REG[0xd5],A
 09D1 5100              mov A,[__r0]
 09D3 3F00              mvi [__r3],A
 09D5                   .dbline 419
 09D5           ;               
 09D5           ;               // Year
 09D5           ;               strncpy(buf, field + POS_YEAR, POS_SIZE);
 09D5 5000              mov A,0
 09D7 08                push A
 09D8 5002              mov A,2
 09DA 08                push A
 09DB 5A00              mov [__r1],X
 09DD 060056            add [__r1],86
 09E0 5003              mov A,3
 09E2 08                push A
 09E3 5100              mov A,[__r1]
 09E5 08                push A
 09E6 5003              mov A,3
 09E8 08                push A
 09E9 10                push X
 09EA 7C0000            xcall _strncpy
 09ED                   .dbline 420
 09ED           ;               buf[POS_SIZE] = 0;      // Add null terminator
 09ED 560200            mov [X+2],0
 09F0                   .dbline 421
 09F0           ;               gps_datetime->year = atoi(buf);
 09F0 62D000            mov REG[0xd0],>__r0
 09F3 5003              mov A,3
 09F5 08                push A
 09F6 10                push X
 09F7 7C0000            xcall _atoi
 09FA 38F8              add SP,-8
 09FC 62D000            mov REG[0xd0],>__r0
 09FF 5100              mov A,[__r1]
 0A01 5300              mov [__r0],A
 0A03 52FA              mov A,[X-6]
 0A05 0105              add A,5
 0A07 5300              mov [__r3],A
 0A09 52F9              mov A,[X-7]
 0A0B 0900              adc A,0
 0A0D 60D5              mov REG[0xd5],A
 0A0F 5100              mov A,[__r0]
 0A11 3F00              mvi [__r3],A
 0A13                   .dbline 423
 0A13           ;               
 0A13           ;               gps_datetime->valid = true;
 0A13 52FA              mov A,[X-6]
 0A15 0106              add A,6
 0A17 5300              mov [__r1],A
 0A19 52F9              mov A,[X-7]
 0A1B 0900              adc A,0
 0A1D 60D5              mov REG[0xd5],A
 0A1F 5000              mov A,0
 0A21 3F00              mvi [__r1],A
 0A23 5001              mov A,1
 0A25 3F00              mvi [__r1],A
 0A27                   .dbline 424
 0A27           ;       }
 0A27 8016              xjmp L138
 0A29           L137:
 0A29                   .dbline 425
 0A29           ;       else gps_datetime->valid = false;
 0A29 62D000            mov REG[0xd0],>__r0
 0A2C 52FA              mov A,[X-6]
 0A2E 0106              add A,6
 0A30 5300              mov [__r1],A
 0A32 52F9              mov A,[X-7]
 0A34 0900              adc A,0
 0A36 60D5              mov REG[0xd5],A
 0A38 5000              mov A,0
 0A3A 3F00              mvi [__r1],A
 0A3C 3F00              mvi [__r1],A
 0A3E           L138:
 0A3E                   .dbline -2
 0A3E           L129:
 0A3E 385C              add SP,-164
 0A40 20                pop X
 0A41                   .dbline 0 ; func end
 0A41 7F                ret
 0A42                   .dbsym l field 82 A[82:82]c
 0A42                   .dbsym l buf 0 A[82:82]c
 0A42                   .dbsym l gps_datetime -7 pS[datetime]
 0A42                   .dbsym l gprmc -5 pc
 0A42                   .dbend
 0A42                   .dbfunc e str_cmp _str_cmp fc
 0A42           ;              i -> X+0
 0A42           ;           stop -> X-8
 0A42           ;           str2 -> X-7
 0A42           ;           str1 -> X-5
 0A42           _str_cmp::
 0A42                   .dbline -1
 0A42 10                push X
 0A43 4F                mov X,SP
 0A44 3801              add SP,1
 0A46                   .dbline 429
 0A46           ; }
 0A46           ; 
 0A46           ; unsigned char str_cmp(char *str1, char *str2, unsigned char stop)
 0A46           ; {
 0A46                   .dbline 431
 0A46           ;     unsigned char i;
 0A46           ;     for(i = 0u; i <= stop; i++)
 0A46 560000            mov [X+0],0
 0A49 803A              xjmp L148
 0A4B           L145:
 0A4B                   .dbline 432
 0A4B           ;     {
 0A4B                   .dbline 433
 0A4B           ;         if (str1[i] != str2[i]) return 1u;
 0A4B 62D000            mov REG[0xd0],>__r0
 0A4E 5200              mov A,[X+0]
 0A50 5300              mov [__r1],A
 0A52 550000            mov [__r0],0
 0A55 52FA              mov A,[X-6]
 0A57 0400              add [__r1],A
 0A59 52F9              mov A,[X-7]
 0A5B 0C00              adc [__r0],A
 0A5D 5100              mov A,[__r0]
 0A5F 60D4              mov REG[0xd4],A
 0A61 3E00              mvi A,[__r1]
 0A63 5300              mov [__r0],A
 0A65 5200              mov A,[X+0]
 0A67 5300              mov [__r3],A
 0A69 550000            mov [__r2],0
 0A6C 52FC              mov A,[X-4]
 0A6E 0400              add [__r3],A
 0A70 52FB              mov A,[X-5]
 0A72 0C00              adc [__r2],A
 0A74 5100              mov A,[__r2]
 0A76 60D4              mov REG[0xd4],A
 0A78 3E00              mvi A,[__r3]
 0A7A 3A00              cmp A,[__r0]
 0A7C A005              jz L149
 0A7E                   .dbline 433
 0A7E 5001              mov A,1
 0A80 800E              xjmp L144
 0A82           L149:
 0A82                   .dbline 434
 0A82           ;     }
 0A82           L146:
 0A82                   .dbline 431
 0A82 7700              inc [X+0]
 0A84           L148:
 0A84                   .dbline 431
 0A84 52F8              mov A,[X-8]
 0A86 3B00              cmp A,[X+0]
 0A88 DFC2              jnc L145
 0A8A           X32:
 0A8A                   .dbline 435
 0A8A           ;     return 0u;
 0A8A 62D000            mov REG[0xd0],>__r0
 0A8D 5000              mov A,0
 0A8F                   .dbline -2
 0A8F           L144:
 0A8F 38FF              add SP,-1
 0A91 20                pop X
 0A92                   .dbline 0 ; func end
 0A92 7F                ret
 0A93                   .dbsym l i 0 c
 0A93                   .dbsym l stop -8 c
 0A93                   .dbsym l str2 -7 pc
 0A93                   .dbsym l str1 -5 pc
 0A93                   .dbend
 0A93                   .dbfunc e str_cmp_const _str_cmp_const fc
 0A93           ;              i -> X+0
 0A93           ;           stop -> X-8
 0A93           ;           str2 -> X-7
 0A93           ;           str1 -> X-5
 0A93           _str_cmp_const::
 0A93                   .dbline -1
 0A93 10                push X
 0A94 4F                mov X,SP
 0A95 3801              add SP,1
 0A97                   .dbline 439
 0A97           ; }
 0A97           ; 
 0A97           ; unsigned char str_cmp_const(char *str1, const char *str2, unsigned char stop)
 0A97           ; {
 0A97                   .dbline 441
 0A97           ;     unsigned char i;
 0A97           ;     for(i = 0u; i <= stop; i++)
 0A97 560000            mov [X+0],0
 0A9A 803B              xjmp L155
 0A9C           L152:
 0A9C                   .dbline 442
 0A9C           ;     {
 0A9C                   .dbline 443
 0A9C           ;         if (str1[i] != str2[i]) return 1u;
 0A9C 62D000            mov REG[0xd0],>__r0
 0A9F 5200              mov A,[X+0]
 0AA1 5300              mov [__r1],A
 0AA3 550000            mov [__r0],0
 0AA6 52FA              mov A,[X-6]
 0AA8 0400              add [__r1],A
 0AAA 52F9              mov A,[X-7]
 0AAC 0C00              adc [__r0],A
 0AAE 5100              mov A,[__r0]
 0AB0 10                push X
 0AB1 5800              mov X,[__r1]
 0AB3 28                romx
 0AB4 20                pop X
 0AB5 5300              mov [__r0],A
 0AB7 5200              mov A,[X+0]
 0AB9 5300              mov [__r3],A
 0ABB 550000            mov [__r2],0
 0ABE 52FC              mov A,[X-4]
 0AC0 0400              add [__r3],A
 0AC2 52FB              mov A,[X-5]
 0AC4 0C00              adc [__r2],A
 0AC6 5100              mov A,[__r2]
 0AC8 60D4              mov REG[0xd4],A
 0ACA 3E00              mvi A,[__r3]
 0ACC 3A00              cmp A,[__r0]
 0ACE A005              jz L156
 0AD0                   .dbline 443
 0AD0 5001              mov A,1
 0AD2 800E              xjmp L151
 0AD4           L156:
 0AD4                   .dbline 444
 0AD4           ;     }
 0AD4           L153:
 0AD4                   .dbline 441
 0AD4 7700              inc [X+0]
 0AD6           L155:
 0AD6                   .dbline 441
 0AD6 52F8              mov A,[X-8]
 0AD8 3B00              cmp A,[X+0]
 0ADA DFC1              jnc L152
 0ADC           X33:
 0ADC                   .dbline 445
 0ADC           ;     return 0u;
 0ADC 62D000            mov REG[0xd0],>__r0
 0ADF 5000              mov A,0
 0AE1                   .dbline -2
 0AE1           L151:
 0AE1 38FF              add SP,-1
 0AE3 20                pop X
 0AE4                   .dbline 0 ; func end
 0AE4 7F                ret
 0AE5                   .dbsym l i 0 c
 0AE5                   .dbsym l stop -8 c
 0AE5                   .dbsym l str2 -7 pkc
 0AE5                   .dbsym l str1 -5 pc
 0AE5                   .dbend
 0AE5                   .dbfunc e byte_to_bcd _byte_to_bcd fc
 0AE5           ;            reg -> X+2
 0AE5           ;            low -> X+1
 0AE5           ;           high -> X+0
 0AE5           ;           byte -> X-4
 0AE5           _byte_to_bcd::
 0AE5                   .dbline -1
 0AE5 10                push X
 0AE6 4F                mov X,SP
 0AE7 3803              add SP,3
 0AE9                   .dbline 449
 0AE9           ; }
 0AE9           ; 
 0AE9           ; unsigned char byte_to_bcd(unsigned char byte)
 0AE9           ; {
 0AE9                   .dbline 452
 0AE9           ;     unsigned char high, low, reg;
 0AE9           ;     
 0AE9           ;     high = byte / DECIMAL_COUNT_SYSTEM_BASIS;
 0AE9 500A              mov A,10
 0AEB 08                push A
 0AEC 52FC              mov A,[X-4]
 0AEE 08                push A
 0AEF 62D000            mov REG[0xd0],>__r0
 0AF2 7C0000            xcall __divmodu_8X8_8
 0AF5 18                pop A
 0AF6 5400              mov [X+0],A
 0AF8 38FF              add SP,-1
 0AFA                   .dbline 453
 0AFA           ;     low = byte - high * DECIMAL_COUNT_SYSTEM_BASIS;
 0AFA 5200              mov A,[X+0]
 0AFC 60E8              mov REG[0xe8],A
 0AFE 62E90A            mov REG[0xe9],10
 0B01 40                nop
 0B02 5DEB              mov A,REG[0xeb]
 0B04 5300              mov [__r0],A
 0B06 52FC              mov A,[X-4]
 0B08 1200              sub A,[__r0]
 0B0A 5401              mov [X+1],A
 0B0C                   .dbline 454
 0B0C           ;     reg = (high << DECIMAL_NUMBER_SIZE) + low;
 0B0C 5200              mov A,[X+0]
 0B0E 64                asl A
 0B0F 64                asl A
 0B10 64                asl A
 0B11 64                asl A
 0B12 0301              add A,[X+1]
 0B14 5402              mov [X+2],A
 0B16                   .dbline 456
 0B16           ;     
 0B16           ;     return reg;
 0B16 5202              mov A,[X+2]
 0B18                   .dbline -2
 0B18           L158:
 0B18 38FD              add SP,-3
 0B1A 20                pop X
 0B1B                   .dbline 0 ; func end
 0B1B 7F                ret
 0B1C                   .dbsym l reg 2 c
 0B1C                   .dbsym l low 1 c
 0B1C                   .dbsym l high 0 c
 0B1C                   .dbsym l byte -4 c
 0B1C                   .dbend
 0B1C                   .dbfunc e bcd_to_byte _bcd_to_byte fc
 0B1C           ;           byte -> X+2
 0B1C           ;            low -> X+1
 0B1C           ;           high -> X+0
 0B1C           ;            reg -> X-4
 0B1C           _bcd_to_byte::
 0B1C                   .dbline -1
 0B1C 10                push X
 0B1D 4F                mov X,SP
 0B1E 3803              add SP,3
 0B20                   .dbline 460
 0B20           ; }
 0B20           ; 
 0B20           ; unsigned char bcd_to_byte(unsigned char reg)
 0B20           ; {
 0B20                   .dbline 463
 0B20           ;     unsigned char high, low, byte;
 0B20           ;     
 0B20           ;     high = (reg >> DECIMAL_NUMBER_SIZE);
 0B20 52FC              mov A,[X-4]
 0B22 62D000            mov REG[0xd0],>__r0
 0B25 67                asr A
 0B26 67                asr A
 0B27 67                asr A
 0B28 67                asr A
 0B29 210F              and A,15
 0B2B 5400              mov [X+0],A
 0B2D                   .dbline 464
 0B2D           ;     low = reg - (high << DECIMAL_NUMBER_SIZE);
 0B2D 5200              mov A,[X+0]
 0B2F 64                asl A
 0B30 64                asl A
 0B31 64                asl A
 0B32 64                asl A
 0B33 5300              mov [__r0],A
 0B35 52FC              mov A,[X-4]
 0B37 1200              sub A,[__r0]
 0B39 5401              mov [X+1],A
 0B3B                   .dbline 465
 0B3B           ;     byte = low + high * DECIMAL_COUNT_SYSTEM_BASIS;
 0B3B 5200              mov A,[X+0]
 0B3D 60E8              mov REG[0xe8],A
 0B3F 62E90A            mov REG[0xe9],10
 0B42 40                nop
 0B43 5DEB              mov A,REG[0xeb]
 0B45 5300              mov [__r0],A
 0B47 5201              mov A,[X+1]
 0B49 0200              add A,[__r0]
 0B4B 5402              mov [X+2],A
 0B4D                   .dbline 467
 0B4D           ; 
 0B4D           ;     return byte;
 0B4D 5202              mov A,[X+2]
 0B4F                   .dbline -2
 0B4F           L159:
 0B4F 38FD              add SP,-3
 0B51 20                pop X
 0B52                   .dbline 0 ; func end
 0B52 7F                ret
 0B53                   .dbsym l byte 2 c
 0B53                   .dbsym l low 1 c
 0B53                   .dbsym l high 0 c
 0B53                   .dbsym l reg -4 c
 0B53                   .dbend
 0B53                   .dbfunc e utc_to_local _utc_to_local fV
 0B53           ; local_datetime -> X-7
 0B53           ;   utc_datetime -> X-5
 0B53           _utc_to_local::
 0B53                   .dbline -1
 0B53 10                push X
 0B54 4F                mov X,SP
 0B55                   .dbline 471
 0B55           ; }
 0B55           ; 
 0B55           ; void utc_to_local(struct datetime *utc_datetime, struct datetime *local_datetime)
 0B55           ; {
 0B55                   .dbline 472
 0B55           ;       local_datetime->valid = utc_datetime->valid;
 0B55 62D000            mov REG[0xd0],>__r0
 0B58 52FC              mov A,[X-4]
 0B5A 0106              add A,6
 0B5C 5300              mov [__r1],A
 0B5E 52FB              mov A,[X-5]
 0B60 0900              adc A,0
 0B62 60D4              mov REG[0xd4],A
 0B64 3E00              mvi A,[__r1]
 0B66 5300              mov [__r0],A
 0B68 3E00              mvi A,[__r1]
 0B6A 5300              mov [__r1],A
 0B6C 52FA              mov A,[X-6]
 0B6E 0106              add A,6
 0B70 5300              mov [__r3],A
 0B72 52F9              mov A,[X-7]
 0B74 0900              adc A,0
 0B76 60D5              mov REG[0xd5],A
 0B78 5100              mov A,[__r0]
 0B7A 3F00              mvi [__r3],A
 0B7C 5100              mov A,[__r1]
 0B7E 3F00              mvi [__r3],A
 0B80                   .dbline 473
 0B80           ;       local_datetime->sec = utc_datetime->sec;
 0B80 52FC              mov A,[X-4]
 0B82 5300              mov [__r1],A
 0B84 52FB              mov A,[X-5]
 0B86 60D4              mov REG[0xd4],A
 0B88 3E00              mvi A,[__r1]
 0B8A 5300              mov [__r0],A
 0B8C 52FA              mov A,[X-6]
 0B8E 5300              mov [__r3],A
 0B90 52F9              mov A,[X-7]
 0B92 60D5              mov REG[0xd5],A
 0B94 5100              mov A,[__r0]
 0B96 3F00              mvi [__r3],A
 0B98                   .dbline 474
 0B98           ;       local_datetime->min = utc_datetime->min;
 0B98 52FC              mov A,[X-4]
 0B9A 0101              add A,1
 0B9C 5300              mov [__r1],A
 0B9E 52FB              mov A,[X-5]
 0BA0 0900              adc A,0
 0BA2 60D4              mov REG[0xd4],A
 0BA4 3E00              mvi A,[__r1]
 0BA6 5300              mov [__r0],A
 0BA8 52FA              mov A,[X-6]
 0BAA 0101              add A,1
 0BAC 5300              mov [__r3],A
 0BAE 52F9              mov A,[X-7]
 0BB0 0900              adc A,0
 0BB2 60D5              mov REG[0xd5],A
 0BB4 5100              mov A,[__r0]
 0BB6 3F00              mvi [__r3],A
 0BB8                   .dbline 475
 0BB8           ;       local_datetime->hour = utc_datetime->hour + GMT_OFFSET;
 0BB8 52FC              mov A,[X-4]
 0BBA 0102              add A,2
 0BBC 5300              mov [__r1],A
 0BBE 52FB              mov A,[X-5]
 0BC0 0900              adc A,0
 0BC2 60D4              mov REG[0xd4],A
 0BC4 3E00              mvi A,[__r1]
 0BC6 5300              mov [__r0],A
 0BC8 060003            add [__r0],3
 0BCB 52FA              mov A,[X-6]
 0BCD 0102              add A,2
 0BCF 5300              mov [__r3],A
 0BD1 52F9              mov A,[X-7]
 0BD3 0900              adc A,0
 0BD5 60D5              mov REG[0xd5],A
 0BD7 5100              mov A,[__r0]
 0BD9 3F00              mvi [__r3],A
 0BDB                   .dbline 476
 0BDB           ;       if (local_datetime->hour > HOUR_MAX) local_datetime->hour -= (HOUR_MAX + 1);
 0BDB 52FA              mov A,[X-6]
 0BDD 0102              add A,2
 0BDF 5300              mov [__r1],A
 0BE1 52F9              mov A,[X-7]
 0BE3 0900              adc A,0
 0BE5 60D4              mov REG[0xd4],A
 0BE7 3E00              mvi A,[__r1]
 0BE9 5300              mov [__r0],A
 0BEB 5017              mov A,23
 0BED 3A00              cmp A,[__r0]
 0BEF D023              jnc L161
 0BF1           X34:
 0BF1                   .dbline 476
 0BF1 62D000            mov REG[0xd0],>__r0
 0BF4 52FA              mov A,[X-6]
 0BF6 0102              add A,2
 0BF8 5300              mov [__r1],A
 0BFA 52F9              mov A,[X-7]
 0BFC 0900              adc A,0
 0BFE 5300              mov [__r0],A
 0C00 60D4              mov REG[0xd4],A
 0C02 3E00              mvi A,[__r1]
 0C04 7A00              dec [__r1]
 0C06 5300              mov [__r2],A
 0C08 160018            sub [__r2],24
 0C0B 5100              mov A,[__r0]
 0C0D 60D5              mov REG[0xd5],A
 0C0F 5100              mov A,[__r2]
 0C11 3F00              mvi [__r1],A
 0C13           L161:
 0C13                   .dbline -2
 0C13           L160:
 0C13 20                pop X
 0C14                   .dbline 0 ; func end
 0C14 7F                ret
 0C15                   .dbsym l local_datetime -7 pS[datetime]
 0C15                   .dbsym l utc_datetime -5 pS[datetime]
 0C15                   .dbend
                        .area data(ram, con, rel)
 0000                   .dbfile C:\Work\FitoLamp\FW\Slave\FITOLA~1\FITOLA~1\FITOLA~1\main.c
 0000           _NMEA_pointer_rf::
 0000 00                .byte 0
 0001                   .dbsym e NMEA_pointer_rf _NMEA_pointer_rf c
                        .area data(ram, con, rel)
 0000                   .dbfile C:\Work\FitoLamp\FW\Slave\FITOLA~1\FITOLA~1\FITOLA~1\main.c
 0000           _NMEA_pointer_gps::
 0000 00                .byte 0
 0001                   .dbsym e NMEA_pointer_gps _NMEA_pointer_gps c
                        .area data(ram, con, rel)
 0000                   .dbfile C:\Work\FitoLamp\FW\Slave\FITOLA~1\FITOLA~1\FITOLA~1\main.c
 0000           _override_counter::
 0000 00000000          .byte 0,0,0,0
 0004                   .dbsym e override_counter _override_counter l
                        .area data(ram, con, rel)
 0000                   .dbfile C:\Work\FitoLamp\FW\Slave\FITOLA~1\FITOLA~1\FITOLA~1\main.c
 0000           _fld_buf::
 0000 000000000000000000000000000000000000000000000000000000000000000000000000000000000000000000000000000000000000000000000000  .word 0,0,0,0,0,0,0,0,0,0,0,0,0,0,0,0,0,0,0,0,0,0,0,0,0,0,0,0,0,0
 003C 00000000000000000000      .word 0,0,0,0,0
 0046 00000000000000000000      .word 0,0,0,0,0
 0050 0000              .byte 0,0
 0052                   .dbsym e fld_buf _fld_buf A[82:82]c
                        .area lit(rom, con, rel, lit)
 001A           L46:
 001A 4400              .byte 'D,0
 001C           L30:
 001C 3000              .byte 48,0
 001E           L27:
 001E 4E4D45415F636D6400        .byte 'N,'M,'E,'A,95,'c,'m,'d,0
