FILE: .\boot.asm                        (0001) ;  Generated by PSoC Designer 5.4.3191
                                        (0002) ;
                                        (0003) ;@Id: boot.tpl#903 @
                                        (0004) ;=============================================================================
                                        (0005) ;  FILENAME:   boot.asm
                                        (0006) ;  Version:    1.30
                                        (0007) ;
                                        (0008) ;  DESCRIPTION:
                                        (0009) ;  M8C Boot Code for CY8C28xxx microcontroller devices.
                                        (0010) ;
                                        (0011) ;  Copyright (c) Cypress Semiconductor 2015. All Rights Reserved.
                                        (0012) ;
                                        (0013) ; NOTES:
                                        (0014) ; PSoC Designer's Device Editor uses a template file, BOOT.TPL, located in
                                        (0015) ; the project's root directory to create BOOT.ASM. Any changes made to
                                        (0016) ; BOOT.ASM will be  overwritten every time the project is generated; therefore
                                        (0017) ; changes should be made to BOOT.TPL not BOOT.ASM. Care must be taken when
                                        (0018) ; modifying BOOT.TPL so that replacement strings (such as @PROJECT_NAME)
                                        (0019) ; are not accidentally modified.
                                        (0020) ;
                                        (0021) ;=============================================================================
                                        (0022) 
                                        (0023) include ".\lib\GlobalParams.inc"	;File generated by PSoC Designer (Project dependent)
                                        (0024) include "m8c.inc"			;Part specific file
                                        (0025) include "m8ssc.inc"			;Part specific file
                                        (0026) include "memory.inc"			;File generated by PSoC Designer (Project dependent)
                                        (0027) 
                                        (0028) ;--------------------------------------
                                        (0029) ; Export Declarations
                                        (0030) ;--------------------------------------
                                        (0031) 
                                        (0032) export __Start
                                        (0033) IF	(TOOLCHAIN & HITECH)
                                        (0034) ELSE
                                        (0035) export __bss_start
                                        (0036) export __data_start
                                        (0037) export __idata_start
                                        (0038) export __func_lit_start
                                        (0039) export __text_start
                                        (0040) ENDIF
                                        (0041) export  _bGetPowerSetting
                                        (0042) export   bGetPowerSetting	
                                        (0043) 
                                        (0044) 
                                        (0045) ;--------------------------------------
                                        (0046) ; Optimization flags
                                        (0047) ;--------------------------------------
                                        (0048) ;
                                        (0049) ; To change the value of these flags, modify the file boot.tpl, not
                                        (0050) ; boot.asm. See the notes in the banner comment at the beginning of
                                        (0051) ; this file.
                                        (0052) 
                                        (0053) ; Optimization for Assembly language (only) projects and C-language projects
                                        (0054) ; that do not depend on the C compiler to initialize the values of RAM variables.
                                        (0055) ;   Set to 1: Support for C Run-time Environment initialization
                                        (0056) ;   Set to 0: Support for C not included. Faster start up, smaller code space.
                                        (0057) ;
                                        (0058) IF	(TOOLCHAIN & HITECH)
                                        (0059) ; The C compiler will customize the startup code - it's not required here
                                        (0060) 
                                        (0061) C_LANGUAGE_SUPPORT:              equ 0
                                        (0062) ELSE
                                        (0063) C_LANGUAGE_SUPPORT:              equ 1
                                        (0064) ENDIF
                                        (0065) 
                                        (0066) 
                                        (0067) ; The following equate is required for proper operation. Reseting its value
                                        (0068) ; is discouraged.  WAIT_FOR_32K is effective only if the crystal oscillator is
                                        (0069) ; selected.  If the designer chooses to not wait then stabilization of the ECO
                                        (0070) ; and PLL_Lock must take place within user code. See the family data sheet for
                                        (0071) ; the requirements of starting the ECO and PLL lock mode.
                                        (0072) ;
                                        (0073) ;   Set to 1: Wait for XTAL (& PLL if selected) to stabilize before
                                        (0074) ;                invoking main
                                        (0075) ;   Set to 0: Boot code does not wait; clock may not have stabilized by
                                        (0076) ;               the time code in main starts executing.
                                        (0077) ;
                                        (0078) WAIT_FOR_32K:                    equ 1
                                        (0079) 
                                        (0080) 
                                        (0081) 
                                        (0082) ; For historical reasons, by default the boot code uses an lcall instruction
                                        (0083) ; to invoke the user's _main code. If _main executes a return instruction,
                                        (0084) ; boot provides an infinite loop. By changing the following equate from zero
                                        (0085) ; to 1, boot's lcall will be replaced by a ljmp instruction, saving two
                                        (0086) ; bytes on the stack which are otherwise required for the return address. If
                                        (0087) ; this option is enabled, _main must not return. (Beginning with the 4.2
                                        (0088) ; release, the C compiler automatically places an infinite loop at the end
                                        (0089) ; of main, rather than a return instruction.)
                                        (0090) ;
                                        (0091) ENABLE_LJMP_TO_MAIN:             equ 0
                                        (0092) 
                                        (0093) 
                                        (0094) ;-----------------------------------------------------------------------------
                                        (0095) ; Interrupt Vector Table
                                        (0096) ;-----------------------------------------------------------------------------
                                        (0097) ;
                                        (0098) ; Interrupt vector table entries are 4 bytes long.  Each one contains
                                        (0099) ; a jump instruction to an ISR (Interrupt Service Routine), although
                                        (0100) ; very short ISRs could be encoded within the table itself. Normally,
                                        (0101) ; vector jump targets are modified automatically according to the user
                                        (0102) ; modules selected. This occurs when the 'Generate Application' opera-
                                        (0103) ; tion is run causing PSoC Designer to create boot.asm and the other
                                        (0104) ; configuration files. If you need to hard code a vector, update the
                                        (0105) ; file boot.tpl, not boot.asm. See the banner comment at the beginning
                                        (0106) ; of this file.
                                        (0107) ;-----------------------------------------------------------------------------
                                        (0108) 
                                        (0109)     AREA TOP (ROM, ABS, CON)
                                        (0110) 
                                        (0111)     org   0                        ;Reset Interrupt Vector
                                        (0112) IF	(TOOLCHAIN & HITECH)
                                        (0113) ;   jmp   __Start                  ;C compiler fills in this vector
                                        (0114) ELSE
0000: 80 7F    JMP   0x0080             (0115)     jmp   __Start                  ;First instruction executed following a Reset
                                        (0116) ENDIF
                                        (0117)     ;@PSoC_BOOT_ISR_UserCode_START@
                                        (0118)     ;---------------------------------------------------
                                        (0119)     ; Insert your custom code below this banner
                                        (0120)     ;---------------------------------------------------
                                        (0121) 
                                        (0122)     org   04h                      ;Low Voltage Detect (LVD) Interrupt Vector
0004: 30       HALT                     (0123)     halt                           ;Stop execution if power falls too low
                                        (0124) 
                                        (0125)     org   08h                      ;Analog Column 0 / Decimator 0 Interrupt Vector
                                        (0126)     // call	void_handler
0008: 7E       RETI                     (0127)     reti
                                        (0128) 
                                        (0129)     org   0Ch                      ;Analog Column 1 / Decimator 1 Interrupt Vector
                                        (0130)     // call	void_handler
000C: 7E       RETI                     (0131)     reti
                                        (0132) 
                                        (0133)     org   10h                      ;Analog Column 2 / Decimator 2 Interrupt Vector
                                        (0134)     // call	void_handler
0010: 7E       RETI                     (0135)     reti
                                        (0136) 
                                        (0137)     org   14h                      ;Analog Column 3 / Decimator 3 Interrupt Vector
                                        (0138)     // call	void_handler
0014: 7E       RETI                     (0139)     reti
                                        (0140)     
                                        (0141)     org   18h                      ;VC3 Interrupt Vector
                                        (0142)     // call	void_handler
0018: 7E       RETI                     (0143)     reti
                                        (0144) 
                                        (0145)     org   1Ch                      ;GPIO Interrupt Vector
                                        (0146)     // call	void_handler
001C: 7E       RETI                     (0147)     reti
                                        (0148) 
                                        (0149)     org   20h                      ;PSoC Block DBC00 Interrupt Vector
                                        (0150)     // call	void_handler
0020: 7E       RETI                     (0151)     reti
                                        (0152) 
                                        (0153)     org   24h                      ;PSoC Block DBC01 Interrupt Vector
0024: 7D 0B 02 LJMP  _PWM16_CH0_ISR     (0154)     ljmp	_PWM16_CH0_ISR
0027: 7E       RETI                     (0155)     reti
                                        (0156) 
                                        (0157)     org   28h                      ;PSoC Block DCC02 Interrupt Vector
                                        (0158)     // call	void_handler
0028: 7E       RETI                     (0159)     reti
                                        (0160) 
                                        (0161)     org   2Ch                      ;PSoC Block DCC03 Interrupt Vector
002C: 7D 0A A5 LJMP  _PWM16_CH1_ISR     (0162)     ljmp	_PWM16_CH1_ISR
002F: 7E       RETI                     (0163)     reti
                                        (0164)     
                                        (0165)     org   30h                      ;PSoC Block DBC10 Interrupt Vector
                                        (0166)     // call	void_handler
0030: 7E       RETI                     (0167)     reti
                                        (0168) 
                                        (0169)     org   34h                      ;PSoC Block DBC11 Interrupt Vector
0034: 7D 0B E8 LJMP  _Counter16_PwrUpd_ISR(0170)     ljmp	_Counter16_PwrUpd_ISR
0037: 7E       RETI                     (0171)     reti
                                        (0172) 
                                        (0173)     org   38h                      ;PSoC Block DCC12 Interrupt Vector
0038: 7D 08 21 LJMP  _RX8_GPS_ISR       (0174)     ljmp	_RX8_GPS_ISR
003B: 7E       RETI                     (0175)     reti
                                        (0176) 
                                        (0177)     org   3Ch                      ;PSoC Block DCC13 Interrupt Vector
003C: 7D 05 62 LJMP  _TX8_Debug_ISR     (0178)     ljmp	_TX8_Debug_ISR
003F: 7E       RETI                     (0179)     reti
                                        (0180) 
                                        (0181) 	org   40h                      ;PSoC Block DBC20 Interrupt Vector
0040: 7D 0B 9D LJMP  _Counter8_RF_clk_ISR(0182)     ljmp	_Counter8_RF_clk_ISR
0043: 7E       RETI                     (0183)     reti
                                        (0184) 	
                                        (0185) 	org   44h                      ;PSoC Block DBC21 Interrupt Vector
                                        (0186)     // call	void_handler
0044: 7E       RETI                     (0187)     reti
                                        (0188) 	
                                        (0189) 	org   48h                      ;PSoC Block DCC22 Interrupt Vector
0048: 7D 06 3B LJMP  _RX8_RF_ISR        (0190)     ljmp	_RX8_RF_ISR
004B: 7E       RETI                     (0191)     reti
                                        (0192) 	
                                        (0193) 	org   4Ch                      ;PSoC Block DCC23 Interrupt Vector
                                        (0194)     // call	void_handler
004C: 7E       RETI                     (0195)     reti
                                        (0196) 	 
                                        (0197)     org   60h                      ;PSoC I2C0 Interrupt Vector
                                        (0198)     // call	void_handler
0060: 7E       RETI                     (0199)     reti
                                        (0200) 
                                        (0201) 	org   64h                      ;PSoC I2C1 Interrupt Vector
                                        (0202)     // call	void_handler
0064: 7E       RETI                     (0203)     reti
                                        (0204) 	
                                        (0205) 	org   68h                      ;PSoC SARADC Interrupt Vector
                                        (0206)     // call	void_handler
0068: 7E       RETI                     (0207)     reti
                                        (0208) 	
                                        (0209) 	org   6Ch                      ;PSoC RTC Interrupt Vector
006C: 7D 0A 07 LJMP  _RTC_ISR           (0210)     ljmp	_RTC_ISR
006F: 7E       RETI                     (0211)     reti
                                        (0212) 	
                                        (0213) 	org   70h                      ;Analog Column 4 Interrupt Vector
                                        (0214)     // call	void_handler
0070: 7E       RETI                     (0215)     reti
                                        (0216) 	
                                        (0217) 	org   74h                      ;Analog Column 5 Interrupt Vector
                                        (0218)     // call	void_handler
0074: 7E       RETI                     (0219)     reti
                                        (0220) 	
                                        (0221)     org   7Ch                      ;Sleep Timer Interrupt Vector
                                        (0222)     // call	void_handler
007C: 7E       RETI                     (0223)     reti
0080: 71 10    OR    F,0x10             
                                        (0224)     ;---------------------------------------------------
                                        (0225)     ; Insert your custom code above this banner
                                        (0226)     ;---------------------------------------------------
                                        (0227)     ;@PSoC_BOOT_ISR_UserCode_END@
                                        (0228) 
                                        (0229) ;-----------------------------------------------------------------------------
                                        (0230) ;  Start of Execution.
                                        (0231) ;-----------------------------------------------------------------------------
                                        (0232) ;  The Supervisory ROM SWBootReset function has already completed the
                                        (0233) ;  calibrate1 process, loading trim values for 5 volt operation.
                                        (0234) ;
                                        (0235) 
                                        (0236) IF	(TOOLCHAIN & HITECH)
                                        (0237)  	AREA PD_startup(CODE, REL, CON)
                                        (0238) ELSE
                                        (0239)     org 80h
                                        (0240) ENDIF
                                        (0241) __Start:
                                        (0242) 
                                        (0243)     ; initialize SMP values for voltage stabilization, if required,
                                        (0244)     ; leaving power-on reset (POR) level at the default (low) level, at
                                        (0245)     ; least for now. 
                                        (0246)     ;
                                        (0247)     M8C_SetBank1
0082: 62 E3 87 MOV   REG[0xE3],0x87     (0248)     mov   reg[VLT_CR], SWITCH_MODE_PUMP_JUST | LVD_TBEN_JUST | TRIP_VOLTAGE_JUST
0085: 70 EF    AND   F,0xEF             
0087: 62 E3 38 MOV   REG[0xE3],0x38     
                                        (0249)     M8C_SetBank0
                                        (0250) 
                                        (0251) M8C_ClearWDTAndSleep			   ; Clear WDT before enabling it.
                                        (0252) IF ( WATCHDOG_ENABLE )             ; WDT selected in Global Params
                                        (0253)     M8C_EnableWatchDog
                                        (0254) ENDIF
                                        (0255) 
                                        (0256) IF ( SELECT_32K )
                                        (0257)     or   reg[CPU_SCR1],  CPU_SCR1_ECO_ALLOWED  ; ECO will be used in this project
                                        (0258) ELSE
008A: 41 FE FB AND   REG[0xFE],0xFB     (0259)     and  reg[CPU_SCR1], ~CPU_SCR1_ECO_ALLOWED  ; Prevent ECO from being enabled
                                        (0260) ENDIF
                                        (0261) 
                                        (0262)     ;---------------------------
                                        (0263)     ; Set up the Temporary stack
                                        (0264)     ;---------------------------
                                        (0265)     ; A temporary stack is set up for the SSC instructions.
                                        (0266)     ; The real stack start will be assigned later.
                                        (0267)     ;
                                        (0268) _stack_start:          equ 80h
008D: 50 80    MOV   A,0x80             (0269)     mov   A, _stack_start          ; Set top of stack to end of used RAM
008F: 4E       SWAP  SP,A               (0270)     swap  SP, A                    ; This is only temporary if going to LMM
0090: 62 E3 38 MOV   REG[0xE3],0x38     
                                        (0271) 
                                        (0272)     ;------------------------
                                        (0273)     ; Set Power-related Trim 
                                        (0274)     ;------------------------
                                        (0275) M8C_ClearWDTAndSleep ; Clear WDT before enabling it.
                                        (0276) IF ( POWER_SETTING & POWER_SET_5V0)            ; *** 5.0 Volt operation   ***
                                        (0277)  IF ( POWER_SETTING & POWER_SET_SLOW_IMO)      ; *** 6MHZ Main Oscillator ***
                                        (0278)     or  reg[CPU_SCR1], CPU_SCR1_SLIMO
                                        (0279)     M8SSC_Set2TableTrims 2, SSCTBL2_TRIM_IMO_5V_6MHZ, 1, SSCTBL1_TRIM_BGR_5V, AGND_BYPASS_JUST
                                        (0280) ELSE
                                        (0281) 	IF ( AGND_BYPASS )
                                        (0282)     ;- - - - - - - - - - - - - - - - - - - - - - - - - - - - - - - - - - -
                                        (0283)     ; The 5V trim has already been set, but we need to update the AGNDBYP
                                        (0284)     ; bit in the write-only BDG_TR register. Recalculate the register
                                        (0285)     ; value using the proper trim values.
                                        (0286)     ;- - - - - - - - - - - - - - - - - - - - - - - - - - - - - - - - - - -
                                        (0287)     M8SSC_SetTableVoltageTrim 1, SSCTBL1_TRIM_BGR_5V, AGND_BYPASS_JUST
                                        (0288)   ENDIF
                                        (0289)  ENDIF
                                        (0290) ENDIF ; 5.0 V Operation
                                        (0291) 
                                        (0292) IF ( POWER_SETTING & POWER_SET_3V3)            ; *** 3.3 Volt operation   ***
                                        (0293)  IF ( POWER_SETTING & POWER_SET_SLOW_IMO)      ; *** 6MHZ Main Oscillator ***
                                        (0294)     or  reg[CPU_SCR1], CPU_SCR1_SLIMO
                                        (0295)     M8SSC_Set2TableTrims 2, SSCTBL2_TRIM_IMO_3V_6MHZ, 1, SSCTBL1_TRIM_BGR_3V, AGND_BYPASS_JUST
                                        (0296)  ELSE                                          ; *** 12MHZ Main Oscillator ***
                                        (0297)     M8SSC_SetTableTrims  1, SSCTBL1_TRIM_IMO_3V_24MHZ, SSCTBL1_TRIM_BGR_3V, AGND_BYPASS_JUST
                                        (0298)  ENDIF
                                        (0299) ENDIF ; 3.3 Volt Operation
                                        (0300) 
                                        (0301) 
0093: 55 F8 00 MOV   [NMEA_pointer_rf+2],0x0(0302)     mov  [bSSC_KEY1],  0           ; Lock out Flash and Supervisiory operations
0096: 55 F9 00 MOV   [NMEA_pointer_rf+3],0x0(0303)     mov  [bSSC_KEYSP], 0
0099: 71 10    OR    F,0x10             
                                        (0304) 
                                        (0305)     ;---------------------------------------
                                        (0306)     ; Initialize Crystal Oscillator and PLL
                                        (0307)     ;---------------------------------------
                                        (0308) IF ( SELECT_32K & WAIT_FOR_32K )
                                        (0309)     ; If the user has requested the External Crystal Oscillator (ECO) then turn it
                                        (0310)     ; on and wait for it to stabilize and the system to switch over to it. The PLL
                                        (0311)     ; is left off.  The SleepTimer period is set to 1 sec to time the wait for
                                        (0312)     ; the ECO to stabilize.
                                        (0313)     ;
                                        (0314)     M8C_SetBank1
                                        (0315)     mov   reg[OSC_CR0], (SELECT_32K_JUST | OSC_CR0_SLEEP_1Hz | OSC_CR0_CPU_12MHz)
                                        (0316)     M8C_SetBank0
                                        (0317)     M8C_ClearWDTAndSleep                  ; Reset the sleep timer to get a full second
                                        (0318)     or    reg[INT_MSK0], INT_MSK0_SLEEP   ; Enable latching of SleepTimer interrupt
                                        (0319)     mov   reg[INT_VC],   0                ; Clear all pending interrupts
                                        (0320) .WaitFor1s:
                                        (0321)     tst   reg[INT_CLR0], INT_MSK0_SLEEP   ; Test the SleepTimer Interrupt Status
                                        (0322)     jz   .WaitFor1s                       ; Interrupt will latch but will not dispatch
                                        (0323)                                           ;  since interrupts are not globally enabled
                                        (0324) ELSE ; !( SELECT_32K & WAIT_FOR_32K )
                                        (0325)     ; Either no ECO, or waiting for stable clock is to be done in main
                                        (0326)     M8C_SetBank1
009B: 62 E0 02 MOV   REG[0xE0],0x2      (0327)     mov   reg[OSC_CR0], (SELECT_32K_JUST | PLL_MODE_JUST | SLEEP_TIMER_JUST | OSC_CR0_CPU_12MHz)
009E: 70 EF    AND   F,0xEF             
00A0: 62 E3 38 MOV   REG[0xE3],0x38     
                                        (0328)     M8C_SetBank0
                                        (0329)     M8C_ClearWDTAndSleep           ; Reset the watch dog
                                        (0330) 
                                        (0331) ENDIF ;( SELECT_32K & WAIT_FOR_32K )
                                        (0332) 
                                        (0333) IF ( PLL_MODE )
                                        (0334)     ; Crystal is now fully operational (assuming WAIT_FOR_32K was enabled).
                                        (0335)     ; Now start up PLL if selected, and wait 16 msec for it to stabilize.
                                        (0336)     ;
                                        (0337)     M8C_SetBank1
                                        (0338)     mov   reg[OSC_CR0], (SELECT_32K_JUST | PLL_MODE_JUST | OSC_CR0_SLEEP_64Hz | OSC_CR0_CPU_3MHz)
                                        (0339)     M8C_SetBank0
                                        (0340)     M8C_ClearWDTAndSleep                  ; Reset the sleep timer to get full period
                                        (0341)     mov   reg[INT_VC], 0                  ; Clear all pending interrupts
                                        (0342) 
                                        (0343) .WaitFor16ms:
                                        (0344)     tst   reg[INT_CLR0],INT_MSK0_SLEEP    ; Test the SleepTimer Interrupt Status
                                        (0345)     jz   .WaitFor16ms
                                        (0346)     M8C_SetBank1                          ; continue boot at CPU Speed of SYSCLK/2
                                        (0347)     mov   reg[OSC_CR0], (SELECT_32K_JUST | PLL_MODE_JUST | OSC_CR0_SLEEP_64Hz | OSC_CR0_CPU_12MHz)
                                        (0348)     M8C_SetBank0
                                        (0349) 
                                        (0350) IF      ( WAIT_FOR_32K )
                                        (0351) ELSE ; !( WAIT_FOR_32K )
                                        (0352)     ; Option settings (PLL-Yes, ECO-No) are incompatible - force a syntax error
                                        (0353)     ERROR_PSoC Disabling WAIT_FOR_32K requires that the PLL_Lock must be enabled in user code.
                                        (0354) ENDIF ;(WAIT_FOR_32K)
                                        (0355) ENDIF ;(PLL_MODE)
                                        (0356) 
                                        (0357) 	;-------------------------------------------------------
                                        (0358)     ; Initialize Proper Drive Mode for External Clock Pin
                                        (0359)     ;-------------------------------------------------------
                                        (0360) 
                                        (0361)     ; Change EXTCLK pin from Hi-Z Analog (110b) drive mode to Hi-Z (010b) drive mode
                                        (0362) 
                                        (0363) IF (SYSCLK_SOURCE)
                                        (0364)     and reg[PRT1DM2],  ~0x10        ; Clear bit 4 of EXTCLK pin's DM2 register 
                                        (0365) ENDIF
                                        (0366)     ; EXTCLK pin is now in proper drive mode to input the external clock signal
                                        (0367) 
                                        (0368) 	;------------------------
                                        (0369) 	; Close CT leakage path.
                                        (0370) 	;------------------------
00A3: 62 71 05 MOV   REG[0x71],0x5      (0371) 	mov reg[ACC00CR0], 05h
00A6: 62 75 05 MOV   REG[0x75],0x5      (0372) 	mov reg[ACC01CR0], 05h
00A9: 62 79 05 MOV   REG[0x79],0x5      (0373) 	mov reg[ACC02CR0], 05h
00AC: 62 7D 05 MOV   REG[0x7D],0x5      (0374) 	mov reg[ACC03CR0], 05h
00AF: 62 D1 03 MOV   REG[0xD1],0x3      
                                        (0375) 
                                        (0376) 
                                        (0377) 
                                        (0378) IF	(TOOLCHAIN & HITECH)
                                        (0379)     ;---------------------------------------------
                                        (0380)     ; HI-TECH initialization: Enter the Large Memory Model, if applicable
                                        (0381)     ;---------------------------------------------
                                        (0382) 	global		__Lstackps
                                        (0383) 	mov     a,low __Lstackps
                                        (0384) 	swap    a,sp
                                        (0385) 
                                        (0386) IF ( SYSTEM_LARGE_MEMORY_MODEL )
                                        (0387)     RAM_SETPAGE_STK SYSTEM_STACK_PAGE      ; relocate stack page ...
                                        (0388)     RAM_SETPAGE_IDX2STK            ; initialize other page pointers
                                        (0389)     RAM_SETPAGE_CUR 0
                                        (0390)     RAM_SETPAGE_MVW 0
                                        (0391)     RAM_SETPAGE_MVR 0
                                        (0392)     IF ( SYSTEM_IDXPG_TRACKS_STK_PP ); Now enable paging:
                                        (0393)       or    F, FLAG_PGMODE_11b       ; LMM w/ IndexPage<==>StackPage
                                        (0394)     ELSE
                                        (0395)       or    F, FLAG_PGMODE_10b       ; LMM w/ independent IndexPage
                                        (0396)     ENDIF ;  SYSTEM_IDXPG_TRACKS_STK_PP
                                        (0397) ENDIF ;  SYSTEM_LARGE_MEMORY_MODEL
                                        (0398) ELSE
                                        (0399)     ;---------------------------------------------
                                        (0400)     ; ImageCraft Enter the Large Memory Model, if applicable
                                        (0401)     ;---------------------------------------------
                                        (0402) IF ( SYSTEM_LARGE_MEMORY_MODEL )
                                        (0403)     RAM_SETPAGE_STK SYSTEM_STACK_PAGE      ; relocate stack page ...
00B2: 50 00    MOV   A,0x0              (0404)     mov   A, SYSTEM_STACK_BASE_ADDR        ;   and offset, if any
00B4: 4E       SWAP  SP,A               (0405)     swap  A, SP
00B5: 62 D3 03 MOV   REG[0xD3],0x3      
00B8: 62 D0 00 MOV   REG[0xD0],0x0      
00BB: 62 D5 00 MOV   REG[0xD5],0x0      
00BE: 62 D4 00 MOV   REG[0xD4],0x0      
                                        (0406)     RAM_SETPAGE_IDX2STK            ; initialize other page pointers
                                        (0407)     RAM_SETPAGE_CUR 0
                                        (0408)     RAM_SETPAGE_MVW 0
                                        (0409)     RAM_SETPAGE_MVR 0
                                        (0410) 
                                        (0411)   IF ( SYSTEM_IDXPG_TRACKS_STK_PP ); Now enable paging:
00C1: 71 C0    OR    F,0xC0             (0412)     or    F, FLAG_PGMODE_11b       ; LMM w/ IndexPage<==>StackPage
                                        (0413)   ELSE
                                        (0414)     or    F, FLAG_PGMODE_10b       ; LMM w/ independent IndexPage
                                        (0415)   ENDIF ;  SYSTEM_IDXPG_TRACKS_STK_PP
                                        (0416) ELSE
                                        (0417)     mov   A, __ramareas_end        ; Set top of stack to end of used RAM
                                        (0418)     swap  SP, A
                                        (0419) ENDIF ;  SYSTEM_LARGE_MEMORY_MODEL
                                        (0420) ENDIF ;	TOOLCHAIN
                                        (0421) 
                                        (0422)     ;@PSoC_BOOT_LOADCFG_UserCode_START@
                                        (0423)     ;---------------------------------------------------
                                        (0424)     ; Insert your custom code below this banner
                                        (0425)     ;---------------------------------------------------
                                        (0426) 
                                        (0427)     ;---------------------------------------------------
                                        (0428)     ; Insert your custom code above this banner
                                        (0429)     ;---------------------------------------------------
                                        (0430)     ;@PSoC_BOOT_LOADCFG_UserCode_END@ 
                                        (0431) 
                                        (0432)     ;-------------------------
                                        (0433)     ; Load Base Configuration
                                        (0434)     ;-------------------------
                                        (0435)     ; Load global parameter settings and load the user modules in the
                                        (0436)     ; base configuration. Exceptions: (1) Leave CPU Speed fast as possible
                                        (0437)     ; to minimize start up time; (2) We may still need to play with the
                                        (0438)     ; Sleep Timer.
                                        (0439)     ;
00C3: 7C 04 FD LCALL 0x04FD             (0440)     lcall LoadConfigInit
00C6: 70 EF    AND   F,0xEF             
                                        (0441)     M8C_SetBank0
                                        (0442) 
                                        (0443)     ;-----------------------------------
                                        (0444)     ; Initialize C Run-Time Environment
                                        (0445)     ;-----------------------------------
                                        (0446) IF ( C_LANGUAGE_SUPPORT )
                                        (0447) IF ( SYSTEM_SMALL_MEMORY_MODEL )
                                        (0448)     mov  A,0                           ; clear the 'bss' segment to zero
                                        (0449)     mov  [__r0],<__bss_start
                                        (0450) BssLoop:
                                        (0451)     cmp  [__r0],<__bss_end
                                        (0452)     jz   BssDone
                                        (0453)     mvi  [__r0],A
                                        (0454)     jmp  BssLoop
                                        (0455) BssDone:
                                        (0456)     mov  A,>__idata_start              ; copy idata to data segment
                                        (0457)     mov  X,<__idata_start
                                        (0458)     mov  [__r0],<__data_start
                                        (0459) IDataLoop:
                                        (0460)     cmp  [__r0],<__data_end
                                        (0461)     jz   C_RTE_Done
                                        (0462)     push A
                                        (0463)     romx
                                        (0464)     mvi  [__r0],A
                                        (0465)     pop  A
                                        (0466)     inc  X
                                        (0467)     adc  A,0
                                        (0468)     jmp  IDataLoop
                                        (0469) 
                                        (0470) ENDIF ; SYSTEM_SMALL_MEMORY_MODEL
                                        (0471) 
                                        (0472) IF ( SYSTEM_LARGE_MEMORY_MODEL )
00C8: 62 D0 00 MOV   REG[0xD0],0x0      (0473)     mov   reg[CUR_PP], >__r0           ; force direct addr mode instructions
                                        (0474)                                        ; to use the Virtual Register page.
                                        (0475) 
                                        (0476)     ; Dereference the constant (flash) pointer pXIData to access the start
                                        (0477)     ; of the extended idata area, "xidata." Xidata follows the end of the
                                        (0478)     ; text segment and may have been relocated by the Code Compressor.
                                        (0479)     ;
00CB: 50 04    MOV   A,0x4              (0480)     mov   A, >__pXIData                ; Get the address of the flash
00CD: 57 36    MOV   X,0x36             (0481)     mov   X, <__pXIData                ;   pointer to the xidata area.
00CF: 08       PUSH  A                  (0482)     push  A
00D0: 28       ROMX                     (0483)     romx                               ; get the MSB of xidata's address
00D1: 53 D7    MOV   [__r0],A           (0484)     mov   [__r0], A
00D3: 18       POP   A                  (0485)     pop   A
00D4: 75       INC   X                  (0486)     inc   X
00D5: 09 00    ADC   A,0x0              (0487)     adc   A, 0
00D7: 28       ROMX                     (0488)     romx                               ; get the LSB of xidata's address
00D8: 4B       SWAP  A,X                (0489)     swap  A, X
00D9: 51 D7    MOV   A,[__r0]           (0490)     mov   A, [__r0]                    ; pXIData (in [A,X]) points to the
                                        (0491)                                        ;   XIData structure list in flash
00DB: 80 04    JMP   0x00E0             (0492)     jmp   .AccessStruct
                                        (0493) 
                                        (0494)     ; Unpack one element in the xidata "structure list" that specifies the
                                        (0495)     ; values of C variables. Each structure contains 3 member elements.
                                        (0496)     ; The first is a pointer to a contiguous block of RAM to be initial-
                                        (0497)     ; ized. Blocks are always 255 bytes or less in length and never cross
                                        (0498)     ; RAM page boundaries. The list terminates when the MSB of the pointer
                                        (0499)     ; contains 0xFF. There are two formats for the struct depending on the
                                        (0500)     ; value in the second member element, an unsigned byte:
                                        (0501)     ; (1) If the value of the second element is non-zero, it represents
                                        (0502)     ; the 'size' of the block of RAM to be initialized. In this case, the
                                        (0503)     ; third member of the struct is an array of bytes of length 'size' and
                                        (0504)     ; the bytes are copied to the block of RAM.
                                        (0505)     ; (2) If the value of the second element is zero, the block of RAM is
                                        (0506)     ; to be cleared to zero. In this case, the third member of the struct
                                        (0507)     ; is an unsigned byte containing the number of bytes to clear.
                                        (0508) 
                                        (0509) .AccessNextStructLoop:
00DD: 75       INC   X                  (0510)     inc   X                            ; pXIData++
00DE: 09 00    ADC   A,0x0              (0511)     adc   A, 0
00E0: 62 E3 00 MOV   REG[0xE3],0x0      
                                        (0512) .AccessStruct:                         ; Entry point for first block
                                        (0513)     ;
                                        (0514)     ; Assert: pXIData in [A,X] points to the beginning of an XIData struct.
                                        (0515)     ;
                                        (0516)     M8C_ClearWDT                       ; Clear the watchdog for long inits
00E3: 08       PUSH  A                  (0517)     push  A
00E4: 28       ROMX                     (0518)     romx                               ; MSB of RAM addr (CPU.A <- *pXIData)
00E5: 60 D5    MOV   REG[0xD5],A        (0519)     mov   reg[MVW_PP], A               ;   for use with MVI write operations
00E7: 74       INC   A                  (0520)     inc   A                            ; End of Struct List? (MSB==0xFF?)
00E8: A0 4B    JZ    0x0134             (0521)     jz    .C_RTE_WrapUp                ;   Yes, C runtime environment complete
00EA: 18       POP   A                  (0522)     pop   A                            ; restore pXIData to [A,X]
00EB: 75       INC   X                  (0523)     inc   X                            ; pXIData++
00EC: 09 00    ADC   A,0x0              (0524)     adc   A, 0
00EE: 08       PUSH  A                  (0525)     push  A
00EF: 28       ROMX                     (0526)     romx                               ; LSB of RAM addr (CPU.A <- *pXIData)
00F0: 53 D7    MOV   [__r0],A           (0527)     mov   [__r0], A                    ; RAM Addr now in [reg[MVW_PP],[__r0]]
00F2: 18       POP   A                  (0528)     pop   A                            ; restore pXIData to [A,X]
00F3: 75       INC   X                  (0529)     inc   X                            ; pXIData++ (point to size)
00F4: 09 00    ADC   A,0x0              (0530)     adc   A, 0
00F6: 08       PUSH  A                  (0531)     push  A
00F7: 28       ROMX                     (0532)     romx                               ; Get the size (CPU.A <- *pXIData)
00F8: A0 1C    JZ    0x0115             (0533)     jz    .ClearRAMBlockToZero         ; If Size==0, then go clear RAM
00FA: 53 D6    MOV   [__r1],A           (0534)     mov   [__r1], A                    ;             else downcount in __r1
00FC: 18       POP   A                  (0535)     pop   A                            ; restore pXIData to [A,X]
                                        (0536) 
                                        (0537) .CopyNextByteLoop:
                                        (0538)     ; For each byte in the structure's array member, copy from flash to RAM.
                                        (0539)     ; Assert: pXIData in [A,X] points to previous byte of flash source;
                                        (0540)     ;         [reg[MVW_PP],[__r0]] points to next RAM destination;
                                        (0541)     ;         __r1 holds a non-zero count of the number of bytes remaining.
                                        (0542)     ;
00FD: 75       INC   X                  (0543)     inc   X                            ; pXIData++ (point to next data byte)
00FE: 09 00    ADC   A,0x0              (0544)     adc   A, 0
0100: 08       PUSH  A                  (0545)     push  A
0101: 28       ROMX                     (0546)     romx                               ; Get the data value (CPU.A <- *pXIData)
0102: 3F D7    MVI   [__r0],A           (0547)     mvi   [__r0], A                    ; Transfer the data to RAM
0104: 47 D7 FF TST   [__r0],0xFF        (0548)     tst   [__r0], 0xff                 ; Check for page crossing
0107: B0 06    JNZ   0x010E             (0549)     jnz   .CopyLoopTail                ;   No crossing, keep going
0109: 5D D5    MOV   A,REG[0xD5]        (0550)     mov   A, reg[ MVW_PP]              ;   If crossing, bump MVW page reg
010B: 74       INC   A                  (0551)     inc   A
010C: 60 D5    MOV   REG[0xD5],A        (0552)     mov   reg[ MVW_PP], A
                                        (0553) .CopyLoopTail:
010E: 18       POP   A                  (0554)     pop   A                            ; restore pXIData to [A,X]
010F: 7A D6    DEC   [__r1]             (0555)     dec   [__r1]                       ; End of this array in flash?
0111: BF EB    JNZ   0x00FD             (0556)     jnz   .CopyNextByteLoop            ;   No,  more bytes to copy
0113: 8F C9    JMP   0x00DD             (0557)     jmp   .AccessNextStructLoop        ;   Yes, initialize another RAM block
                                        (0558) 
                                        (0559) .ClearRAMBlockToZero:
0115: 18       POP   A                  (0560)     pop   A                            ; restore pXIData to [A,X]
0116: 75       INC   X                  (0561)     inc   X                            ; pXIData++ (point to next data byte)
0117: 09 00    ADC   A,0x0              (0562)     adc   A, 0
0119: 08       PUSH  A                  (0563)     push  A
011A: 28       ROMX                     (0564)     romx                               ; Get the run length (CPU.A <- *pXIData)
011B: 53 D6    MOV   [__r1],A           (0565)     mov   [__r1], A                    ; Initialize downcounter
011D: 50 00    MOV   A,0x0              (0566)     mov   A, 0                         ; Initialize source data
                                        (0567) 
                                        (0568) .ClearRAMBlockLoop:
                                        (0569)     ; Assert: [reg[MVW_PP],[__r0]] points to next RAM destination and
                                        (0570)     ;         __r1 holds a non-zero count of the number of bytes remaining.
                                        (0571)     ;
011F: 3F D7    MVI   [__r0],A           (0572)     mvi   [__r0], A                    ; Clear a byte
0121: 47 D7 FF TST   [__r0],0xFF        (0573)     tst   [__r0], 0xff                 ; Check for page crossing
0124: B0 08    JNZ   0x012D             (0574)     jnz   .ClearLoopTail               ;   No crossing, keep going
0126: 5D D5    MOV   A,REG[0xD5]        (0575)     mov   A, reg[ MVW_PP]              ;   If crossing, bump MVW page reg
0128: 74       INC   A                  (0576)     inc   A
0129: 60 D5    MOV   REG[0xD5],A        (0577)     mov   reg[ MVW_PP], A
012B: 50 00    MOV   A,0x0              (0578)     mov   A, 0                         ; Restore the zero used for clearing
                                        (0579) .ClearLoopTail:
012D: 7A D6    DEC   [__r1]             (0580)     dec   [__r1]                       ; Was this the last byte?
012F: BF EF    JNZ   0x011F             (0581)     jnz   .ClearRAMBlockLoop           ;   No,  continue
0131: 18       POP   A                  (0582)     pop   A                            ;   Yes, restore pXIData to [A,X] and
0132: 8F AA    JMP   0x00DD             (0583)     jmp   .AccessNextStructLoop        ;        initialize another RAM block
                                        (0584) 
                                        (0585) .C_RTE_WrapUp:
0134: 18       POP   A                  (0586)     pop   A                            ; balance stack
0135: 71 10    OR    F,0x10             
                                        (0587) 
                                        (0588) ENDIF ; SYSTEM_LARGE_MEMORY_MODEL
                                        (0589) 
                                        (0590) C_RTE_Done:
                                        (0591) 
                                        (0592) ENDIF ; C_LANGUAGE_SUPPORT
                                        (0593) 
                                        (0594)     ;-------------------------------
                                        (0595)     ; Voltage Stabilization for SMP
                                        (0596)     ;-------------------------------
                                        (0597) 
                                        (0598) IF ( POWER_SETTING & POWER_SET_5V0)    ; 5.0V Operation
                                        (0599) IF ( SWITCH_MODE_PUMP ^ 1 )            ; SMP is operational
                                        (0600)     ;- - - - - - - - - - - - - - - - - - - - - - - - - - - - - - - - - - -
                                        (0601)     ; When using the SMP at 5V, we must wait for Vdd to slew from 3.1V to
                                        (0602)     ; 5V before enabling the Precision Power-On Reset (PPOR).
                                        (0603)     ;- - - - - - - - - - - - - - - - - - - - - - - - - - - - - - - - - - -
                                        (0604)     or   reg[INT_MSK0],INT_MSK0_SLEEP
                                        (0605)     M8C_SetBank1
                                        (0606)     and   reg[OSC_CR0], ~OSC_CR0_SLEEP
                                        (0607)     or    reg[OSC_CR0],  OSC_CR0_SLEEP_512Hz
                                        (0608)     M8C_SetBank0
                                        (0609)     M8C_ClearWDTAndSleep                   ; Restart the sleep timer
                                        (0610)     mov   reg[INT_VC], 0                   ; Clear all pending interrupts
                                        (0611) .WaitFor2ms:
                                        (0612)     tst   reg[INT_CLR0], INT_MSK0_SLEEP    ; Test the SleepTimer Interrupt Status
                                        (0613)     jz   .WaitFor2ms                       ; Branch fails when 2 msec has passed
                                        (0614) ENDIF ; SMP is operational
                                        (0615) ENDIF ; 5.0V Operation
                                        (0616) 
                                        (0617)     ;-------------------------------
                                        (0618)     ; Set Power-On Reset (POR) Level
                                        (0619)     ;-------------------------------
                                        (0620) 
                                        (0621)     ; This checks for improper selection of CPU voltage and processer speed ratings. If an improper selection 
                                        (0622)     ; is made (in the global resources section of the device editor), a compilation error is created, disallowing
                                        (0623)     ; this selection. If the selection is valid, the POR level is then set.
                                        (0624)     ; Invalid cases checked: 
                                        (0625)     ;   -At 3.3 volt operation, the cpu rate must be at or below 12 MHz
                                        (0626) 
                                        (0627) 
                                        (0628) IF (POWER_SETTING & POWER_SET_3V3)		; 3.3V Operation?
                                        (0629)  IF ( POWER_SETTING & POWER_SET_SLOW_IMO)      ; *** SLIMO = 6MHZ, Do Nothing ***
                                        (0630)  ELSE
                                        (0631)    IF (CPU_CLOCK_JUST ^ OSC_CR0_CPU_24MHz)	; Not 24 MHz, Do Nothing...
                                        (0632)    ELSE						; Otherwise, 24 MHz is selected... raise error
                                        (0633) 	ERROR_PSoC SEE COMMENTS			; Error - cannot use 24 MHz w/ 3.3V operation (Clock <= 12 MHz)
                                        (0634)    ENDIF
                                        (0635)  ENDIF
                                        (0636) ENDIF
                                        (0637)     ;  The writes to the VLT_CR register below include setting the POR to VLT_CR_POR_HIGH, 
                                        (0638)     ;  VLT_CR_POR_MID or VLT_CR_POR_LOW. Correctly setting this value is critical to the proper 
                                        (0639)     ;  operation of the PSoC. The POR protects the M8C from mis-executing when Vdd falls low. 
                                        (0640)     ;  These values should not be changed from the settings here. See Section "POR and LVD" of 
                                        (0641)     ;  Technical Reference Manual #001-52594 for more information.
                                        (0642) 
                                        (0643)     M8C_SetBank1
                                        (0644) 
                                        (0645) IF (POWER_SETTING & POWER_SET_5V0)          ; 5.0V Operation?
                                        (0646)  IF (POWER_SETTING & POWER_SET_SLOW_IMO)    ; and Slow Mode?
                                        (0647)  ELSE                                       ;    No, fast mode
                                        (0648)   IF ( CPU_CLOCK_JUST ^ OSC_CR0_CPU_24MHz ) ;    As fast as 24MHz?
                                        (0649)                                             ;       no, set midpoint POR in user code, if desired
                                        (0650)   ELSE ; 24HMz                              ;
0137: 43 E3 20 OR    REG[0xE3],0x20     (0651)     or    reg[VLT_CR],  VLT_CR_POR_HIGH     ;      yes, highest POR trip point required
013A: 70 EF    AND   F,0xEF             
                                        (0652)   ENDIF ; 24MHz
                                        (0653)  ENDIF ; Slow Mode
                                        (0654) ENDIF ; 5.0V Operation
                                        (0655) 
                                        (0656)     M8C_SetBank0
                                        (0657) 
                                        (0658)     ;----------------------------
                                        (0659)     ; Wrap up and invoke "main"
                                        (0660)     ;----------------------------
                                        (0661) 
                                        (0662)     ; Disable the Sleep interrupt that was used for timing above.  In fact,
                                        (0663)     ; no interrupts should be enabled now, so may as well clear the register.
                                        (0664)     ;
013C: 62 E0 00 MOV   REG[0xE0],0x0      (0665)     mov  reg[INT_MSK0],0
013F: 71 10    OR    F,0x10             
                                        (0666) 
                                        (0667)     ; Everything has started OK. Now select requested CPU & sleep frequency.
                                        (0668)     ;
                                        (0669)     M8C_SetBank1
0141: 62 E0 03 MOV   REG[0xE0],0x3      (0670)     mov  reg[OSC_CR0],(SELECT_32K_JUST | PLL_MODE_JUST | SLEEP_TIMER_JUST | CPU_CLOCK_JUST)
0144: 43 E2 00 OR    REG[0xE2],0x0      (0671) 	or  reg[OSC_CR2], (SLEEP_TIMER_JUST2)
0147: 70 EF    AND   F,0xEF             
                                        (0672)     M8C_SetBank0
                                        (0673) 
                                        (0674)     ; Global Interrupt are NOT enabled, this should be done in main().
                                        (0675)     ; LVD is set but will not occur unless Global Interrupts are enabled.
                                        (0676)     ; Global Interrupts should be enabled as soon as possible in main().
                                        (0677)     ;
0149: 62 E2 00 MOV   REG[0xE2],0x0      (0678)     mov  reg[INT_VC],0             ; Clear any pending interrupts which may
                                        (0679)                                    ; have been set during the boot process.
                                        (0680) IF	(TOOLCHAIN & HITECH)
                                        (0681) 	ljmp  startup                  ; Jump to C compiler startup code
                                        (0682) ELSE
                                        (0683) IF ENABLE_LJMP_TO_MAIN
                                        (0684)     ljmp  _main                    ; goto main (no return)
                                        (0685) ELSE
014C: 7C 0E 7A LCALL _main              (0686)     lcall _main                    ; call main
                                        (0687) .Exit:
014F: 8F FF    JMP   0x014F             (0688)     jmp  .Exit                     ; Wait here after return till power-off or reset
                                        (0689) ENDIF
                                        (0690) ENDIF ; TOOLCHAIN
                                        (0691) 
                                        (0692)     ;---------------------------------
                                        (0693)     ; Library Access to Global Parms
                                        (0694)     ;---------------------------------
                                        (0695)     ;
                                        (0696)  bGetPowerSetting:
                                        (0697) _bGetPowerSetting:
                                        (0698)     ; Returns value of POWER_SETTING in the A register.
                                        (0699)     ; No inputs. No Side Effects.
                                        (0700)     ;
                                        (0701) IF (POWER_SETTING & POWER_SET_2V7)
                                        (0702)     mov   A, POWER_SETTING | POWER_SET_SLOW_IMO
                                        (0703) ELSE
0151: 50 10    MOV   A,0x10             (0704)     mov   A, POWER_SETTING          ; Supply voltage and internal main osc
                                        (0705) ENDIF
0153: 7F       RET                      (0706)     ret
                                        (0707) 
                                        (0708) IF	(TOOLCHAIN & HITECH)
                                        (0709) ELSE
                                        (0710)     ;---------------------------------
                                        (0711)     ; Order Critical RAM & ROM AREAs
                                        (0712)     ;---------------------------------
                                        (0713)     ;  'TOP' is all that has been defined so far...
                                        (0714) 
                                        (0715)     ;  ROM AREAs for C CONST, static & global items
                                        (0716)     ;
                                        (0717)     AREA lit               (ROM, REL, CON, LIT)   ; 'const' definitions
                                        (0718)     AREA idata             (ROM, REL, CON, LIT)   ; Constants for initializing RAM
                                        (0719) __idata_start:
                                        (0720) 
                                        (0721)     AREA func_lit          (ROM, REL, CON, proclab)   ; Function Pointers
                                        (0722) __func_lit_start:
                                        (0723) 
                                        (0724) IF ( SYSTEM_LARGE_MEMORY_MODEL )
                                        (0725)     ; We use the func_lit area to store a pointer to extended initialized
                                        (0726)     ; data (xidata) area that follows the text area. Func_lit isn't
                                        (0727)     ; relocated by the code compressor, but the text area may shrink and
                                        (0728)     ; that moves xidata around.
                                        (0729)     ;
                                        (0730) __pXIData:         word __text_end           ; ptr to extended idata
                                        (0731) ENDIF
                                        (0732) 
                                        (0733)     AREA psoc_config       (ROM, REL, CON)   ; Configuration Load & Unload
                                        (0734)     AREA UserModules       (ROM, REL, CON)   ; User Module APIs
                                        (0735) 
                                        (0736)     ; CODE segment for general use
                                        (0737)     ;
                                        (0738)     AREA text (ROM, REL, CON)
                                        (0739) __text_start:
                                        (0740) 
                                        (0741)     ; RAM area usage
                                        (0742)     ;
                                        (0743)     AREA data              (RAM, REL, CON)   ; initialized RAM
                                        (0744) __data_start:
                                        (0745) 
                                        (0746)     AREA virtual_registers (RAM, REL, CON)   ; Temp vars of C compiler
                                        (0747)     AREA InterruptRAM      (RAM, REL, CON)   ; Interrupts, on Page 0
                                        (0748)     AREA bss               (RAM, REL, CON)   ; general use
                                        (0749) __bss_start:
                                        (0750) ENDIF ; TOOLCHAIN
                                        (0751) ; end of file boot.asm
FILE: lib\psocconfigtbl.asm             (0001) ;  Generated by PSoC Designer 5.4.3191
0438: 70 EF    AND   F,0xEF             (0002) ;
                                        (0003) ; =============================================================================
                                        (0004) ; FILENAME: PSoCConfigTBL.asm
                                        (0005) ;  
                                        (0006) ; Copyright (c) Cypress Semiconductor 2013. All Rights Reserved.
                                        (0007) ;  
                                        (0008) ; NOTES:
                                        (0009) ; Do not modify this file. It is generated by PSoC Designer each time the
                                        (0010) ; generate application function is run. The values of the parameters in this
                                        (0011) ; file can be modified by changing the values of the global parameters in the
                                        (0012) ; device editor.
                                        (0013) ;  
                                        (0014) ; =============================================================================
                                        (0015)  
                                        (0016) include "m8c.inc"
                                        (0017) ;  Personalization tables 
                                        (0018) export LoadConfigTBL_fitolamp_slave_Bank1
                                        (0019) export LoadConfigTBL_fitolamp_slave_Bank0
                                        (0020) export LoadConfigTBL_fitolamp_slave_Ordered
                                        (0021) AREA lit(rom, rel)
                                        (0022) LoadConfigTBL_fitolamp_slave_Bank0:
                                        (0023) ;  Instance name Counter16_PwrUpd, User Module Counter16
                                        (0024) ;       Instance name Counter16_PwrUpd, Block Name CNTR16_LSB(DBC10)
                                        (0025) 	db		33h, 00h		;Counter16_PwrUpd_CONTROL_LSB_REG(DBC10CR0)
                                        (0026) 	db		31h, 10h		;Counter16_PwrUpd_PERIOD_LSB_REG(DBC10DR1)
                                        (0027) 	db		32h, 00h		;Counter16_PwrUpd_COMPARE_LSB_REG(DBC10DR2)
                                        (0028) ;       Instance name Counter16_PwrUpd, Block Name CNTR16_MSB(DBC11)
                                        (0029) 	db		37h, 00h		;Counter16_PwrUpd_CONTROL_MSB_REG(DBC11CR0)
                                        (0030) 	db		35h, 27h		;Counter16_PwrUpd_PERIOD_MSB_REG(DBC11DR1)
                                        (0031) 	db		36h, 00h		;Counter16_PwrUpd_COMPARE_MSB_REG(DBC11DR2)
                                        (0032) ;  Instance name Counter8_RF_clk, User Module Counter8
                                        (0033) ;       Instance name Counter8_RF_clk, Block Name CNTR8(DBC20)
                                        (0034) 	db		43h, 00h		;Counter8_RF_clk_CONTROL_REG(DBC20CR0)
                                        (0035) 	db		41h, 9ch		;Counter8_RF_clk_PERIOD_REG(DBC20DR1)
                                        (0036) 	db		42h, 4eh		;Counter8_RF_clk_COMPARE_REG(DBC20DR2)
                                        (0037) ;  Instance name LED_Blue, User Module LED
                                        (0038) ;  Instance name PWM16_CH0, User Module PWM16
                                        (0039) ;       Instance name PWM16_CH0, Block Name PWM16_LSB(DBC00)
                                        (0040) 	db		23h, 00h		;PWM16_CH0_CONTROL_LSB_REG(DBC00CR0)
                                        (0041) 	db		21h, 20h		;PWM16_CH0_PERIOD_LSB_REG(DBC00DR1)
                                        (0042) 	db		22h, 00h		;PWM16_CH0_COMPARE_LSB_REG(DBC00DR2)
                                        (0043) ;       Instance name PWM16_CH0, Block Name PWM16_MSB(DBC01)
                                        (0044) 	db		27h, 00h		;PWM16_CH0_CONTROL_MSB_REG(DBC01CR0)
                                        (0045) 	db		25h, 4eh		;PWM16_CH0_PERIOD_MSB_REG(DBC01DR1)
                                        (0046) 	db		26h, 00h		;PWM16_CH0_COMPARE_MSB_REG(DBC01DR2)
                                        (0047) ;  Instance name PWM16_CH1, User Module PWM16
                                        (0048) ;       Instance name PWM16_CH1, Block Name PWM16_LSB(DCC02)
                                        (0049) 	db		2bh, 00h		;PWM16_CH1_CONTROL_LSB_REG(DCC02CR0)
                                        (0050) 	db		29h, 20h		;PWM16_CH1_PERIOD_LSB_REG(DCC02DR1)
                                        (0051) 	db		2ah, 00h		;PWM16_CH1_COMPARE_LSB_REG(DCC02DR2)
                                        (0052) ;       Instance name PWM16_CH1, Block Name PWM16_MSB(DCC03)
                                        (0053) 	db		2fh, 00h		;PWM16_CH1_CONTROL_MSB_REG(DCC03CR0)
                                        (0054) 	db		2dh, 4eh		;PWM16_CH1_PERIOD_MSB_REG(DCC03DR1)
                                        (0055) 	db		2eh, 00h		;PWM16_CH1_COMPARE_MSB_REG(DCC03DR2)
                                        (0056) ;  Instance name RTC, User Module RTC
                                        (0057) ;  Instance name RX8_GPS, User Module RX8
                                        (0058) ;       Instance name RX8_GPS, Block Name RX8(DCC12)
                                        (0059) 	db		3bh, 00h		;RX8_GPS_CONTROL_REG  (DCC12CR0)
                                        (0060) 	db		39h, 00h		;RX8_GPS_(DCC12DR1)
                                        (0061) 	db		3ah, 00h		;RX8_GPS_RX_BUFFER_REG(DCC12DR2)
                                        (0062) ;  Instance name RX8_RF, User Module RX8
                                        (0063) ;       Instance name RX8_RF, Block Name RX8(DCC22)
                                        (0064) 	db		4bh, 00h		;RX8_RF_CONTROL_REG  (DCC22CR0)
                                        (0065) 	db		49h, 00h		;RX8_RF_(DCC22DR1)
                                        (0066) 	db		4ah, 00h		;RX8_RF_RX_BUFFER_REG(DCC22DR2)
                                        (0067) ;  Instance name TX8_Debug, User Module TX8
                                        (0068) ;       Instance name TX8_Debug, Block Name TX8(DCC13)
                                        (0069) 	db		3fh, 00h		;TX8_Debug_CONTROL_REG  (DCC13CR0)
                                        (0070) 	db		3dh, 00h		;TX8_Debug_TX_BUFFER_REG(DCC13DR1)
                                        (0071) 	db		3eh, 00h		;TX8_Debug_(DCC13DR2)
                                        (0072) ;  Global Register values Bank 0
                                        (0073) 	db		6ah, 00h		; ADCDataHigh register (SADC_DH)
                                        (0074) 	db		6bh, 00h		; ADCDataLow register (SADC_DL)
                                        (0075) 	db		62h, 00h		; AnalogClockSelect3 register (CLK_CR3)
                                        (0076) 	db		60h, 29h		; AnalogColumnInputSelect register (AMX_IN)
                                        (0077) 	db		66h, 00h		; AnalogComparatorControl1 register (CMP_CR1)
                                        (0078) 	db		61h, 00h		; AnalogMuxBusConfig register (AMUX_CFG)
                                        (0079) 	db		fch, 00h		; AnalogMuxDACData:0 register (IDACR_D)
                                        (0080) 	db		fdh, 00h		; AnalogMuxDACData:1 register (IDACL_D)
                                        (0081) 	db		63h, 05h		; AnalogReferenceControl register (ARF_CR)
                                        (0082) 	db		65h, 00h		; AnalogSynchronizationControl register (ASY_CR)
                                        (0083) 	db		e6h, 00h		; DecimatorControl_0 register (DEC_CR0)
                                        (0084) 	db		e7h, 00h		; DecimatorControl_1 register (DEC_CR1)
                                        (0085) 	db		a0h, 00h		; DecimatorDataHigh:0 register (DEC0_DH)
                                        (0086) 	db		a2h, 00h		; DecimatorDataHigh:1 register (DEC1_DH)
                                        (0087) 	db		a4h, 00h		; DecimatorDataHigh:2 register (DEC2_DH)
                                        (0088) 	db		a6h, 00h		; DecimatorDataHigh:3 register (DEC3_DH)
                                        (0089) 	db		a1h, 00h		; DecimatorDataLow:0 register (DEC0_DL)
                                        (0090) 	db		a3h, 00h		; DecimatorDataLow:1 register (DEC1_DL)
                                        (0091) 	db		a5h, 00h		; DecimatorDataLow:2 register (DEC2_DL)
                                        (0092) 	db		a7h, 00h		; DecimatorDataLow:3 register (DEC3_DL)
                                        (0093) 	db		d6h, 00h		; I2CConfig:0 register (I2C0_CFG)
                                        (0094) 	db		e8h, 00h		; Multiply0InputX register (MUL0_X)
                                        (0095) 	db		e9h, 00h		; Multiply0InputY register (MUL0_Y)
                                        (0096) 	db		a8h, 00h		; Multiply1InputX register (MUL1_X)
                                        (0097) 	db		a9h, 00h		; Multiply1InputY register (MUL1_Y)
                                        (0098) 	db		b7h, 00h		; RowDigitalInterconnectInputSelect:0 register (RDI0DSM)
                                        (0099) 	db		bfh, 00h		; RowDigitalInterconnectInputSelect:1 register (RDI1DSM)
                                        (0100) 	db		c7h, 00h		; RowDigitalInterconnectInputSelect:2 register (RDI2DSM)
                                        (0101) 	db		b0h, 00h		; Row_0_InputMux register (RDI0RI)
                                        (0102) 	db		b1h, 00h		; Row_0_InputSync register (RDI0SYN)
                                        (0103) 	db		b2h, 00h		; Row_0_LogicInputAMux register (RDI0IS)
                                        (0104) 	db		b3h, 33h		; Row_0_LogicSelect_0 register (RDI0LT0)
                                        (0105) 	db		b4h, 33h		; Row_0_LogicSelect_1 register (RDI0LT1)
                                        (0106) 	db		b5h, 44h		; Row_0_OutputDrive_0 register (RDI0RO0)
                                        (0107) 	db		b6h, 00h		; Row_0_OutputDrive_1 register (RDI0RO1)
                                        (0108) 	db		b8h, 65h		; Row_1_InputMux register (RDI1RI)
                                        (0109) 	db		b9h, 00h		; Row_1_InputSync register (RDI1SYN)
                                        (0110) 	db		bah, 10h		; Row_1_LogicInputAMux register (RDI1IS)
                                        (0111) 	db		bbh, 33h		; Row_1_LogicSelect_0 register (RDI1LT0)
                                        (0112) 	db		bch, 33h		; Row_1_LogicSelect_1 register (RDI1LT1)
                                        (0113) 	db		bdh, 00h		; Row_1_OutputDrive_0 register (RDI1RO0)
                                        (0114) 	db		beh, 20h		; Row_1_OutputDrive_1 register (RDI1RO1)
                                        (0115) 	db		c0h, aah		; Row_2_InputMux register (RDI2RI)
                                        (0116) 	db		c1h, 00h		; Row_2_InputSync register (RDI2SYN)
                                        (0117) 	db		c2h, 00h		; Row_2_LogicInputAMux register (RDI2IS)
                                        (0118) 	db		c3h, 33h		; Row_2_LogicSelect_0 register (RDI2LT0)
                                        (0119) 	db		c4h, 33h		; Row_2_LogicSelect_1 register (RDI2LT1)
                                        (0120) 	db		c5h, 00h		; Row_2_OutputDrive_0 register (RDI2RO0)
                                        (0121) 	db		c6h, 00h		; Row_2_OutputDrive_1 register (RDI2RO1)
                                        (0122) 	db		ffh
                                        (0123) LoadConfigTBL_fitolamp_slave_Bank1:
                                        (0124) ;  Instance name Counter16_PwrUpd, User Module Counter16
                                        (0125) ;       Instance name Counter16_PwrUpd, Block Name CNTR16_LSB(DBC10)
                                        (0126) 	db		33h, 00h		;Counter16_PwrUpd_(DBC10CR1)
                                        (0127) 	db		30h, 01h		;Counter16_PwrUpd_FUNC_LSB_REG(DBC10FN)
                                        (0128) 	db		31h, 17h		;Counter16_PwrUpd_INPUT_LSB_REG(DBC10IN)
                                        (0129) 	db		32h, 00h		;Counter16_PwrUpd_OUTPUT_LSB_REG(DBC10OU)
                                        (0130) ;       Instance name Counter16_PwrUpd, Block Name CNTR16_MSB(DBC11)
                                        (0131) 	db		37h, 00h		;Counter16_PwrUpd_(DBC11CR1)
                                        (0132) 	db		34h, 21h		;Counter16_PwrUpd_FUNC_MSB_REG(DBC11FN)
                                        (0133) 	db		35h, 37h		;Counter16_PwrUpd_INPUT_MSB_REG(DBC11IN)
                                        (0134) 	db		36h, 00h		;Counter16_PwrUpd_OUTPUT_MSB_REG(DBC11OU)
                                        (0135) ;  Instance name Counter8_RF_clk, User Module Counter8
                                        (0136) ;       Instance name Counter8_RF_clk, Block Name CNTR8(DBC20)
                                        (0137) 	db		43h, 00h		;Counter8_RF_clk_(DBC20CR1)
                                        (0138) 	db		40h, 31h		;Counter8_RF_clk_FUNC_REG(DBC20FN)
                                        (0139) 	db		41h, 16h		;Counter8_RF_clk_INPUT_REG(DBC20IN)
                                        (0140) 	db		42h, 04h		;Counter8_RF_clk_OUTPUT_REG(DBC20OU)
                                        (0141) ;  Instance name LED_Blue, User Module LED
                                        (0142) ;  Instance name PWM16_CH0, User Module PWM16
                                        (0143) ;       Instance name PWM16_CH0, Block Name PWM16_LSB(DBC00)
                                        (0144) 	db		23h, 00h		;PWM16_CH0_(DBC00CR1)
                                        (0145) 	db		20h, 11h		;PWM16_CH0_FUNC_LSB_REG(DBC00FN)
                                        (0146) 	db		21h, 14h		;PWM16_CH0_INPUT_LSB_REG(DBC00IN)
                                        (0147) 	db		22h, 00h		;PWM16_CH0_OUTPUT_LSB_REG(DBC00OU)
                                        (0148) ;       Instance name PWM16_CH0, Block Name PWM16_MSB(DBC01)
                                        (0149) 	db		27h, 00h		;PWM16_CH0_(DBC01CR1)
                                        (0150) 	db		24h, 31h		;PWM16_CH0_FUNC_MSB_REG(DBC01FN)
                                        (0151) 	db		25h, 34h		;PWM16_CH0_INPUT_MSB_REG(DBC01IN)
                                        (0152) 	db		26h, 04h		;PWM16_CH0_OUTPUT_MSB_REG(DBC01OU)
                                        (0153) ;  Instance name PWM16_CH1, User Module PWM16
                                        (0154) ;       Instance name PWM16_CH1, Block Name PWM16_LSB(DCC02)
                                        (0155) 	db		2bh, 00h		;PWM16_CH1_(DCC02CR1)
                                        (0156) 	db		28h, 11h		;PWM16_CH1_FUNC_LSB_REG(DCC02FN)
                                        (0157) 	db		29h, 14h		;PWM16_CH1_INPUT_LSB_REG(DCC02IN)
                                        (0158) 	db		2ah, 00h		;PWM16_CH1_OUTPUT_LSB_REG(DCC02OU)
                                        (0159) ;       Instance name PWM16_CH1, Block Name PWM16_MSB(DCC03)
                                        (0160) 	db		2fh, 00h		;PWM16_CH1_(DCC03CR1)
                                        (0161) 	db		2ch, 31h		;PWM16_CH1_FUNC_MSB_REG(DCC03FN)
                                        (0162) 	db		2dh, 34h		;PWM16_CH1_INPUT_MSB_REG(DCC03IN)
                                        (0163) 	db		2eh, 05h		;PWM16_CH1_OUTPUT_MSB_REG(DCC03OU)
                                        (0164) ;  Instance name RTC, User Module RTC
                                        (0165) ;  Instance name RX8_GPS, User Module RX8
                                        (0166) ;       Instance name RX8_GPS, Block Name RX8(DCC12)
                                        (0167) 	db		3bh, 00h		;RX8_GPS_(DCC12CR1)
                                        (0168) 	db		38h, 05h		;RX8_GPS_FUNC_REG     (DCC12FN)
                                        (0169) 	db		39h, e1h		;RX8_GPS_INPUT_REG    (DCC12IN)
                                        (0170) 	db		3ah, 00h		;RX8_GPS_OUTPUT_REG   (DCC12OU)
                                        (0171) ;  Instance name RX8_RF, User Module RX8
                                        (0172) ;       Instance name RX8_RF, Block Name RX8(DCC22)
                                        (0173) 	db		4bh, 00h		;RX8_RF_(DCC22CR1)
                                        (0174) 	db		48h, 85h		;RX8_RF_FUNC_REG     (DCC22FN)
                                        (0175) 	db		49h, f8h		;RX8_RF_INPUT_REG    (DCC22IN)
                                        (0176) 	db		4ah, 00h		;RX8_RF_OUTPUT_REG   (DCC22OU)
                                        (0177) ;  Instance name TX8_Debug, User Module TX8
                                        (0178) ;       Instance name TX8_Debug, Block Name TX8(DCC13)
                                        (0179) 	db		3fh, 00h		;TX8_Debug_(DCC13CR1)
                                        (0180) 	db		3ch, 0dh		;TX8_Debug_FUNC_REG     (DCC13FN)
                                        (0181) 	db		3dh, 01h		;TX8_Debug_INPUT_REG    (DCC13IN)
                                        (0182) 	db		3eh, 07h		;TX8_Debug_OUTPUT_REG   (DCC13OU)
                                        (0183) ;  Global Register values Bank 1
                                        (0184) 	db		a8h, 00h		; ADCControl0 register (SADC_CR0)
                                        (0185) 	db		a9h, 00h		; ADCControl1 register (SADC_CR1)
                                        (0186) 	db		aah, 00h		; ADCControl2 register (ADC_CR2)
                                        (0187) 	db		abh, 00h		; ADCControl3 register (ADC_CR3TRIM)
                                        (0188) 	db		ach, 00h		; ADCControl4 register (ADC_CR4)
                                        (0189) 	db		61h, 00h		; AnalogClockSelect1 register (CLK_CR1)
                                        (0190) 	db		69h, 00h		; AnalogClockSelect2 register (CLK_CR2)
                                        (0191) 	db		8bh, 00h		; AnalogColumnClockDivide register (ACE_CLK_CR3)
                                        (0192) 	db		60h, 00h		; AnalogColumnClockSelect register (CLK_CR0)
                                        (0193) 	db		8ah, 00h		; AnalogEClockSelect1 register (ACE_CLK_CR1)
                                        (0194) 	db		89h, 00h		; AnalogEColumnClockSelect register (ACE_CLK_CR0)
                                        (0195) 	db		75h, 09h		; AnalogEColumnInputSelect register (ACE_AMX_IN)
                                        (0196) 	db		76h, 00h		; AnalogEComparatorControl0 register (ACE_CMP_CR0)
                                        (0197) 	db		77h, 00h		; AnalogEComparatorControl1 register (ACE_CMP_CR1)
                                        (0198) 	db		7ah, 33h		; AnalogELUTControl0 register (ACE_ALT_CR0)
                                        (0199) 	db		62h, 00h		; AnalogIOControl_0 register (ABF_CR0)
                                        (0200) 	db		67h, 33h		; AnalogLUTControl0 register (ALT_CR0)
                                        (0201) 	db		68h, 33h		; AnalogLUTControl1 register (ALT_CR1)
                                        (0202) 	db		63h, 00h		; AnalogModulatorControl_0 register (AMD_CR0)
                                        (0203) 	db		66h, 00h		; AnalogModulatorControl_1 register (AMD_CR1)
                                        (0204) 	db		6ah, 00h		; AnalogMuxBusConfig1 register (AMUX_CFG1)
                                        (0205) 	db		afh, 00h		; AnalogMuxClock register (AMUX_CLK)
                                        (0206) 	db		7bh, 00h		; AnalogOutBufferControl register (ACE_ABF_CR0)
                                        (0207) 	db		79h, 00h		; ComparatorGlobalInEn register (ACE_CMP_GI_EN)
                                        (0208) 	db		64h, 00h		; ComparatorGlobalOutEn register (CMP_GO_EN)
                                        (0209) 	db		65h, 00h		; ComparatorGlobalOutEn1 register (CMP_GO_EN1)
                                        (0210) 	db		fdh, 00h		; DAC_Control_0 register (IDAC_CR0)
                                        (0211) 	db		dch, 00h		; DAC_Control_1 register (IDAC_CR1)
                                        (0212) 	db		91h, 00h		; DEC_CR0:0 register (DEC0_CR0)
                                        (0213) 	db		95h, 00h		; DEC_CR0:1 register (DEC1_CR0)
                                        (0214) 	db		99h, 00h		; DEC_CR0:2 register (DEC2_CR0)
                                        (0215) 	db		9dh, 00h		; DEC_CR0:3 register (DEC3_CR0)
                                        (0216) 	db		9ah, 00h		; DecimatorControl_5 register (DEC_CR5)
                                        (0217) 	db		92h, 00h		; DecimatorEnable:0 register (DEC_CR3)
                                        (0218) 	db		96h, 00h		; DecimatorEnable:1 register (DEC_CR4)
                                        (0219) 	db		d4h, 00h		; Decimator_Control:0 register (DEC0_CR)
                                        (0220) 	db		d5h, 00h		; Decimator_Control:1 register (DEC1_CR)
                                        (0221) 	db		d6h, 00h		; Decimator_Control:2 register (DEC2_CR)
                                        (0222) 	db		d7h, 00h		; Decimator_Control:3 register (DEC3_CR)
                                        (0223) 	db		d1h, 00h		; GlobalDigitalInterconnect_Drive_Even_Input register (GDI_E_IN)
                                        (0224) 	db		a1h, 00h		; GlobalDigitalInterconnect_Drive_Even_Input_Control register (GDI_E_IN_CR)
                                        (0225) 	db		d3h, 00h		; GlobalDigitalInterconnect_Drive_Even_Output register (GDI_E_OU)
                                        (0226) 	db		a3h, 00h		; GlobalDigitalInterconnect_Drive_Even_Output_Control register (GDI_E_OU_CR)
                                        (0227) 	db		d0h, 00h		; GlobalDigitalInterconnect_Drive_Odd_Input register (GDI_O_IN)
                                        (0228) 	db		a0h, 00h		; GlobalDigitalInterconnect_Drive_Odd_Input_Control register (GDI_O_IN_CR)
                                        (0229) 	db		d2h, 00h		; GlobalDigitalInterconnect_Drive_Odd_Output register (GDI_O_OU)
                                        (0230) 	db		a2h, 00h		; GlobalDigitalInterconnect_Drive_Odd_Output_Control register (GDI_O_OU_CR)
                                        (0231) 	db		adh, 00h		; I2CAddress:0 register (I2C0_ADDR)
                                        (0232) 	db		aeh, 00h		; I2CAddress:1 register (I2C1_ADDR)
                                        (0233) 	db		6bh, 00h		; I2CConfig:1 register (I2C1_CFG)
                                        (0234) 	db		e7h, 00h		; IDACMode register (IDACMODE)
                                        (0235) 	db		e1h, 71h		; OscillatorControl_1 register (OSC_CR1)
                                        (0236) 	db		e2h, 00h		; OscillatorControl_2 register (OSC_CR2)
                                        (0237) 	db		dfh, 26h		; OscillatorControl_3 register (OSC_CR3)
                                        (0238) 	db		deh, 01h		; OscillatorControl_4 register (OSC_CR4)
                                        (0239) 	db		ddh, 00h		; OscillatorGlobalBusEnableControl register (OSC_GO_EN)
                                        (0240) 	db		85h, 00h		; PWM_Control register (ACE_PWM_CR)
                                        (0241) 	db		d8h, 00h		; Port_0_MUXBusCtrl register (MUX_CR0)
                                        (0242) 	db		d9h, 00h		; Port_1_MUXBusCtrl register (MUX_CR1)
                                        (0243) 	db		dah, 00h		; Port_2_MUXBusCtrl register (MUX_CR2)
                                        (0244) 	db		dbh, 00h		; Port_3_MUXBusCtrl register (MUX_CR3)
                                        (0245) 	db		ech, 00h		; Port_4_MUXBusCtrl register (MUX_CR4)
                                        (0246) 	db		edh, 00h		; Port_5_MUXBusCtrl register (MUX_CR5)
                                        (0247) 	db		a7h, 00h		; RTClockControl register (RTCCR)
                                        (0248) 	db		a4h, 00h		; RTCurrentHour register (RTCH)
                                        (0249) 	db		a5h, 00h		; RTCurrentMinute register (RTCM)
                                        (0250) 	db		a6h, 00h		; RTCurrentSecond register (RTCS)
                                        (0251) 	db		82h, 00h		; TSCMPHigh register (SADC_TSCMPH)
                                        (0252) 	db		81h, 00h		; TSCMPLow register (SADC_TSCMPL)
                                        (0253) 	db		71h, 00h		; TSource0 register (SADC_TSCR0)
                                        (0254) 	db		72h, 00h		; TSource1 register (SADC_TSCR1)
                                        (0255) 	db		ffh
                                        (0256) AREA psoc_config(rom, rel)
                                        (0257) LoadConfigTBL_fitolamp_slave_Ordered:
                                        (0258) ;  Ordered Global Register values
                                        (0259) 	M8C_SetBank0
043A: 62 00 00 MOV   REG[0x0],0x0       (0260) 	mov	reg[00h], 00h		; Port_0_Data register (PRT0DR)
043D: 71 10    OR    F,0x10             
                                        (0261) 	M8C_SetBank1
043F: 62 00 00 MOV   REG[0x0],0x0       (0262) 	mov	reg[00h], 00h		; Port_0_DriveMode_0 register (PRT0DM0)
0442: 62 01 FF MOV   REG[0x1],0xFF      (0263) 	mov	reg[01h], ffh		; Port_0_DriveMode_1 register (PRT0DM1)
0445: 70 EF    AND   F,0xEF             
                                        (0264) 	M8C_SetBank0
0447: 62 03 FF MOV   REG[0x3],0xFF      (0265) 	mov	reg[03h], ffh		; Port_0_DriveMode_2 register (PRT0DM2)
044A: 62 02 00 MOV   REG[0x2],0x0       (0266) 	mov	reg[02h], 00h		; Port_0_GlobalSelect register (PRT0GS)
044D: 71 10    OR    F,0x10             
                                        (0267) 	M8C_SetBank1
044F: 62 02 00 MOV   REG[0x2],0x0       (0268) 	mov	reg[02h], 00h		; Port_0_IntCtrl_0 register (PRT0IC0)
0452: 62 03 00 MOV   REG[0x3],0x0       (0269) 	mov	reg[03h], 00h		; Port_0_IntCtrl_1 register (PRT0IC1)
0455: 70 EF    AND   F,0xEF             
                                        (0270) 	M8C_SetBank0
0457: 62 01 00 MOV   REG[0x1],0x0       (0271) 	mov	reg[01h], 00h		; Port_0_IntEn register (PRT0IE)
045A: 62 04 00 MOV   REG[0x4],0x0       (0272) 	mov	reg[04h], 00h		; Port_1_Data register (PRT1DR)
045D: 71 10    OR    F,0x10             
                                        (0273) 	M8C_SetBank1
045F: 62 04 13 MOV   REG[0x4],0x13      (0274) 	mov	reg[04h], 13h		; Port_1_DriveMode_0 register (PRT1DM0)
0462: 62 05 EC MOV   REG[0x5],0xEC      (0275) 	mov	reg[05h], ech		; Port_1_DriveMode_1 register (PRT1DM1)
0465: 70 EF    AND   F,0xEF             
                                        (0276) 	M8C_SetBank0
0467: 62 07 E0 MOV   REG[0x7],0xE0      (0277) 	mov	reg[07h], e0h		; Port_1_DriveMode_2 register (PRT1DM2)
046A: 62 06 0F MOV   REG[0x6],0xF       (0278) 	mov	reg[06h], 0fh		; Port_1_GlobalSelect register (PRT1GS)
046D: 71 10    OR    F,0x10             
                                        (0279) 	M8C_SetBank1
046F: 62 06 00 MOV   REG[0x6],0x0       (0280) 	mov	reg[06h], 00h		; Port_1_IntCtrl_0 register (PRT1IC0)
0472: 62 07 00 MOV   REG[0x7],0x0       (0281) 	mov	reg[07h], 00h		; Port_1_IntCtrl_1 register (PRT1IC1)
0475: 70 EF    AND   F,0xEF             
                                        (0282) 	M8C_SetBank0
0477: 62 05 00 MOV   REG[0x5],0x0       (0283) 	mov	reg[05h], 00h		; Port_1_IntEn register (PRT1IE)
047A: 62 08 00 MOV   REG[0x8],0x0       (0284) 	mov	reg[08h], 00h		; Port_2_Data register (PRT2DR)
047D: 71 10    OR    F,0x10             
                                        (0285) 	M8C_SetBank1
047F: 62 08 80 MOV   REG[0x8],0x80      (0286) 	mov	reg[08h], 80h		; Port_2_DriveMode_0 register (PRT2DM0)
0482: 62 09 7F MOV   REG[0x9],0x7F      (0287) 	mov	reg[09h], 7fh		; Port_2_DriveMode_1 register (PRT2DM1)
0485: 70 EF    AND   F,0xEF             
                                        (0288) 	M8C_SetBank0
0487: 62 0B 7F MOV   REG[0xB],0x7F      (0289) 	mov	reg[0bh], 7fh		; Port_2_DriveMode_2 register (PRT2DM2)
048A: 62 0A 80 MOV   REG[0xA],0x80      (0290) 	mov	reg[0ah], 80h		; Port_2_GlobalSelect register (PRT2GS)
048D: 71 10    OR    F,0x10             
                                        (0291) 	M8C_SetBank1
048F: 62 0A 00 MOV   REG[0xA],0x0       (0292) 	mov	reg[0ah], 00h		; Port_2_IntCtrl_0 register (PRT2IC0)
0492: 62 0B 00 MOV   REG[0xB],0x0       (0293) 	mov	reg[0bh], 00h		; Port_2_IntCtrl_1 register (PRT2IC1)
0495: 70 EF    AND   F,0xEF             
                                        (0294) 	M8C_SetBank0
0497: 62 09 00 MOV   REG[0x9],0x0       (0295) 	mov	reg[09h], 00h		; Port_2_IntEn register (PRT2IE)
049A: 62 0C 00 MOV   REG[0xC],0x0       (0296) 	mov	reg[0ch], 00h		; Port_3_Data register (PRT3DR)
049D: 71 10    OR    F,0x10             
                                        (0297) 	M8C_SetBank1
049F: 62 0C 00 MOV   REG[0xC],0x0       (0298) 	mov	reg[0ch], 00h		; Port_3_DriveMode_0 register (PRT3DM0)
04A2: 62 0D 00 MOV   REG[0xD],0x0       (0299) 	mov	reg[0dh], 00h		; Port_3_DriveMode_1 register (PRT3DM1)
04A5: 70 EF    AND   F,0xEF             
                                        (0300) 	M8C_SetBank0
04A7: 62 0F 00 MOV   REG[0xF],0x0       (0301) 	mov	reg[0fh], 00h		; Port_3_DriveMode_2 register (PRT3DM2)
04AA: 62 0E 00 MOV   REG[0xE],0x0       (0302) 	mov	reg[0eh], 00h		; Port_3_GlobalSelect register (PRT3GS)
04AD: 71 10    OR    F,0x10             
                                        (0303) 	M8C_SetBank1
04AF: 62 0E 00 MOV   REG[0xE],0x0       (0304) 	mov	reg[0eh], 00h		; Port_3_IntCtrl_0 register (PRT3IC0)
04B2: 62 0F 00 MOV   REG[0xF],0x0       (0305) 	mov	reg[0fh], 00h		; Port_3_IntCtrl_1 register (PRT3IC1)
04B5: 70 EF    AND   F,0xEF             
                                        (0306) 	M8C_SetBank0
04B7: 62 0D 00 MOV   REG[0xD],0x0       (0307) 	mov	reg[0dh], 00h		; Port_3_IntEn register (PRT3IE)
04BA: 62 10 00 MOV   REG[0x10],0x0      (0308) 	mov	reg[10h], 00h		; Port_4_Data register (PRT4DR)
04BD: 71 10    OR    F,0x10             
                                        (0309) 	M8C_SetBank1
04BF: 62 10 00 MOV   REG[0x10],0x0      (0310) 	mov	reg[10h], 00h		; Port_4_DriveMode_0 register (PRT4DM0)
04C2: 62 11 00 MOV   REG[0x11],0x0      (0311) 	mov	reg[11h], 00h		; Port_4_DriveMode_1 register (PRT4DM1)
04C5: 70 EF    AND   F,0xEF             
                                        (0312) 	M8C_SetBank0
04C7: 62 13 00 MOV   REG[0x13],0x0      (0313) 	mov	reg[13h], 00h		; Port_4_DriveMode_2 register (PRT4DM2)
04CA: 62 12 00 MOV   REG[0x12],0x0      (0314) 	mov	reg[12h], 00h		; Port_4_GlobalSelect register (PRT4GS)
04CD: 71 10    OR    F,0x10             
                                        (0315) 	M8C_SetBank1
04CF: 62 12 00 MOV   REG[0x12],0x0      (0316) 	mov	reg[12h], 00h		; Port_4_IntCtrl_0 register (PRT4IC0)
04D2: 62 13 00 MOV   REG[0x13],0x0      (0317) 	mov	reg[13h], 00h		; Port_4_IntCtrl_1 register (PRT4IC1)
04D5: 70 EF    AND   F,0xEF             
                                        (0318) 	M8C_SetBank0
04D7: 62 11 00 MOV   REG[0x11],0x0      (0319) 	mov	reg[11h], 00h		; Port_4_IntEn register (PRT4IE)
04DA: 62 14 00 MOV   REG[0x14],0x0      (0320) 	mov	reg[14h], 00h		; Port_5_Data register (PRT5DR)
04DD: 71 10    OR    F,0x10             
                                        (0321) 	M8C_SetBank1
04DF: 62 14 00 MOV   REG[0x14],0x0      (0322) 	mov	reg[14h], 00h		; Port_5_DriveMode_0 register (PRT5DM0)
04E2: 62 15 00 MOV   REG[0x15],0x0      (0323) 	mov	reg[15h], 00h		; Port_5_DriveMode_1 register (PRT5DM1)
04E5: 70 EF    AND   F,0xEF             
                                        (0324) 	M8C_SetBank0
04E7: 62 17 00 MOV   REG[0x17],0x0      (0325) 	mov	reg[17h], 00h		; Port_5_DriveMode_2 register (PRT5DM2)
04EA: 62 16 00 MOV   REG[0x16],0x0      (0326) 	mov	reg[16h], 00h		; Port_5_GlobalSelect register (PRT5GS)
04ED: 71 10    OR    F,0x10             
                                        (0327) 	M8C_SetBank1
04EF: 62 16 00 MOV   REG[0x16],0x0      (0328) 	mov	reg[16h], 00h		; Port_5_IntCtrl_0 register (PRT5IC0)
04F2: 62 17 00 MOV   REG[0x17],0x0      (0329) 	mov	reg[17h], 00h		; Port_5_IntCtrl_1 register (PRT5IC1)
04F5: 70 EF    AND   F,0xEF             
                                        (0330) 	M8C_SetBank0
04F7: 62 15 00 MOV   REG[0x15],0x0      (0331) 	mov	reg[15h], 00h		; Port_5_IntEn register (PRT5IE)
04FA: 70 EF    AND   F,0xEF             
                                        (0332) 	M8C_SetBank0
04FC: 7F       RET                      (0333) 	ret
                                        (0334) 
                                        (0335) 
                                        (0336) ; PSoC Configuration file trailer PsocConfig.asm
FILE: lib\psocconfig.asm                (0001) ;  Generated by PSoC Designer 5.4.3191
                                        (0002) ;
                                        (0003) ;==========================================================================
                                        (0004) ;  PSoCConfig.asm
                                        (0005) ;  @PSOC_VERSION
                                        (0006) ;
                                        (0007) ;  Version: 0.85
                                        (0008) ;  Revised: June 22, 2004
                                        (0009) ;  Copyright (c) Cypress Semiconductor 2015. All Rights Reserved.
                                        (0010) ;
                                        (0011) ;  This file is generated by the Device Editor on Application Generation.
                                        (0012) ;  It contains code which loads the configuration data table generated in
                                        (0013) ;  the file PSoCConfigTBL.asm
                                        (0014) ;
                                        (0015) ;  DO NOT EDIT THIS FILE MANUALLY, AS IT IS OVERWRITTEN!!!
                                        (0016) ;  Edits to this file will not be preserved.
                                        (0017) ;==========================================================================
                                        (0018) ;
                                        (0019) include "m8c.inc"
                                        (0020) include "memory.inc"
                                        (0021) include "GlobalParams.inc"
                                        (0022) 
                                        (0023) export LoadConfigInit
                                        (0024) export _LoadConfigInit
                                        (0025) export LoadConfig_fitolamp_slave
                                        (0026) export _LoadConfig_fitolamp_slave
                                        (0027) export Port_1_Data_SHADE
                                        (0028) export _Port_1_Data_SHADE
                                        (0029) 
                                        (0030) 
                                        (0031) export NO_SHADOW
                                        (0032) export _NO_SHADOW
                                        (0033) 
                                        (0034) FLAG_CFG_MASK:      equ 10h         ;M8C flag register REG address bit mask
                                        (0035) END_CONFIG_TABLE:   equ ffh         ;end of config table indicator
                                        (0036) 
                                        (0037) AREA psoc_config(rom, rel)
                                        (0038) 
                                        (0039) ;---------------------------------------------------------------------------
                                        (0040) ; LoadConfigInit - Establish the start-up configuration (except for a few
                                        (0041) ;                  parameters handled by boot code, like CPU speed). This
                                        (0042) ;                  function can be called from user code, but typically it
                                        (0043) ;                  is only called from boot.
                                        (0044) ;
                                        (0045) ;       INPUTS: None.
                                        (0046) ;      RETURNS: Nothing.
                                        (0047) ; SIDE EFFECTS: Registers are volatile: the A and X registers can be modified!
                                        (0048) ;               In the large memory model currently only the page
                                        (0049) ;               pointer registers listed below are modified.  This does
                                        (0050) ;               not guarantee that in future implementations of this
                                        (0051) ;               function other page pointer registers will not be
                                        (0052) ;               modified.
                                        (0053) ;          
                                        (0054) ;               Page Pointer Registers Modified: 
                                        (0055) ;               CUR_PP
                                        (0056) ;
                                        (0057) _LoadConfigInit:
                                        (0058)  LoadConfigInit:
                                        (0059)     RAM_PROLOGUE RAM_USE_CLASS_4
                                        (0060)     
04FD: 55 04 00 MOV   [0x4],0x0          (0061) 	mov		[Port_1_Data_SHADE], 0h
                                        (0062) 
0500: 7C 05 07 LCALL 0x0507             (0063) 	lcall	LoadConfig_fitolamp_slave
0503: 7C 04 38 LCALL 0x0438             (0064) 	lcall	LoadConfigTBL_fitolamp_slave_Ordered
                                        (0065) 
                                        (0066) 
                                        (0067)     RAM_EPILOGUE RAM_USE_CLASS_4
0506: 7F       RET                      (0068)     ret
                                        (0069) 
                                        (0070) ;---------------------------------------------------------------------------
                                        (0071) ; Load Configuration fitolamp_slave
                                        (0072) ;
                                        (0073) ;    Load configuration registers for fitolamp_slave.
                                        (0074) ;    IO Bank 0 registers a loaded first,then those in IO Bank 1.
                                        (0075) ;
                                        (0076) ;       INPUTS: None.
                                        (0077) ;      RETURNS: Nothing.
                                        (0078) ; SIDE EFFECTS: Registers are volatile: the CPU A and X registers may be
                                        (0079) ;               modified as may the Page Pointer registers!
                                        (0080) ;               In the large memory model currently only the page
                                        (0081) ;               pointer registers listed below are modified.  This does
                                        (0082) ;               not guarantee that in future implementations of this
                                        (0083) ;               function other page pointer registers will not be
                                        (0084) ;               modified.
                                        (0085) ;          
                                        (0086) ;               Page Pointer Registers Modified: 
                                        (0087) ;               CUR_PP
                                        (0088) ;
                                        (0089) _LoadConfig_fitolamp_slave:
                                        (0090)  LoadConfig_fitolamp_slave:
                                        (0091)     RAM_PROLOGUE RAM_USE_CLASS_4
                                        (0092) 
0507: 10       PUSH  X                  (0093) 	push	x
0508: 70 EF    AND   F,0xEF             
                                        (0094)     M8C_SetBank0                    ; Force bank 0
050A: 50 00    MOV   A,0x0              (0095)     mov     a, 0                    ; Specify bank 0
050C: 67       ASR   A                  (0096)     asr     a                       ; Store in carry flag
                                        (0097)                                     ; Load bank 0 table:
050D: 50 01    MOV   A,0x1              (0098)     mov     A, >LoadConfigTBL_fitolamp_slave_Bank0
050F: 57 B7    MOV   X,0xB7             (0099)     mov     X, <LoadConfigTBL_fitolamp_slave_Bank0
0511: 7C 05 22 LCALL 0x0522             (0100)     lcall   LoadConfig              ; Load the bank 0 values
                                        (0101) 
0514: 50 01    MOV   A,0x1              (0102)     mov     a, 1                    ; Specify bank 1
0516: 67       ASR   A                  (0103)     asr     a                       ; Store in carry flag
                                        (0104)                                     ; Load bank 1 table:
0517: 50 02    MOV   A,0x2              (0105)     mov     A, >LoadConfigTBL_fitolamp_slave_Bank1
0519: 57 56    MOV   X,0x56             (0106)     mov     X, <LoadConfigTBL_fitolamp_slave_Bank1
051B: 7C 05 22 LCALL 0x0522             (0107)     lcall   LoadConfig              ; Load the bank 1 values
051E: 70 EF    AND   F,0xEF             
                                        (0108) 
                                        (0109)     M8C_SetBank0                    ; Force return to bank 0
0520: 20       POP   X                  (0110) 	pop		x
                                        (0111) 
                                        (0112)     RAM_EPILOGUE RAM_USE_CLASS_4
0521: 7F       RET                      (0113)     ret
                                        (0114) 
                                        (0115) 
                                        (0116) 
                                        (0117) 
                                        (0118) ;---------------------------------------------------------------------------
                                        (0119) ; LoadConfig - Set IO registers as specified in ROM table of (address,value)
                                        (0120) ;              pairs. Terminate on address=0xFF.
                                        (0121) ;
                                        (0122) ;  INPUTS:  [A,X] points to the table to be loaded
                                        (0123) ;           Flag Register Carry bit encodes the Register Bank
                                        (0124) ;           (Carry=0 => Bank 0; Carry=1 => Bank 1)
                                        (0125) ;
                                        (0126) ;  RETURNS: nothing.
                                        (0127) ;
                                        (0128) ;  STACK FRAME:  X-4 I/O Bank 0/1 indicator
                                        (0129) ;                X-3 Temporary store for register address
                                        (0130) ;                X-2 LSB of config table address
                                        (0131) ;                X-1 MSB of config table address
                                        (0132) ;
                                        (0133) LoadConfig:
                                        (0134)     RAM_PROLOGUE RAM_USE_CLASS_2
0522: 38 02    ADD   SP,0x2             (0135)     add     SP, 2                   ; Set up local vars
0524: 10       PUSH  X                  (0136)     push    X                       ; Save config table address on stack
0525: 08       PUSH  A                  (0137)     push    A
0526: 4F       MOV   X,SP               (0138)     mov     X, SP
0527: 56 FC 00 MOV   [X-4],0x0          (0139)     mov     [X-4], 0                ; Set default Destination to Bank 0
052A: D0 04    JNC   0x052F             (0140)     jnc     .BankSelectSaved        ; Carry says Bank 0 is OK
052C: 56 FC 01 MOV   [X-4],0x1          (0141)     mov     [X-4], 1                ; No Carry: default to Bank 1
                                        (0142) .BankSelectSaved:
052F: 18       POP   A                  (0143)     pop     A
0530: 20       POP   X                  (0144)     pop     X
0531: 70 EF    AND   F,0xEF             
0533: 62 E3 00 MOV   REG[0xE3],0x0      
                                        (0145) 
                                        (0146) LoadConfigLp:
                                        (0147)     M8C_SetBank0                    ; Switch to bank 0
                                        (0148)     M8C_ClearWDT                    ; Clear the watchdog for long inits
0536: 10       PUSH  X                  (0149)     push    X                       ; Preserve the config table address
0537: 08       PUSH  A                  (0150)     push    A
0538: 28       ROMX                     (0151)     romx                            ; Load register address from table
0539: 39 FF    CMP   A,0xFF             (0152)     cmp     A, END_CONFIG_TABLE     ; End of table?
053B: A0 1F    JZ    0x055B             (0153)     jz      EndLoadConfig           ;   Yes, go wrap it up
053D: 4F       MOV   X,SP               (0154)     mov     X, SP                   ;
053E: 48 FC 01 TST   [X-4],0x1          (0155)     tst     [X-4], 1                ; Loading IO Bank 1?
0541: A0 03    JZ    0x0545             (0156)     jz      .IOBankNowSet           ;    No, Bank 0 is fine
0543: 71 10    OR    F,0x10             
                                        (0157)     M8C_SetBank1                    ;   Yes, switch to Bank 1
                                        (0158) .IOBankNowSet:
0545: 54 FD    MOV   [X-3],A            (0159)     mov     [X-3], A                ; Stash the register address
0547: 18       POP   A                  (0160)     pop     A                       ; Retrieve the table address
0548: 20       POP   X                  (0161)     pop     X
0549: 75       INC   X                  (0162)     inc     X                       ; Advance to the data byte
054A: 09 00    ADC   A,0x0              (0163)     adc     A, 0
054C: 10       PUSH  X                  (0164)     push    X                       ; Save the config table address again
054D: 08       PUSH  A                  (0165)     push    A
054E: 28       ROMX                     (0166)     romx                            ; load config data from the table
054F: 4F       MOV   X,SP               (0167)     mov     X, SP                   ; retrieve the register address
0550: 59 FD    MOV   X,[X-3]            (0168)     mov     X, [X-3]
0552: 61 00    MOV   REG[X+0x0],A       (0169)     mov     reg[X], A               ; Configure the register
0554: 18       POP   A                  (0170)     pop     A                       ; retrieve the table address
0555: 20       POP   X                  (0171)     pop     X
0556: 75       INC   X                  (0172)     inc     X                       ; advance to next table entry
0557: 09 00    ADC   A,0x0              (0173)     adc     A, 0
0559: 8F D7    JMP   0x0531             (0174)     jmp     LoadConfigLp            ; loop to configure another register
                                        (0175) EndLoadConfig:
055B: 38 FC    ADD   SP,0xFC            (0176)     add     SP, -4
055D: 70 3F    AND   F,0x3F             
055F: 71 C0    OR    F,0xC0             
                                        (0177)     RAM_EPILOGUE RAM_USE_CLASS_2
0561: 7F       RET                      (0178)     ret
                                        (0179) 
                                        (0180) AREA InterruptRAM(ram, rel)
                                        (0181) 
                                        (0182) NO_SHADOW:
                                        (0183) _NO_SHADOW:
                                        (0184) ; write only register shadows
                                        (0185) _Port_1_Data_SHADE:
                                        (0186) Port_1_Data_SHADE:	BLK	1
                                        (0187) 
FILE: lib\tx8_debugint.asm              (0001) ;;*****************************************************************************
                                        (0002) ;;*****************************************************************************
                                        (0003) ;;  FILENAME: TX8_DebugINT.asm
                                        (0004) ;;   Version: 3.50, Updated on 2015/3/4 at 22:27:52
                                        (0005) ;;  Generated by PSoC Designer 5.4.3191
                                        (0006) ;;
                                        (0007) ;;  DESCRIPTION:  TX8 Interrupt Service Rountine.
                                        (0008) ;;-----------------------------------------------------------------------------
                                        (0009) ;;  Copyright (c) Cypress Semiconductor 2015. All Rights Reserved.
                                        (0010) ;;*****************************************************************************
                                        (0011) ;;*****************************************************************************
                                        (0012) 
                                        (0013) include "m8c.inc"
                                        (0014) include "memory.inc"
                                        (0015) include "TX8_Debug.inc"
                                        (0016) 
                                        (0017) 
                                        (0018) ;-----------------------------------------------
                                        (0019) ;  Global Symbols
                                        (0020) ;-----------------------------------------------
                                        (0021) export  _TX8_Debug_ISR
                                        (0022) 
                                        (0023) 
                                        (0024) AREA InterruptRAM (RAM,REL,CON)
                                        (0025) 
                                        (0026) ;@PSoC_UserCode_INIT@ (Do not change this line.)
                                        (0027) ;---------------------------------------------------
                                        (0028) ; Insert your custom declarations below this banner
                                        (0029) ;---------------------------------------------------
                                        (0030) 
                                        (0031) ;------------------------
                                        (0032) ; Includes
                                        (0033) ;------------------------
                                        (0034) 
                                        (0035) 	
                                        (0036) ;------------------------
                                        (0037) ;  Constant Definitions
                                        (0038) ;------------------------
                                        (0039) 
                                        (0040) 
                                        (0041) ;------------------------
                                        (0042) ; Variable Allocation
                                        (0043) ;------------------------
                                        (0044) 
                                        (0045) 
                                        (0046) ;---------------------------------------------------
                                        (0047) ; Insert your custom declarations above this banner
                                        (0048) ;---------------------------------------------------
                                        (0049) ;@PSoC_UserCode_END@ (Do not change this line.)
                                        (0050) 
                                        (0051) 
                                        (0052) AREA UserModules (ROM, REL)
                                        (0053) 
                                        (0054) ;-----------------------------------------------------------------------------
                                        (0055) ;  FUNCTION NAME: _TX8_Debug_ISR
                                        (0056) ;
                                        (0057) ;  DESCRIPTION: Unless modified, this implements only a null handler stub.
                                        (0058) ;
                                        (0059) ;-----------------------------------------------------------------------------
                                        (0060) ;
                                        (0061) 
                                        (0062) _TX8_Debug_ISR:
                                        (0063) 
                                        (0064)    ;@PSoC_UserCode_BODY@ (Do not change this line.)
                                        (0065)    ;---------------------------------------------------
                                        (0066)    ; Insert your custom assembly code below this banner
                                        (0067)    ;---------------------------------------------------
                                        (0068)    ;   NOTE: interrupt service routines must preserve
                                        (0069)    ;   the values of the A and X CPU registers.
                                        (0070)    
                                        (0071)    ;---------------------------------------------------
                                        (0072)    ; Insert your custom assembly code above this banner
                                        (0073)    ;---------------------------------------------------
                                        (0074)    
                                        (0075)    ;---------------------------------------------------
                                        (0076)    ; Insert a lcall to a C function below this banner
                                        (0077)    ; and un-comment the lines between these banners
                                        (0078)    ;---------------------------------------------------
                                        (0079)    
                                        (0080)    ;PRESERVE_CPU_CONTEXT
                                        (0081)    ;lcall _My_C_Function
                                        (0082)    ;RESTORE_CPU_CONTEXT
                                        (0083)    
                                        (0084)    ;---------------------------------------------------
                                        (0085)    ; Insert a lcall to a C function above this banner
                                        (0086)    ; and un-comment the lines between these banners
                                        (0087)    ;---------------------------------------------------
                                        (0088)    ;@PSoC_UserCode_END@ (Do not change this line.)
                                        (0089) 
0562: 7E       RETI                     (0090)    reti
                                        (0091) 
                                        (0092) 
                                        (0093) ; end of file TX8_DebugINT.asm
FILE: lib\tx8_debug.asm                 (0001) ;;*****************************************************************************
0563: 43 E1 80 OR    REG[0xE1],0x80     (0002) ;;*****************************************************************************
                                        (0003) ;;  FILENAME: TX8_Debug.asm
                                        (0004) ;;   Version: 3.50, Updated on 2015/3/4 at 22:27:52
                                        (0005) ;;  Generated by PSoC Designer 5.4.3191
                                        (0006) ;;
                                        (0007) ;;  DESCRIPTION: TX8 User Module software implementation file.
                                        (0008) ;;
                                        (0009) ;;  NOTE: User Module APIs conform to the fastcall16 convention for marshalling
                                        (0010) ;;        arguments and observe the associated "Registers are volatile" policy.
                                        (0011) ;;        This means it is the caller's responsibility to preserve any values
                                        (0012) ;;        in the X and A registers that are still needed after the API functions
                                        (0013) ;;        returns. For Large Memory Model devices it is also the caller's 
                                        (0014) ;;        responsibility to perserve any value in the CUR_PP, IDX_PP, MVR_PP and 
                                        (0015) ;;        MVW_PP registers. Even though some of these registers may not be modified
                                        (0016) ;;        now, there is no guarantee that will remain the case in future releases.
                                        (0017) ;;-----------------------------------------------------------------------------
                                        (0018) ;;  Copyright (c) Cypress Semiconductor 2015. All Rights Reserved.
                                        (0019) ;;*****************************************************************************
                                        (0020) ;;*****************************************************************************
                                        (0021) 
                                        (0022) ;-----------------------------------------------
                                        (0023) ; include instance specific register definitions
                                        (0024) ;-----------------------------------------------
                                        (0025) include "m8c.inc"
                                        (0026) include "memory.inc"
                                        (0027) include "TX8_Debug.inc"
                                        (0028) 
                                        (0029) area UserModules (ROM, REL)
                                        (0030) ;-----------------------------------------------
                                        (0031) ;  Global Symbols
                                        (0032) ;-----------------------------------------------
                                        (0033) export   TX8_Debug_SetTxIntMode
                                        (0034) export  _TX8_Debug_SetTxIntMode
                                        (0035) export   TX8_Debug_EnableInt
                                        (0036) export  _TX8_Debug_EnableInt
                                        (0037) export   TX8_Debug_DisableInt
                                        (0038) export  _TX8_Debug_DisableInt
                                        (0039) export   TX8_Debug_Start
                                        (0040) export  _TX8_Debug_Start
                                        (0041) export   TX8_Debug_Stop
                                        (0042) export  _TX8_Debug_Stop
                                        (0043) export   TX8_Debug_SendData
                                        (0044) export  _TX8_Debug_SendData
                                        (0045) export   TX8_Debug_bReadTxStatus
                                        (0046) export  _TX8_Debug_bReadTxStatus
                                        (0047) 
                                        (0048) // Old labels, will be removed in future release
                                        (0049) // Do Not Use.
                                        (0050) export   bTX8_Debug_ReadTxStatus
                                        (0051) export  _bTX8_Debug_ReadTxStatus
                                        (0052) 
                                        (0053) ;-----------------------------------------------
                                        (0054) ;  High Level TX functions
                                        (0055) ;-----------------------------------------------
                                        (0056) export  TX8_Debug_PutSHexByte
                                        (0057) export _TX8_Debug_PutSHexByte
                                        (0058) export  TX8_Debug_PutSHexInt
                                        (0059) export _TX8_Debug_PutSHexInt
                                        (0060) 
                                        (0061) export  TX8_Debug_CPutString
                                        (0062) export _TX8_Debug_CPutString
                                        (0063) export  TX8_Debug_PutString
                                        (0064) export _TX8_Debug_PutString
                                        (0065) export  TX8_Debug_PutChar
                                        (0066) export _TX8_Debug_PutChar
                                        (0067) export  TX8_Debug_Write
                                        (0068) export _TX8_Debug_Write
                                        (0069) export  TX8_Debug_CWrite
                                        (0070) export _TX8_Debug_CWrite
                                        (0071) export  TX8_Debug_PutCRLF
                                        (0072) export _TX8_Debug_PutCRLF 
                                        (0073) 
                                        (0074) ;-----------------------------------------------
                                        (0075) ;  EQUATES
                                        (0076) ;-----------------------------------------------
                                        (0077) bfCONTROL_REG_START_BIT:   equ   1     ; Control register start bit
                                        (0078) bfFUNCTION_REG_TX_INT_MODE_BIT:	equ 0x10	; the TX Int Mode bit
                                        (0079) 
                                        (0080) AREA UserModules (ROM, REL)
                                        (0081) 
                                        (0082) .SECTION
                                        (0083) ;-----------------------------------------------------------------------------
                                        (0084) ;  FUNCTION NAME: TX8_Debug_EnableInt
                                        (0085) ;
                                        (0086) ;  DESCRIPTION:
                                        (0087) ;     Enables this Transmitter's interrupt by setting the interrupt enable mask
                                        (0088) ;     bit associated with this User Module. Remember to call the global interrupt
                                        (0089) ;     enable function by using the macro: M8C_EnableGInt.
                                        (0090) ;
                                        (0091) ;-----------------------------------------------------------------------------
                                        (0092) ;
                                        (0093) ;  ARGUMENTS: none
                                        (0094) ;
                                        (0095) ;  RETURNS: none
                                        (0096) ;
                                        (0097) ;  SIDE EFFECTS:
                                        (0098) ;    The A and X registers may be modified by this or future implementations
                                        (0099) ;    of this function.  The same is true for all RAM page pointer registers in
                                        (0100) ;    the Large Memory Model.  When necessary, it is the calling function's
                                        (0101) ;    responsibility to perserve their values across calls to fastcall16 
                                        (0102) ;    functions.
                                        (0103) ;
                                        (0104)  TX8_Debug_EnableInt:
                                        (0105) _TX8_Debug_EnableInt:
                                        (0106)    RAM_PROLOGUE RAM_USE_CLASS_1
                                        (0107)    M8C_EnableIntMask  TX8_Debug_INT_REG, TX8_Debug_bINT_MASK
                                        (0108)    RAM_EPILOGUE RAM_USE_CLASS_1
0566: 7F       RET                      (0109)    ret
0567: 41 E1 7F AND   REG[0xE1],0x7F     
                                        (0110) .ENDSECTION
                                        (0111) 
                                        (0112) .SECTION
                                        (0113) ;-----------------------------------------------------------------------------
                                        (0114) ;  FUNCTION NAME: TX8_Debug_DisableInt
                                        (0115) ;
                                        (0116) ;  DESCRIPTION:
                                        (0117) ;     Disables this TX8's interrupt by clearing the interrupt enable mask bit
                                        (0118) ;     associated with this User Module.
                                        (0119) ;
                                        (0120) ;-----------------------------------------------------------------------------
                                        (0121) ;
                                        (0122) ;  ARGUMENTS:  none
                                        (0123) ;
                                        (0124) ;  RETURNS:  none
                                        (0125) ;
                                        (0126) ;  SIDE EFFECTS:
                                        (0127) ;    The A and X registers may be modified by this or future implementations
                                        (0128) ;    of this function.  The same is true for all RAM page pointer registers in
                                        (0129) ;    the Large Memory Model.  When necessary, it is the calling function's
                                        (0130) ;    responsibility to perserve their values across calls to fastcall16 
                                        (0131) ;    functions.
                                        (0132) ;
                                        (0133)  TX8_Debug_DisableInt:
                                        (0134) _TX8_Debug_DisableInt:
                                        (0135)    RAM_PROLOGUE RAM_USE_CLASS_1
                                        (0136)    M8C_DisableIntMask TX8_Debug_INT_REG, TX8_Debug_bINT_MASK
                                        (0137)    RAM_EPILOGUE RAM_USE_CLASS_1
056A: 7F       RET                      (0138)    ret
056B: 71 10    OR    F,0x10             
                                        (0139) .ENDSECTION
                                        (0140) 
                                        (0141) .SECTION
                                        (0142) ;-----------------------------------------------------------------------------
                                        (0143) ;  FUNCTION NAME: TX8_Debug_SetTxIntMode(BYTE bTxIntMode)
                                        (0144) ;
                                        (0145) ;  DESCRIPTION:
                                        (0146) ;     Sets the Tx Interrupt Mode bit in the Function Register.
                                        (0147) ;
                                        (0148) ;  ARGUMENTS:
                                        (0149) ;     BYTE bTxIntMode - The TX Interrupt mode setting. Use defined masks.
                                        (0150) ;        Passed in the A register
                                        (0151) ;
                                        (0152) ;  RETURNS:
                                        (0153) ;     none.
                                        (0154) ;
                                        (0155) ;  SIDE EFFECTS:
                                        (0156) ;    The A and X registers may be modified by this or future implementations
                                        (0157) ;    of this function.  The same is true for all RAM page pointer registers in
                                        (0158) ;    the Large Memory Model.  When necessary, it is the calling function's
                                        (0159) ;    responsibility to perserve their values across calls to fastcall16 
                                        (0160) ;    functions.
                                        (0161) ;
                                        (0162) ;  THEORY of OPERATION OR PROCEDURE:
                                        (0163) ;     Sets the TX interrupt mode bit to define whether the interrupt occurs
                                        (0164) ;     on TX register empty or TX transmit complete
                                        (0165) ;
                                        (0166)  TX8_Debug_SetTxIntMode:
                                        (0167) _TX8_Debug_SetTxIntMode:
                                        (0168)    RAM_PROLOGUE RAM_USE_CLASS_1
                                        (0169)    M8C_SetBank1
056D: 21 01    AND   A,0x1              (0170)    and   A, TX8_Debug_INT_MODE_TX_COMPLETE
056F: A0 07    JZ    0x0577             (0171)    jz    .SetModeRegEmpty
0571: 43 3C 10 OR    REG[0x3C],0x10     (0172)    or    REG[TX8_Debug_FUNC_REG], bfFUNCTION_REG_TX_INT_MODE_BIT
0574: 70 EF    AND   F,0xEF             
                                        (0173)    M8C_SetBank0
                                        (0174)    RAM_EPILOGUE RAM_USE_CLASS_1
0576: 7F       RET                      (0175)    ret
                                        (0176) 
                                        (0177) .SetModeRegEmpty:
0577: 41 3C EF AND   REG[0x3C],0xEF     (0178)    and   REG[TX8_Debug_FUNC_REG], ~bfFUNCTION_REG_TX_INT_MODE_BIT
057A: 70 EF    AND   F,0xEF             
                                        (0179)    M8C_SetBank0
                                        (0180)    RAM_EPILOGUE RAM_USE_CLASS_1
057C: 7F       RET                      (0181)    ret
                                        (0182) .ENDSECTION
                                        (0183) 
                                        (0184) .SECTION
                                        (0185) ;-----------------------------------------------------------------------------
                                        (0186) ;  FUNCTION NAME: TX8_Debug_Start(BYTE bParity)
                                        (0187) ;
                                        (0188) ;  DESCRIPTION:
                                        (0189) ;     Sets the start bit and parity in the Control register of this user module.
                                        (0190) ;     The transmitter will begin transmitting if a byte has been written into the
                                        (0191) ;     transmit buffer.
                                        (0192) ;
                                        (0193) ;-----------------------------------------------------------------------------
                                        (0194) ;
                                        (0195) ;  ARGUMENTS:
                                        (0196) ;    BYTE bParity - parity of transmitted data.  Use defined masks.
                                        (0197) ;
                                        (0198) ;  RETURNS:  none
                                        (0199) ;
                                        (0200) ;  SIDE EFFECTS:
                                        (0201) ;    The A and X registers may be modified by this or future implementations
                                        (0202) ;    of this function.  The same is true for all RAM page pointer registers in
                                        (0203) ;    the Large Memory Model.  When necessary, it is the calling function's
                                        (0204) ;    responsibility to perserve their values across calls to fastcall16 
                                        (0205) ;    functions.
                                        (0206) ;
                                        (0207)  TX8_Debug_Start:
                                        (0208) _TX8_Debug_Start:
                                        (0209)    RAM_PROLOGUE RAM_USE_CLASS_1
057D: 29 01    OR    A,0x1              (0210)    or    A, bfCONTROL_REG_START_BIT
057F: 60 3F    MOV   REG[0x3F],A        (0211)    mov   REG[TX8_Debug_CONTROL_REG], A
                                        (0212)    RAM_EPILOGUE RAM_USE_CLASS_1
0581: 7F       RET                      (0213)    ret
                                        (0214) .ENDSECTION
                                        (0215) 
                                        (0216) .SECTION
                                        (0217) ;-----------------------------------------------------------------------------
                                        (0218) ;  FUNCTION NAME: TX8_Debug_Stop
                                        (0219) ;
                                        (0220) ;  DESCRIPTION:
                                        (0221) ;     Disables TX8 operation.
                                        (0222) ;
                                        (0223) ;-----------------------------------------------------------------------------
                                        (0224) ;
                                        (0225) ;  ARGUMENTS:  none
                                        (0226) ;
                                        (0227) ;  RETURNS:  none
                                        (0228) ;
                                        (0229) ;  SIDE EFFECTS:
                                        (0230) ;    The A and X registers may be modified by this or future implementations
                                        (0231) ;    of this function.  The same is true for all RAM page pointer registers in
                                        (0232) ;    the Large Memory Model.  When necessary, it is the calling function's
                                        (0233) ;    responsibility to perserve their values across calls to fastcall16 
                                        (0234) ;    functions.
                                        (0235) ;
                                        (0236)  TX8_Debug_Stop:
                                        (0237) _TX8_Debug_Stop:
                                        (0238)    RAM_PROLOGUE RAM_USE_CLASS_1
0582: 41 3F FE AND   REG[0x3F],0xFE     (0239)    and   REG[TX8_Debug_CONTROL_REG], ~bfCONTROL_REG_START_BIT
                                        (0240)    RAM_EPILOGUE RAM_USE_CLASS_1
0585: 7F       RET                      (0241)    ret
                                        (0242) .ENDSECTION
                                        (0243) 
                                        (0244) .SECTION
                                        (0245) ;-----------------------------------------------------------------------------
                                        (0246) ;  FUNCTION NAME: TX8_Debug_SendData
                                        (0247) ;
                                        (0248) ;  DESCRIPTION:
                                        (0249) ;     Sends one byte through serial port.
                                        (0250) ;
                                        (0251) ;-----------------------------------------------------------------------------
                                        (0252) ;
                                        (0253) ;  ARGUMENTS:
                                        (0254) ;     BYTE  TxData - data to transmit.
                                        (0255) ;
                                        (0256) ;  RETURNS:
                                        (0257) ;
                                        (0258) ;  SIDE EFFECTS:
                                        (0259) ;    The A and X registers may be modified by this or future implementations
                                        (0260) ;    of this function.  The same is true for all RAM page pointer registers in
                                        (0261) ;    the Large Memory Model.  When necessary, it is the calling function's
                                        (0262) ;    responsibility to perserve their values across calls to fastcall16 
                                        (0263) ;    functions.
                                        (0264) ;
                                        (0265)  TX8_Debug_SendData:
                                        (0266) _TX8_Debug_SendData:
                                        (0267)    RAM_PROLOGUE RAM_USE_CLASS_1
0586: 60 3D    MOV   REG[0x3D],A        (0268)    mov REG[TX8_Debug_TX_BUFFER_REG], A
                                        (0269)    RAM_EPILOGUE RAM_USE_CLASS_1
0588: 7F       RET                      (0270)    ret
                                        (0271) .ENDSECTION
                                        (0272) 
                                        (0273) .SECTION
                                        (0274) ;-----------------------------------------------------------------------------
                                        (0275) ;  FUNCTION NAME: TX8_Debug_bReadTxStatus
                                        (0276) ;
                                        (0277) ;  DESCRIPTION:
                                        (0278) ;     Reads the Tx Status bits in the Control/Status register.
                                        (0279) ;
                                        (0280) ;-----------------------------------------------------------------------------
                                        (0281) ;
                                        (0282) ;  ARGUMENTS:
                                        (0283) ;
                                        (0284) ;  RETURNS:
                                        (0285) ;     BYTE  bTxStatus - transmit status data.  Use the following defined bits
                                        (0286) ;                       masks: TX_COMPLETE and TX_BUFFER_EMPTY
                                        (0287) ;
                                        (0288) ;  SIDE EFFECTS:
                                        (0289) ;    The A and X registers may be modified by this or future implementations
                                        (0290) ;    of this function.  The same is true for all RAM page pointer registers in
                                        (0291) ;    the Large Memory Model.  When necessary, it is the calling function's
                                        (0292) ;    responsibility to perserve their values across calls to fastcall16 
                                        (0293) ;    functions.
                                        (0294) ;
                                        (0295)  TX8_Debug_bReadTxStatus:
                                        (0296) _TX8_Debug_bReadTxStatus:
                                        (0297)  bTX8_Debug_ReadTxStatus:
                                        (0298) _bTX8_Debug_ReadTxStatus:
                                        (0299)    RAM_PROLOGUE RAM_USE_CLASS_1
0589: 5D 3F    MOV   A,REG[0x3F]        (0300)    mov A,  REG[TX8_Debug_CONTROL_REG]
                                        (0301)    RAM_EPILOGUE RAM_USE_CLASS_1
058B: 7F       RET                      (0302)    ret
                                        (0303) 
                                        (0304) .ENDSECTION
                                        (0305) 
                                        (0306) ;-----------------------------------------------------------------------------
                                        (0307) ;  FUNCTION NAME: TX8_Debug_PutSHexByte
                                        (0308) ;
                                        (0309) ;  DESCRIPTION:
                                        (0310) ;     Print a byte in Hex (two characters) to the UART Tx
                                        (0311) ;
                                        (0312) ;  ARGUMENTS:
                                        (0313) ;     A  => (BYTE) Data/char to be printed
                                        (0314) ;
                                        (0315) ;  RETURNS:
                                        (0316) ;     none.
                                        (0317) ;
                                        (0318) ;  SIDE EFFECTS:
                                        (0319) ;    The A and X registers may be modified by this or future implementations
                                        (0320) ;    of this function.  The same is true for all RAM page pointer registers in
                                        (0321) ;    the Large Memory Model.  When necessary, it is the calling function's
                                        (0322) ;    responsibility to perserve their values across calls to fastcall16 
                                        (0323) ;    functions.
                                        (0324) ;
                                        (0325) .LITERAL
                                        (0326) TX8_Debug_HEX_STR:
                                        (0327)      DS    "0123456789ABCDEF"
                                        (0328) .ENDLITERAL
                                        (0329) 
                                        (0330) .SECTION
                                        (0331)  TX8_Debug_PutSHexByte:
                                        (0332) _TX8_Debug_PutSHexByte:
                                        (0333)     RAM_PROLOGUE RAM_USE_CLASS_1
059C: 08       PUSH  A                  (0334)     push  A                            ; Save lower nibble
059D: 67       ASR   A                  (0335)     asr   A                            ; Shift high nibble to right
059E: 67       ASR   A                  (0336)     asr   A
059F: 67       ASR   A                  (0337)     asr   A
05A0: 67       ASR   A                  (0338)     asr   A
05A1: 21 0F    AND   A,0xF              (0339)     and   A,0Fh                        ; Mask off nibble
05A3: FF E7    INDEX 0x058C             (0340)     index TX8_Debug_HEX_STR            ; Get Hex value
05A5: 90 0F    CALL  _TX8_Debug_PutChar (0341)     call  TX8_Debug_PutChar            ; Write data to screen
05A7: 18       POP   A                  (0342)     pop   A                            ; Restore value
05A8: 21 0F    AND   A,0xF              (0343)     and   A,0Fh                        ; Mask off lower nibble
05AA: FF E0    INDEX 0x058C             (0344)     index TX8_Debug_HEX_STR            ; Get Hex value
05AC: 90 08    CALL  _TX8_Debug_PutChar (0345)     call  TX8_Debug_PutChar            ; Write data to screen
                                        (0346)     RAM_EPILOGUE RAM_USE_CLASS_1
05AE: 7F       RET                      (0347)     ret
                                        (0348) .ENDSECTION
                                        (0349) 
                                        (0350) .SECTION
                                        (0351) ;-----------------------------------------------------------------------------
                                        (0352) ;  FUNCTION NAME: TX8_Debug_PutSHexInt
                                        (0353) ;
                                        (0354) ;  DESCRIPTION:
                                        (0355) ;     Print an Int in Hex (four characters) to UART Tx
                                        (0356) ;
                                        (0357) ;  ARGUMENTS:
                                        (0358) ;     Pointer to string
                                        (0359) ;     A  => ASB of Int
                                        (0360) ;     X  => MSB of Int
                                        (0361) ;
                                        (0362) ;  RETURNS:
                                        (0363) ;     none.
                                        (0364) ;
                                        (0365) ;  SIDE EFFECTS:
                                        (0366) ;    The A and X registers may be modified by this or future implementations
                                        (0367) ;    of this function.  The same is true for all RAM page pointer registers in
                                        (0368) ;    the Large Memory Model.  When necessary, it is the calling function's
                                        (0369) ;    responsibility to perserve their values across calls to fastcall16 
                                        (0370) ;    functions.
                                        (0371) ;
                                        (0372)  TX8_Debug_PutSHexInt:
                                        (0373) _TX8_Debug_PutSHexInt:
                                        (0374)     RAM_PROLOGUE RAM_USE_CLASS_1
05AF: 4B       SWAP  A,X                (0375)     swap  A,X
05B0: 9F EA    CALL  _TX8_Debug_PutSHexByte(0376)     call  TX8_Debug_PutSHexByte        ; Print MSB
05B2: 5B       MOV   A,X                (0377)     mov   A,X                          ; Move LSB into position
05B3: 9F E7    CALL  _TX8_Debug_PutSHexByte(0378)     call  TX8_Debug_PutSHexByte        ; Print LSB
                                        (0379)     RAM_EPILOGUE RAM_USE_CLASS_1
05B5: 7F       RET                      (0380)     ret
05B6: 49 3F 10 TST   REG[0x3F],0x10     
05B9: AF FC    JZ    _TX8_Debug_PutChar 
05BB: 60 3D    MOV   REG[0x3D],A        
                                        (0381) .ENDSECTION
                                        (0382) 
                                        (0383) .SECTION
                                        (0384) ;-----------------------------------------------------------------------------
                                        (0385) ;  FUNCTION NAME: TX8_Debug_PutChar
                                        (0386) ;
                                        (0387) ;  DESCRIPTION:
                                        (0388) ;     Send character out through UART TX port.
                                        (0389) ;
                                        (0390) ;
                                        (0391) ;  ARGUMENTS:
                                        (0392) ;     A has Character to send to UART Tx Port
                                        (0393) ;
                                        (0394) ;  RETURNS:
                                        (0395) ;     none
                                        (0396) ;
                                        (0397) ;  SIDE EFFECTS:
                                        (0398) ;    The A and X registers may be modified by this or future implementations
                                        (0399) ;    of this function.  The same is true for all RAM page pointer registers in
                                        (0400) ;    the Large Memory Model.  When necessary, it is the calling function's
                                        (0401) ;    responsibility to perserve their values across calls to fastcall16 
                                        (0402) ;    functions.
                                        (0403) ;
                                        (0404)    macro InLinePutChar( Source )
                                        (0405) .BufEmptyWaitLoop:
                                        (0406)    tst REG[TX8_Debug_CONTROL_REG], TX8_Debug_TX_BUFFER_EMPTY    ; Check Tx Status
                                        (0407)    jz  .BufEmptyWaitLoop
                                        (0408)    mov REG[TX8_Debug_TX_BUFFER_REG], @Source    ; Write data to Tx Port
                                        (0409)    endm
                                        (0410) 
                                        (0411) 
                                        (0412)  TX8_Debug_PutChar:
                                        (0413) _TX8_Debug_PutChar:
                                        (0414)    RAM_PROLOGUE RAM_USE_CLASS_1
                                        (0415)    InLinePutChar A
                                        (0416)    RAM_EPILOGUE RAM_USE_CLASS_1
05BD: 7F       RET                      (0417)    ret
05BE: 70 BF    AND   F,0xBF             
05C0: 60 D3    MOV   REG[0xD3],A        
                                        (0418) 
                                        (0419) .ENDSECTION
                                        (0420) 
                                        (0421) 
                                        (0422) ;-----------------------------------------------
                                        (0423) ;  High Level TX functions
                                        (0424) ;-----------------------------------------------
                                        (0425) 
                                        (0426) 
                                        (0427) .SECTION
                                        (0428) ;-----------------------------------------------------------------------------
                                        (0429) ;  FUNCTION NAME: TX8_Debug_PutString
                                        (0430) ;
                                        (0431) ;  DESCRIPTION:
                                        (0432) ;     Send String out through UART TX port.
                                        (0433) ;
                                        (0434) ;
                                        (0435) ;  ARGUMENTS:
                                        (0436) ;     Pointer to String
                                        (0437) ;     A has MSB of string address
                                        (0438) ;     X has LSB of string address
                                        (0439) ;
                                        (0440) ;  RETURNS:
                                        (0441) ;     none
                                        (0442) ;
                                        (0443) ;  SIDE EFFECTS:
                                        (0444) ;    The A and X registers may be modified by this or future implementations
                                        (0445) ;    of this function.  The same is true for all RAM page pointer registers in
                                        (0446) ;    the Large Memory Model.  When necessary, it is the calling function's
                                        (0447) ;    responsibility to perserve their values across calls to fastcall16 
                                        (0448) ;    functions.
                                        (0449) ;          
                                        (0450) ;    Currently only the page pointer registers listed below are modified: 
                                        (0451) ;          IDX_PP
                                        (0452) ;
                                        (0453)  TX8_Debug_PutString:
                                        (0454) _TX8_Debug_PutString:
                                        (0455)    RAM_PROLOGUE RAM_USE_CLASS_3
                                        (0456)    RAM_SETPAGE_IDX A
                                        (0457) .PutStringLoop:
05C2: 52 00    MOV   A,[X+0]            (0458)    mov   A,[X]                             ; Get value pointed to by X
05C4: A0 06    JZ    0x05CB             (0459)    jz    End_PutString                     ; Check for end of string
05C6: 9F EE    CALL  _TX8_Debug_PutChar (0460)    call  TX8_Debug_PutChar                  ; Send character to Tx port
05C8: 75       INC   X                  (0461)    inc   X                                 ; Advance pointer to next character
05C9: 8F F8    JMP   0x05C2             (0462)    jmp   .PutStringLoop                     ; Get next character
05CB: 70 3F    AND   F,0x3F             
05CD: 71 C0    OR    F,0xC0             
                                        (0463) 
                                        (0464) End_PutString:
                                        (0465)    RAM_EPILOGUE RAM_USE_CLASS_3
05CF: 7F       RET                      (0466)    ret
05D0: 70 BF    AND   F,0xBF             
05D2: 62 D3 03 MOV   REG[0xD3],0x3      
                                        (0467) .ENDSECTION
                                        (0468) 
                                        (0469) .SECTION
                                        (0470) ;-----------------------------------------------------------------------------
                                        (0471) ;  FUNCTION NAME: TX8_Debug_Write
                                        (0472) ;
                                        (0473) ;  DESCRIPTION:
                                        (0474) ;     Send String of length X to serial port
                                        (0475) ;
                                        (0476) ;
                                        (0477) ;  ARGUMENTS:
                                        (0478) ;     Pointer to String
                                        (0479) ;     [SP-5] Count of characters to send
                                        (0480) ;     [SP-4] has MSB of string address
                                        (0481) ;     [SP-3] has LSB of string address
                                        (0482) ;
                                        (0483) ;  RETURNS:
                                        (0484) ;     none
                                        (0485) ;
                                        (0486) ;  SIDE EFFECTS:
                                        (0487) ;    The A and X registers may be modified by this or future implementations
                                        (0488) ;    of this function.  The same is true for all RAM page pointer registers in
                                        (0489) ;    the Large Memory Model.  When necessary, it is the calling function's
                                        (0490) ;    responsibility to perserve their values across calls to fastcall16 
                                        (0491) ;    functions.
                                        (0492) ;          
                                        (0493) ;    Currently only the page pointer registers listed below are modified: 
                                        (0494) ;          IDX_PP
                                        (0495) ;
                                        (0496) CNT_LEN:    equ -5           ; Length of data to send
                                        (0497) STR_MSB:    equ -4           ; MSB pointer of string
                                        (0498) STR_LSB:    equ -3           ; LSB pointer of string
                                        (0499) 
                                        (0500)  TX8_Debug_Write:
                                        (0501) _TX8_Debug_Write:
                                        (0502)    RAM_PROLOGUE RAM_USE_CLASS_3
                                        (0503)    RAM_SETPAGE_IDX2STK
05D5: 4F       MOV   X,SP               (0504)    mov   X, SP
                                        (0505) 
                                        (0506) .NextByteLoop:
05D6: 52 FB    MOV   A,[X-5]            (0507)    mov   A,[X+CNT_LEN]                     ; Get length of string to send
05D8: A0 1A    JZ    0x05F3             (0508)    jz    .End_Write
05DA: 7B FB    DEC   [X-5]              (0509)    dec   [X+CNT_LEN]                       ; Decrement counter
                                        (0510) 
                                        (0511)    IF SYSTEM_LARGE_MEMORY_MODEL
05DC: 52 FC    MOV   A,[X-4]            (0512)    mov   A, [X+STR_MSB]                          ; Load pointer to char to send
                                        (0513)    ENDIF
                                        (0514) 
05DE: 59 FD    MOV   X,[X-3]            (0515)    mov   X,[X+STR_LSB]                     ; Get character to send
05E0: 60 D3    MOV   REG[0xD3],A        
                                        (0516)    RAM_SETPAGE_IDX A                        ; switch index pages
05E2: 52 00    MOV   A,[X+0]            (0517)    mov   A,[X]
05E4: 49 3F 10 TST   REG[0x3F],0x10     
05E7: AF FC    JZ    0x05E4             
05E9: 60 3D    MOV   REG[0x3D],A        
                                        (0518)    InLinePutChar A                          ; Send character to UART
05EB: 4F       MOV   X,SP               (0519)    mov   X, SP
05EC: 62 D3 03 MOV   REG[0xD3],0x3      
                                        (0520)    RAM_SETPAGE_IDX2STK
05EF: 77 FD    INC   [X-3]              (0521)    inc   [X+STR_LSB]
05F1: 8F E4    JMP   0x05D6             (0522)    jmp   .NextByteLoop
05F3: 70 3F    AND   F,0x3F             
05F5: 71 C0    OR    F,0xC0             
                                        (0523) 
                                        (0524) .End_Write:
                                        (0525)    RAM_EPILOGUE RAM_USE_CLASS_3
05F7: 7F       RET                      (0526)    ret
                                        (0527) .ENDSECTION
                                        (0528) 
                                        (0529) .SECTION
                                        (0530) ;-----------------------------------------------------------------------------
                                        (0531) ;  FUNCTION NAME: TX8_Debug_CWrite
                                        (0532) ;
                                        (0533) ;             WARNING WARNING NOT COMPLETE
                                        (0534) ;
                                        (0535) ;  DESCRIPTION:
                                        (0536) ;     Send String of length X to serial port
                                        (0537) ;
                                        (0538) ;  ARGUMENTS:
                                        (0539) ;     Pointer to String
                                        (0540) ;     [SP-6] MSB of Count of character to send
                                        (0541) ;     [SP-5] LSB of Count of character to send
                                        (0542) ;     [SP-4] has MSB of string address
                                        (0543) ;     [SP-3] has LSB of string address
                                        (0544) ;
                                        (0545) ;  RETURNS:
                                        (0546) ;     none
                                        (0547) ;
                                        (0548) ;  SIDE EFFECTS:
                                        (0549) ;    The A and X registers may be modified by this or future implementations
                                        (0550) ;    of this function.  The same is true for all RAM page pointer registers in
                                        (0551) ;    the Large Memory Model.  When necessary, it is the calling function's
                                        (0552) ;    responsibility to perserve their values across calls to fastcall16 
                                        (0553) ;    functions.
                                        (0554) ;
                                        (0555) CLEN_MSB:   equ -6           ; MSB Length of data to send
                                        (0556) CLEN_LSB:   equ -5           ; LSB Length of data to send
                                        (0557) CSTR_MSB:   equ -4           ; MSB pointer of string
                                        (0558) CSTR_LSB:   equ -3           ; LSB pointer of string
                                        (0559) 
                                        (0560)  TX8_Debug_CWrite:
                                        (0561) _TX8_Debug_CWrite:
                                        (0562)    RAM_PROLOGUE RAM_USE_CLASS_2
05F8: 4F       MOV   X,SP               (0563)    mov   X,SP
                                        (0564) 
                                        (0565) .CW_Loop:
                                        (0566)                                              ; Check for zero counter
05F9: 3D FA 00 CMP   [X-6],0x0          (0567)    cmp   [X+CLEN_MSB],0x00
05FC: B0 06    JNZ   0x0603             (0568)    jnz   .CW_WRITEIT
05FE: 3D FB 00 CMP   [X-5],0x0          (0569)    cmp   [X+CLEN_LSB],0x00
0601: A0 1D    JZ    0x061F             (0570)    jz    .End_CWrite                         ; Leave if done
                                        (0571) 
                                        (0572) .CW_WRITEIT:                                 ; Save pointers
0603: 10       PUSH  X                  (0573)    push  X
0604: 52 FC    MOV   A,[X-4]            (0574)    mov   A,[X+CSTR_MSB]
0606: 59 FD    MOV   X,[X-3]            (0575)    mov   X,[X+CSTR_LSB]
0608: 28       ROMX                     (0576)    romx                                     ; Get character from ROM
0609: 49 3F 10 TST   REG[0x3F],0x10     
060C: AF FC    JZ    0x0609             
060E: 60 3D    MOV   REG[0x3D],A        
                                        (0577)    InLinePutChar A
0610: 20       POP   X                  (0578)    pop   X
                                        (0579) 
0611: 07 FD 01 ADD   [X-3],0x1          (0580)    add   [X+CSTR_LSB],1                     ; Increment the string pointer
0614: 0F FC 00 ADC   [X-4],0x0          (0581)    adc   [X+CSTR_MSB],0
                                        (0582) 
                                        (0583)                                             ; Dec the counter
0617: 17 FB 01 SUB   [X-5],0x1          (0584)    sub   [X+CLEN_LSB],0x01
061A: 1F FA 00 SBB   [X-6],0x0          (0585)    sbb   [X+CLEN_MSB],0x00
                                        (0586) 
061D: 8F DB    JMP   0x05F9             (0587)    jmp   .CW_Loop
                                        (0588) 
                                        (0589) .End_CWrite:
                                        (0590)    RAM_EPILOGUE RAM_USE_CLASS_1
061F: 7F       RET                      (0591)    ret
                                        (0592) .ENDSECTION
                                        (0593) 
                                        (0594) .SECTION
                                        (0595) ;-----------------------------------------------------------------------------
                                        (0596) ;  FUNCTION NAME: TX8_Debug_CPutString
                                        (0597) ;
                                        (0598) ;  DESCRIPTION:
                                        (0599) ;     Send String out through UART TX port.
                                        (0600) ;
                                        (0601) ;
                                        (0602) ;  ARGUMENTS:
                                        (0603) ;     Pointer to String
                                        (0604) ;     A has MSB of string address
                                        (0605) ;     X has LSB of string address
                                        (0606) ;
                                        (0607) ;  RETURNS:
                                        (0608) ;     none
                                        (0609) ;
                                        (0610) ;  SIDE EFFECTS:
                                        (0611) ;    The A and X registers may be modified by this or future implementations
                                        (0612) ;    of this function.  The same is true for all RAM page pointer registers in
                                        (0613) ;    the Large Memory Model.  When necessary, it is the calling function's
                                        (0614) ;    responsibility to perserve their values across calls to fastcall16 
                                        (0615) ;    functions.
                                        (0616) ;
                                        (0617)  TX8_Debug_CPutString:
                                        (0618) _TX8_Debug_CPutString:
                                        (0619)    RAM_PROLOGUE RAM_USE_CLASS_1   
0620: 08       PUSH  A                  (0620)    push  A                                       ; Store ROM pointer
0621: 10       PUSH  X                  (0621)    push  X
0622: 28       ROMX                     (0622)    romx                                          ; Get character from ROM
0623: A0 0B    JZ    0x062F             (0623)    jz    .End_CPutString
0625: 9F 8F    CALL  _TX8_Debug_PutChar (0624)    call  TX8_Debug_PutChar                  ; Print character
0627: 20       POP   X                  (0625)    pop   X
0628: 18       POP   A                  (0626)    pop   A
0629: 75       INC   X                  (0627)    inc   X                                       ; Inc LSB of pointer
062A: DF F5    JNC   _TX8_Debug_CPutString(0628)    jnc   TX8_Debug_CPutString                    ; Check for carry
062C: 74       INC   A                  (0629)    inc   A                                       ; Inc MSB of pointer
062D: 8F F2    JMP   _TX8_Debug_CPutString(0630)    jmp   TX8_Debug_CPutString
                                        (0631) 
                                        (0632) 
                                        (0633) .End_CPutString:
062F: 38 FE    ADD   SP,0xFE            (0634)    add   SP, -2
                                        (0635)    RAM_EPILOGUE RAM_USE_CLASS_1
0631: 7F       RET                      (0636)    ret
                                        (0637) .ENDSECTION
                                        (0638) 
                                        (0639) .SECTION
                                        (0640) ;-----------------------------------------------------------------------------
                                        (0641) ;  FUNCTION NAME: TX8_Debug_PutCRLF
                                        (0642) ;
                                        (0643) ;  DESCRIPTION:
                                        (0644) ;     Send a CR and LF
                                        (0645) ;
                                        (0646) ;  ARGUMENTS:
                                        (0647) ;     none.
                                        (0648) ;
                                        (0649) ;  RETURNS:
                                        (0650) ;     none.
                                        (0651) ;
                                        (0652) ;  SIDE EFFECTS:
                                        (0653) ;    The A and X registers may be modified by this or future implementations
                                        (0654) ;    of this function.  The same is true for all RAM page pointer registers in
                                        (0655) ;    the Large Memory Model.  When necessary, it is the calling function's
                                        (0656) ;    responsibility to perserve their values across calls to fastcall16 
                                        (0657) ;    functions.
                                        (0658) ;
                                        (0659)  TX8_Debug_PutCRLF:
                                        (0660) _TX8_Debug_PutCRLF:
                                        (0661)    RAM_PROLOGUE RAM_USE_CLASS_1
0632: 50 0D    MOV   A,0xD              (0662)    mov  A,0x0D                        ; Send CR
0634: 9F 80    CALL  _TX8_Debug_PutChar (0663)    call TX8_Debug_PutChar
0636: 50 0A    MOV   A,0xA              (0664)    mov  A,0x0A                        ; Send LF
0638: 9F 7C    CALL  _TX8_Debug_PutChar (0665)    call TX8_Debug_PutChar
                                        (0666)    RAM_EPILOGUE RAM_USE_CLASS_1
063A: 7F       RET                      (0667)    ret
                                        (0668) .ENDSECTION
                                        (0669) 
                                        (0670) ; End of File TX8_Debug.asm
FILE: lib\rx8_rfint.asm                 (0001) ;;*****************************************************************************
                                        (0002) ;;*****************************************************************************
063B: 08       PUSH  A                  (0003) ;;  FILENAME: RX8_RFINT.asm
063C: 5D D0    MOV   A,REG[0xD0]        
063E: 08       PUSH  A                  
063F: 5D D3    MOV   A,REG[0xD3]        
0641: 08       PUSH  A                  
0642: 5D D4    MOV   A,REG[0xD4]        
0644: 08       PUSH  A                  
0645: 5D D5    MOV   A,REG[0xD5]        
0647: 08       PUSH  A                  
0648: 70 3F    AND   F,0x3F             
064A: 71 C0    OR    F,0xC0             (0004) ;;   Version: 3.50, Updated on 2015/3/4 at 22:26:55
                                        (0005) ;;  Generated by PSoC Designer 5.4.3191
                                        (0006) ;;
064C: 62 D0 00 MOV   REG[0xD0],0x0      (0007) ;;  DESCRIPTION: RX8 Interrupt Service Routine.
                                        (0008) ;;-----------------------------------------------------------------------------
064F: 51 D7    MOV   A,[__r0]           (0009) ;;  Copyright (c) Cypress Semiconductor 2015. All Rights Reserved.
0651: 08       PUSH  A                  (0010) ;;*****************************************************************************
0652: 51 D6    MOV   A,[__r1]           (0011) ;;*****************************************************************************
0654: 08       PUSH  A                  (0012) 
0655: 51 D5    MOV   A,[__r2]           (0013) include "m8c.inc"
0657: 08       PUSH  A                  (0014) include "memory.inc"
0658: 51 D4    MOV   A,[__r3]           (0015) include "RX8_RF.inc"
065A: 08       PUSH  A                  (0016) 
065B: 51 D3    MOV   A,[__r4]           (0017) 
065D: 08       PUSH  A                  (0018) ;-----------------------------------------------
065E: 51 D2    MOV   A,[__r5]           (0019) ;  Global Symbols
0660: 08       PUSH  A                  (0020) ;-----------------------------------------------
0661: 51 D1    MOV   A,[__r6]           (0021) export  _RX8_RF_ISR
0663: 08       PUSH  A                  (0022) 
0664: 51 D0    MOV   A,[__r7]           (0023) 
0666: 08       PUSH  A                  (0024) IF (RX8_RF_RXBUF_ENABLE)
0667: 51 CF    MOV   A,[__r8]           (0025) export  RX8_RF_aRxBuffer
0669: 08       PUSH  A                  (0026) export _RX8_RF_aRxBuffer
066A: 51 CE    MOV   A,[__r9]           (0027) export  RX8_RF_bRxCnt
066C: 08       PUSH  A                  (0028) export _RX8_RF_bRxCnt
066D: 51 CD    MOV   A,[__r10]          (0029) export  RX8_RF_fStatus
066F: 08       PUSH  A                  (0030) export _RX8_RF_fStatus
0670: 51 CC    MOV   A,[__r11]          (0031) ENDIF
0672: 08       PUSH  A                  (0032) 
0673: 51 CB    MOV   A,[__rX]           (0033) 
0675: 08       PUSH  A                  (0034) ;-----------------------------------------------
0676: 51 CA    MOV   A,[__rY]           (0035) ; Variable Allocation
0678: 08       PUSH  A                  (0036) ;-----------------------------------------------
0679: 51 C9    MOV   A,[__rZ]           (0037) 
067B: 08       PUSH  A                  (0038) IF (RX8_RF_RXBUF_ENABLE)
                                        (0039) AREA InterruptRAM(RAM,REL,CON)
067C: 62 D0 00 MOV   REG[0xD0],0x0      (0040)  RX8_RF_fStatus:
                                        (0041) _RX8_RF_fStatus:      BLK  1
                                        (0042)  RX8_RF_bRxCnt:
                                        (0043) _RX8_RF_bRxCnt:       BLK  1
                                        (0044) AREA RX8_RF_RAM(RAM,REL,CON)
                                        (0045)  RX8_RF_aRxBuffer:    
                                        (0046) _RX8_RF_aRxBuffer:    BLK RX8_RF_RX_BUFFER_SIZE
                                        (0047) ENDIF
                                        (0048) 
                                        (0049) 
                                        (0050) AREA InterruptRAM(RAM,REL,CON)
                                        (0051) 
                                        (0052) ;@PSoC_UserCode_INIT@ (Do not change this line.)
                                        (0053) ;---------------------------------------------------
                                        (0054) ; Insert your custom declarations below this banner
                                        (0055) ;---------------------------------------------------
                                        (0056) 
                                        (0057) ;------------------------
                                        (0058) ; Includes
                                        (0059) ;------------------------
                                        (0060) 
                                        (0061) 	
                                        (0062) ;------------------------
                                        (0063) ;  Constant Definitions
                                        (0064) ;------------------------
                                        (0065) 
                                        (0066) 
                                        (0067) ;------------------------
                                        (0068) ; Variable Allocation
                                        (0069) ;------------------------
                                        (0070) 
                                        (0071) 
                                        (0072) ;---------------------------------------------------
                                        (0073) ; Insert your custom declarations above this banner
                                        (0074) ;---------------------------------------------------
                                        (0075) ;@PSoC_UserCode_END@ (Do not change this line.)
                                        (0076) 
                                        (0077) 
                                        (0078) AREA UserModules (ROM, REL)
                                        (0079) 
                                        (0080) ;-----------------------------------------------------------------------------
                                        (0081) ;  FUNCTION NAME: _RX8_RF_ISR
                                        (0082) ;
                                        (0083) ;  DESCRIPTION: Unless modified, this implements only a null handler stub.
                                        (0084) ;
                                        (0085) ;-----------------------------------------------------------------------------
                                        (0086) ;
                                        (0087) 
                                        (0088) _RX8_RF_ISR:
                                        (0089) 
                                        (0090)    ;@PSoC_UserCode_BODY@ (Do not change this line.)
                                        (0091)    ;---------------------------------------------------
                                        (0092)    ; Insert your custom assembly code below this banner
                                        (0093)    ;---------------------------------------------------
                                        (0094)    ;   NOTE: interrupt service routines must preserve
                                        (0095)    ;   the values of the A and X CPU registers.
                                        (0096)    
                                        (0097)    ;---------------------------------------------------
                                        (0098)    ; Insert your custom assembly code above this banner
                                        (0099)    ;---------------------------------------------------
                                        (0100)    
                                        (0101)    ;---------------------------------------------------
                                        (0102)    ; Insert a lcall to a C function below this banner
                                        (0103)    ; and un-comment the lines between these banners
                                        (0104)    ;---------------------------------------------------
                                        (0105)    
                                        (0106)    PRESERVE_CPU_CONTEXT
067F: 7C 0D B3 LCALL _rf_signal         (0107)    lcall _rf_signal
0682: 70 3F    AND   F,0x3F             
0684: 71 C0    OR    F,0xC0             
0686: 62 D0 00 MOV   REG[0xD0],0x0      
0689: 18       POP   A                  
068A: 53 C9    MOV   [__rZ],A           
068C: 18       POP   A                  
068D: 53 CA    MOV   [__rY],A           
068F: 18       POP   A                  
0690: 53 CB    MOV   [__rX],A           
0692: 18       POP   A                  
0693: 53 CC    MOV   [__r11],A          
0695: 18       POP   A                  
0696: 53 CD    MOV   [__r10],A          
0698: 18       POP   A                  
0699: 53 CE    MOV   [__r9],A           
069B: 18       POP   A                  
069C: 53 CF    MOV   [__r8],A           
069E: 18       POP   A                  
069F: 53 D0    MOV   [__r7],A           
06A1: 18       POP   A                  
06A2: 53 D1    MOV   [__r6],A           
06A4: 18       POP   A                  
06A5: 53 D2    MOV   [__r5],A           
06A7: 18       POP   A                  
06A8: 53 D3    MOV   [__r4],A           
06AA: 18       POP   A                  
06AB: 53 D4    MOV   [__r3],A           
06AD: 18       POP   A                  
06AE: 53 D5    MOV   [__r2],A           
06B0: 18       POP   A                  
06B1: 53 D6    MOV   [__r1],A           
06B3: 18       POP   A                  
06B4: 53 D7    MOV   [__r0],A           
06B6: 18       POP   A                  
06B7: 60 D5    MOV   REG[0xD5],A        
06B9: 18       POP   A                  
06BA: 60 D4    MOV   REG[0xD4],A        
06BC: 18       POP   A                  
06BD: 60 D3    MOV   REG[0xD3],A        
06BF: 18       POP   A                  
06C0: 60 D0    MOV   REG[0xD0],A        
06C2: 70 00    AND   F,0x0              
06C4: 18       POP   A                  
                                        (0108)    RESTORE_CPU_CONTEXT
                                        (0109)    
                                        (0110)    ;---------------------------------------------------
                                        (0111)    ; Insert a lcall to a C function above this banner
                                        (0112)    ; and un-comment the lines between these banners
                                        (0113)    ;---------------------------------------------------
                                        (0114)    ;@PSoC_UserCode_END@ (Do not change this line.)
                                        (0115) 
                                        (0116)  IF (RX8_RF_RXBUF_ENABLE)
06C5: 08       PUSH  A                  (0117)    push A
06C6: 10       PUSH  X                  (0118)    push X
06C7: 5D D3    MOV   A,REG[0xD3]        
06C9: 08       PUSH  A                  
                                        (0119) 
                                        (0120)    IF SYSTEM_LARGE_MEMORY_MODEL
                                        (0121)       REG_PRESERVE IDX_PP                                  ; Save the IDX_PP register	
                                        (0122)    ENDIF
                                        (0123) 
06CA: 58 01    MOV   X,[0x1]            (0124)    mov  X,[RX8_RF_bRxCnt]                                  ; Load X with byte counter
06CC: 5D 4B    MOV   A,REG[0x4B]        (0125)    mov  A,REG[RX8_RF_CONTROL_REG]                          ; Read the control register
06CE: 08       PUSH  A                  (0126)    push A                                                  ; Store copy for later test
                                        (0127)                                                            ; IF real RX interrupt
06CF: 21 08    AND   A,0x8              (0128)    and  A,RX8_RF_RX_REG_FULL                               ; Did really really get an IRQ
06D1: B0 04    JNZ   0x06D6             (0129)    jnz  .UARTRX_ReadRx                                     ; Data ready, go get it
06D3: 18       POP   A                  (0130)    pop  A                                                  ; Restore stack
06D4: 80 62    JMP   0x0737             (0131)    jmp  .RESTORE_IDX_PP
                                        (0132) 
                                        (0133) .UARTRX_ReadRx:
                                        (0134) 
06D6: 18       POP   A                  (0135)    pop  A                                                  ; Restore status flags
                                        (0136)                                                            ; IF there is no error, get data
                                        (0137)                                                            ; Check for parity or framing error
06D7: 21 E0    AND   A,0xE0             (0138)    and  A,RX8_RF_RX_ERROR
06D9: A0 12    JZ    0x06EC             (0139)    jz   .UARTRX_NO_ERROR                                   ; If there is not an Error go read data
                                        (0140) 
06DB: 2C 00    OR    [0x0],A            (0141)    or   [RX8_RF_fStatus],A                                 ; Set error flags (parity,framing,overrun) bits
                                        (0142) 
06DD: 49 4A 00 TST   REG[0x4A],0x0      (0143)    tst  REG[RX8_RF_RX_BUFFER_REG], 0x00                    ; Read the data buffer to clear it.
                                        (0144) 
06E0: 21 20    AND   A,0x20             (0145)    and  A,RX8_RF_RX_FRAMING_ERROR                          ; Check for framing error special case
06E2: A0 54    JZ    0x0737             (0146)    jz   .RESTORE_IDX_PP                                    ; Not framing error, all done
                                        (0147) 
                                        (0148)                                                            ; Disable and re-enable RX to reset after
                                        (0149)                                                            ; framing error.
06E4: 41 4B FE AND   REG[0x4B],0xFE     (0150)    and   REG[RX8_RF_CONTROL_REG], ~RX8_RF_RX_ENABLE        ; Disable RX
06E7: 43 4B 01 OR    REG[0x4B],0x1      (0151)    or    REG[RX8_RF_CONTROL_REG],  RX8_RF_RX_ENABLE        ; Enable RX
06EA: 80 4C    JMP   0x0737             (0152)    jmp  .RESTORE_IDX_PP                                    ; Done with framing error, leave.
                                        (0153) 
                                        (0154) 
                                        (0155) .UARTRX_NO_ERROR:
06EC: 5D 4A    MOV   A,REG[0x4A]        (0156)    mov  A,REG[RX8_RF_RX_BUFFER_REG ]                       ; Read the data buffer
                                        (0157) 
                                        (0158)                                                            ; IF buffer not full
06EE: 47 00 01 TST   [0x0],0x1          (0159)    tst  [RX8_RF_fStatus],RX8_RF_RX_BUF_CMDTERM             ; Check for buffer full
06F1: B0 45    JNZ   0x0737             (0160)    jnz  .RESTORE_IDX_PP                                    ; All done
                                        (0161) 
06F3: 39 0D    CMP   A,0xD              (0162)    cmp  A,RX8_RF_CMD_TERM                                  ; Check for End of command
06F5: B0 14    JNZ   0x070A             (0163)    jnz  .UARTRX_CHK_CTLCHAR
06F7: 2E 00 01 OR    [0x0],0x1          (0164)    or   [RX8_RF_fStatus],RX8_RF_RX_BUF_CMDTERM             ; Set command ready bit
06FA: 62 D3 00 MOV   REG[0xD3],0x0      
06FD: 70 3F    AND   F,0x3F             
06FF: 71 80    OR    F,0x80             
                                        (0165) 
                                        (0166)    RAM_SETPAGE_IDX >RX8_RF_aRxBuffer
                                        (0167)    RAM_CHANGE_PAGE_MODE FLAG_PGMODE_10b
0701: 56 A9 00 MOV   [X-87],0x0         (0168)    mov  [X + RX8_RF_aRxBuffer],00h                         ; Zero out last data
0704: 70 3F    AND   F,0x3F             
0706: 71 00    OR    F,0x0              
                                        (0169)    RAM_CHANGE_PAGE_MODE FLAG_PGMODE_00b
0708: 80 2E    JMP   0x0737             (0170)    jmp  .RESTORE_IDX_PP
                                        (0171) 
                                        (0172) .UARTRX_CHK_CTLCHAR:                                       ; Ignore charaters below this value
                                        (0173)                                                            ; If ignore char is set to 0x00, do not
                                        (0174)                                                            ; ignore any characters.
                                        (0175) IF(RX8_RF_RX_IGNORE_BELOW)
070A: 39 20    CMP   A,0x20             (0176)    cmp  A,RX8_RF_RX_IGNORE_BELOW
070C: C0 2A    JC    0x0737             (0177)    jc   .RESTORE_IDX_PP
                                        (0178) ENDIF
                                        (0179) 
                                        (0180) .UARTRX_CHK_OVFL:                                          ; Check for MAX String here
070E: 3C 01 0F CMP   [0x1],0xF          (0181)    cmp  [RX8_RF_bRxCnt],(RX8_RF_RX_BUFFER_SIZE - 1)
0711: C0 14    JC    0x0726             (0182)    jc   .UARTRX_ISR_GETDATA
0713: 2E 00 10 OR    [0x0],0x10         (0183)    or   [RX8_RF_fStatus],RX8_RF_RX_BUF_OVERRUN             ; Set error flags (parity,framing,overrun) bits
0716: 62 D3 00 MOV   REG[0xD3],0x0      
0719: 70 3F    AND   F,0x3F             
071B: 71 80    OR    F,0x80             
                                        (0184) 
                                        (0185)    RAM_SETPAGE_IDX >RX8_RF_aRxBuffer             ;   using idexed address mode
                                        (0186)    RAM_CHANGE_PAGE_MODE FLAG_PGMODE_10b
071D: 56 A9 00 MOV   [X-87],0x0         (0187)    mov  [X + RX8_RF_aRxBuffer],00h                         ; Zero out last data
0720: 70 3F    AND   F,0x3F             
0722: 71 00    OR    F,0x0              
                                        (0188)    RAM_CHANGE_PAGE_MODE FLAG_PGMODE_00b
0724: 80 12    JMP   0x0737             (0189)    jmp  .RESTORE_IDX_PP
                                        (0190) 
                                        (0191)                                                            ; IF input data == "CR", then end of command
                                        (0192) .UARTRX_ISR_GETDATA:
0726: 75       INC   X                  (0193)    inc  X                                                  ; Inc the pointer
0727: 5A 01    MOV   [0x1],X            (0194)    mov  [RX8_RF_bRxCnt],X                                  ; Restore the pointer
0729: 79       DEC   X                  (0195)    dec  X                                                  ; Mov X to its original value
072A: 62 D3 00 MOV   REG[0xD3],0x0      
072D: 70 3F    AND   F,0x3F             
072F: 71 80    OR    F,0x80             
                                        (0196) 
                                        (0197)    RAM_SETPAGE_IDX >RX8_RF_aRxBuffer             ;   using idexed address mode
                                        (0198)    RAM_CHANGE_PAGE_MODE FLAG_PGMODE_10b
0731: 54 A9    MOV   [X-87],A           (0199)    mov  [X+RX8_RF_aRxBuffer],A                             ; store data in array
0733: 70 3F    AND   F,0x3F             
0735: 71 00    OR    F,0x0              
0737: 18       POP   A                  
0738: 60 D3    MOV   REG[0xD3],A        
                                        (0200)    RAM_CHANGE_PAGE_MODE FLAG_PGMODE_00b
                                        (0201) 
                                        (0202) 
                                        (0203) .RESTORE_IDX_PP:
                                        (0204)    IF SYSTEM_LARGE_MEMORY_MODEL
                                        (0205)       REG_RESTORE IDX_PP
                                        (0206)    ENDIF
                                        (0207) 
                                        (0208) .END_UARTRX_ISR:
073A: 20       POP   X                  (0209)    pop  X
073B: 18       POP   A                  (0210)    pop  A
                                        (0211) 
                                        (0212) ENDIF
                                        (0213) 
                                        (0214) RX8_RF_RX_ISR_END:
073C: 7E       RETI                     (0215)    reti
                                        (0216) 
                                        (0217) 
                                        (0218) ; end of file RX8_RFINT.asm
FILE: lib\rx8_rf.asm                    (0001) ;;*****************************************************************************
073D: 43 DF 04 OR    REG[0xDF],0x4      (0002) ;;*****************************************************************************
                                        (0003) ;;  FILENAME: RX8_RF.asm
                                        (0004) ;;   Version: 3.50, Updated on 2015/3/4 at 22:26:55
                                        (0005) ;;  Generated by PSoC Designer 5.4.3191
                                        (0006) ;;
                                        (0007) ;;  DESCRIPTION: RX8 User Module software implementation file.
                                        (0008) ;;
                                        (0009) ;;  NOTE: User Module APIs conform to the fastcall16 convention for marshalling
                                        (0010) ;;        arguments and observe the associated "Registers are volatile" policy.
                                        (0011) ;;        This means it is the caller's responsibility to preserve any values
                                        (0012) ;;        in the X and A registers that are still needed after the API functions
                                        (0013) ;;        returns. For Large Memory Model devices it is also the caller's 
                                        (0014) ;;        responsibility to perserve any value in the CUR_PP, IDX_PP, MVR_PP and 
                                        (0015) ;;        MVW_PP registers. Even though some of these registers may not be modified
                                        (0016) ;;        now, there is no guarantee that will remain the case in future releases.
                                        (0017) ;;-----------------------------------------------------------------------------
                                        (0018) ;;  Copyright (c) Cypress Semiconductor 2015. All Rights Reserved.
                                        (0019) ;;*****************************************************************************
                                        (0020) ;;*****************************************************************************
                                        (0021) 
                                        (0022) ;-----------------------------------------------
                                        (0023) ; include instance specific register definitions
                                        (0024) ;-----------------------------------------------
                                        (0025) include "m8c.inc"
                                        (0026) include "memory.inc"
                                        (0027) include "RX8_RF.inc"
                                        (0028) 
                                        (0029) 
                                        (0030) ;-----------------------------------------------
                                        (0031) ;  Global Symbols
                                        (0032) ;-----------------------------------------------
                                        (0033) export   RX8_RF_EnableInt
                                        (0034) export  _RX8_RF_EnableInt
                                        (0035) export   RX8_RF_DisableInt
                                        (0036) export  _RX8_RF_DisableInt
                                        (0037) export   RX8_RF_Start
                                        (0038) export  _RX8_RF_Start
                                        (0039) export   RX8_RF_Stop
                                        (0040) export  _RX8_RF_Stop
                                        (0041) export   RX8_RF_bReadRxData
                                        (0042) export  _RX8_RF_bReadRxData
                                        (0043) export   RX8_RF_bReadRxStatus
                                        (0044) export  _RX8_RF_bReadRxStatus
                                        (0045) 
                                        (0046) ; Old function name convension, do not use.
                                        (0047) ; These will be removed in a future release.
                                        (0048) export  bRX8_RF_ReadRxData
                                        (0049) export _bRX8_RF_ReadRxData
                                        (0050) export  bRX8_RF_ReadRxStatus
                                        (0051) export _bRX8_RF_ReadRxStatus
                                        (0052) 
                                        (0053) ;-----------------------------------------------
                                        (0054) ; High Level RX functions
                                        (0055) ;-----------------------------------------------
                                        (0056) 
                                        (0057) export  RX8_RF_cGetChar
                                        (0058) export _RX8_RF_cGetChar
                                        (0059) export  RX8_RF_cReadChar
                                        (0060) export _RX8_RF_cReadChar
                                        (0061) export  RX8_RF_iReadChar
                                        (0062) export _RX8_RF_iReadChar
                                        (0063) 
                                        (0064) IF (RX8_RF_RXBUF_ENABLE)
                                        (0065) export  RX8_RF_CmdReset
                                        (0066) export _RX8_RF_CmdReset
                                        (0067) export  RX8_RF_bCmdCheck
                                        (0068) export _RX8_RF_bCmdCheck
                                        (0069) export  RX8_RF_bCmdLength
                                        (0070) export _RX8_RF_bCmdLength
                                        (0071) export  RX8_RF_bErrCheck
                                        (0072) export _RX8_RF_bErrCheck
                                        (0073) 
                                        (0074) export  RX8_RF_szGetParam
                                        (0075) export _RX8_RF_szGetParam
                                        (0076) export  RX8_RF_szGetRestOfParams
                                        (0077) export _RX8_RF_szGetRestOfParams
                                        (0078) 
                                        (0079) ;-----------------------------------------------
                                        (0080) ;  Variables
                                        (0081) ;-----------------------------------------------
                                        (0082) 
                                        (0083) AREA RX8_RF_RAM(RAM,REL,CON)
                                        (0084)  ptrParam:   			BLK  1
                                        (0085) 
                                        (0086) ENDIF
                                        (0087) ;-----------------------------------------------
                                        (0088) ;  EQUATES
                                        (0089) ;-----------------------------------------------
                                        (0090) bfCONTROL_REG_START_BIT:   equ   1     ; Control register start bit
                                        (0091) 
                                        (0092) area UserModules (ROM, REL)
                                        (0093) 
                                        (0094) .SECTION
                                        (0095) ;-----------------------------------------------------------------------------
                                        (0096) ;  FUNCTION NAME: RX8_RF_EnableInt
                                        (0097) ;
                                        (0098) ;  DESCRIPTION:
                                        (0099) ;     Enables this receiver's interrupt by setting the interrupt enable mask
                                        (0100) ;     bit associated with this User Module. Remember to call the global interrupt
                                        (0101) ;     enable function by using the macro: M8C_EnableGInt.
                                        (0102) ;
                                        (0103) ;-----------------------------------------------------------------------------
                                        (0104) ;
                                        (0105) ;  ARGUMENTS: none
                                        (0106) ;
                                        (0107) ;  RETURNS: none
                                        (0108) ;
                                        (0109) ;  SIDE EFFECTS:
                                        (0110) ;    The A and X registers may be modified by this or future implementations
                                        (0111) ;    of this function.  The same is true for all RAM page pointer registers in
                                        (0112) ;    the Large Memory Model.  When necessary, it is the calling function's
                                        (0113) ;    responsibility to perserve their values across calls to fastcall16 
                                        (0114) ;    functions.
                                        (0115) ;
                                        (0116)  RX8_RF_EnableInt:
                                        (0117) _RX8_RF_EnableInt:
                                        (0118)    RAM_PROLOGUE RAM_USE_CLASS_1
                                        (0119)    M8C_EnableIntMask RX8_RF_INT_REG, RX8_RF_bINT_MASK
                                        (0120)    RAM_EPILOGUE RAM_USE_CLASS_1
0740: 7F       RET                      (0121)    ret
0741: 41 DF FB AND   REG[0xDF],0xFB     
                                        (0122) .ENDSECTION
                                        (0123) 
                                        (0124) .SECTION
                                        (0125) ;-----------------------------------------------------------------------------
                                        (0126) ;  FUNCTION NAME: RX8_RF_DisableInt
                                        (0127) ;
                                        (0128) ;  DESCRIPTION:
                                        (0129) ;     Disables this RX8's interrupt by clearing the interrupt enable mask bit
                                        (0130) ;     associated with this User Module.
                                        (0131) ;
                                        (0132) ;-----------------------------------------------------------------------------
                                        (0133) ;
                                        (0134) ;  ARGUMENTS:  none
                                        (0135) ;
                                        (0136) ;  RETURNS:  none
                                        (0137) ;
                                        (0138) ;  SIDE EFFECTS:
                                        (0139) ;    The A and X registers may be modified by this or future implementations
                                        (0140) ;    of this function.  The same is true for all RAM page pointer registers in
                                        (0141) ;    the Large Memory Model.  When necessary, it is the calling function's
                                        (0142) ;    responsibility to perserve their values across calls to fastcall16 
                                        (0143) ;    functions.
                                        (0144) ;
                                        (0145)  RX8_RF_DisableInt:
                                        (0146) _RX8_RF_DisableInt:
                                        (0147)    RAM_PROLOGUE RAM_USE_CLASS_1
                                        (0148)    M8C_DisableIntMask RX8_RF_INT_REG, RX8_RF_bINT_MASK
                                        (0149)    RAM_EPILOGUE RAM_USE_CLASS_1
0744: 7F       RET                      (0150)    ret
                                        (0151) .ENDSECTION
                                        (0152) 
                                        (0153) .SECTION
                                        (0154) ;-----------------------------------------------------------------------------
                                        (0155) ;  FUNCTION NAME: RX8_RF_Start(BYTE bParity)
                                        (0156) ;
                                        (0157) ;  DESCRIPTION:
                                        (0158) ;    Sets the start bit and parity in the Control register of this user module.
                                        (0159) ;
                                        (0160) ;-----------------------------------------------------------------------------
                                        (0161) ;
                                        (0162) ;  ARGUMENTS:
                                        (0163) ;    BYTE bParity - parity of received data.  Use defined masks.
                                        (0164) ;    passed in A register.
                                        (0165) ;
                                        (0166) ;  RETURNS: none
                                        (0167) ;
                                        (0168) ;  SIDE EFFECTS:
                                        (0169) ;    The A and X registers may be modified by this or future implementations
                                        (0170) ;    of this function.  The same is true for all RAM page pointer registers in
                                        (0171) ;    the Large Memory Model.  When necessary, it is the calling function's
                                        (0172) ;    responsibility to perserve their values across calls to fastcall16 
                                        (0173) ;    functions.
                                        (0174) ;
                                        (0175)  RX8_RF_Start:
                                        (0176) _RX8_RF_Start:
                                        (0177)    RAM_PROLOGUE RAM_USE_CLASS_1
0745: 29 01    OR    A,0x1              (0178)    or    A, bfCONTROL_REG_START_BIT
0747: 60 4B    MOV   REG[0x4B],A        (0179)    mov   REG[RX8_RF_CONTROL_REG], A
                                        (0180)    RAM_EPILOGUE RAM_USE_CLASS_1
0749: 7F       RET                      (0181)    ret
                                        (0182) .ENDSECTION
                                        (0183) 
                                        (0184) .SECTION
                                        (0185) ;-----------------------------------------------------------------------------
                                        (0186) ;  FUNCTION NAME: RX8_RF_Stop
                                        (0187) ;
                                        (0188) ;  DESCRIPTION:
                                        (0189) ;     Disables RX8 operation.
                                        (0190) ;
                                        (0191) ;-----------------------------------------------------------------------------
                                        (0192) ;
                                        (0193) ;  ARGUMENTS: none
                                        (0194) ;
                                        (0195) ;  RETURNS: none
                                        (0196) ;
                                        (0197) ;  SIDE EFFECTS:
                                        (0198) ;    The A and X registers may be modified by this or future implementations
                                        (0199) ;    of this function.  The same is true for all RAM page pointer registers in
                                        (0200) ;    the Large Memory Model.  When necessary, it is the calling function's
                                        (0201) ;    responsibility to perserve their values across calls to fastcall16 
                                        (0202) ;    functions.
                                        (0203) ;
                                        (0204)  RX8_RF_Stop:
                                        (0205) _RX8_RF_Stop:
                                        (0206)    RAM_PROLOGUE RAM_USE_CLASS_1
074A: 41 4B FE AND   REG[0x4B],0xFE     (0207)    and   REG[RX8_RF_CONTROL_REG], ~bfCONTROL_REG_START_BIT
                                        (0208)    RAM_EPILOGUE RAM_USE_CLASS_1
074D: 7F       RET                      (0209)    ret
                                        (0210) .ENDSECTION
                                        (0211) 
                                        (0212) .SECTION
                                        (0213) ;-----------------------------------------------------------------------------
                                        (0214) ;  FUNCTION NAME: RX8_RF_bReadRxData
                                        (0215) ;
                                        (0216) ;  DESCRIPTION:
                                        (0217) ;     Reads the RX buffer register.  Should check the status regiser to make
                                        (0218) ;     sure data is valid.
                                        (0219) ;
                                        (0220) ;-----------------------------------------------------------------------------
                                        (0221) ;
                                        (0222) ;  ARGUMENTS:  none
                                        (0223) ;
                                        (0224) ;  RETURNS:
                                        (0225) ;    bRxData - returned in A.
                                        (0226) ;
                                        (0227) ;  SIDE EFFECTS:
                                        (0228) ;    The A and X registers may be modified by this or future implementations
                                        (0229) ;    of this function.  The same is true for all RAM page pointer registers in
                                        (0230) ;    the Large Memory Model.  When necessary, it is the calling function's
                                        (0231) ;    responsibility to perserve their values across calls to fastcall16 
                                        (0232) ;    functions.
                                        (0233) ;
                                        (0234)  RX8_RF_bReadRxData:
                                        (0235) _RX8_RF_bReadRxData:
                                        (0236)  bRX8_RF_ReadRxData:
                                        (0237) _bRX8_RF_ReadRxData:
                                        (0238)    RAM_PROLOGUE RAM_USE_CLASS_1
074E: 5D 4A    MOV   A,REG[0x4A]        (0239)    mov A, REG[RX8_RF_RX_BUFFER_REG]
                                        (0240)    RAM_EPILOGUE RAM_USE_CLASS_1
0750: 7F       RET                      (0241)    ret
                                        (0242) .ENDSECTION
                                        (0243) 
                                        (0244) .SECTION
                                        (0245) ;-----------------------------------------------------------------------------
                                        (0246) ;  FUNCTION NAME: RX8_RF_bReadRxStatus
                                        (0247) ;
                                        (0248) ;  DESCRIPTION:
                                        (0249) ;    Reads the RX Status bits in the Control/Status register.
                                        (0250) ;
                                        (0251) ;-----------------------------------------------------------------------------
                                        (0252) ;
                                        (0253) ;  ARGUMENTS:  none
                                        (0254) ;
                                        (0255) ;  RETURNS:
                                        (0256) ;     BYTE  bRXStatus - transmit status data.  Use the following defined bits
                                        (0257) ;                       masks: RX_COMPLETE and RX_BUFFER_EMPTY
                                        (0258) ;
                                        (0259) ;  SIDE EFFECTS:
                                        (0260) ;    The A and X registers may be modified by this or future implementations
                                        (0261) ;    of this function.  The same is true for all RAM page pointer registers in
                                        (0262) ;    the Large Memory Model.  When necessary, it is the calling function's
                                        (0263) ;    responsibility to perserve their values across calls to fastcall16 
                                        (0264) ;    functions.
                                        (0265) ;
                                        (0266)  RX8_RF_bReadRxStatus:
                                        (0267) _RX8_RF_bReadRxStatus:
                                        (0268)  bRX8_RF_ReadRxStatus:
                                        (0269) _bRX8_RF_ReadRxStatus:
                                        (0270)    RAM_PROLOGUE RAM_USE_CLASS_1
0751: 5D 4B    MOV   A,REG[0x4B]        (0271)    mov A,  REG[RX8_RF_CONTROL_REG]
                                        (0272)    RAM_EPILOGUE RAM_USE_CLASS_1
0753: 7F       RET                      (0273)    ret
                                        (0274) .ENDSECTION
                                        (0275) 
                                        (0276) ;-----------------------------------------------
                                        (0277) ; High Level RX functions
                                        (0278) ;-----------------------------------------------
                                        (0279) 
                                        (0280) .SECTION
                                        (0281) ;-----------------------------------------------------------------------------
                                        (0282) ;  FUNCTION NAME: RX8_RF_cGetChar
                                        (0283) ;
                                        (0284) ;  DESCRIPTION:
                                        (0285) ;     Read character from UART RX port.
                                        (0286) ;
                                        (0287) ;
                                        (0288) ;  ARGUMENTS:
                                        (0289) ;      none
                                        (0290) ;
                                        (0291) ;  RETURNS:
                                        (0292) ;     char that is returned from UART
                                        (0293) ;
                                        (0294) ;  SIDE EFFECTS:
                                        (0295) ;    The A and X registers may be modified by this or future implementations
                                        (0296) ;    of this function.  The same is true for all RAM page pointer registers in
                                        (0297) ;    the Large Memory Model.  When necessary, it is the calling function's
                                        (0298) ;    responsibility to perserve their values across calls to fastcall16 
                                        (0299) ;    functions.
                                        (0300) ;    
                                        (0301) ;    Program flow will stay in this function until a character is received.
                                        (0302) ;    If the watchdog timer is used, care must be taken to make sure that
                                        (0303) ;    the delay between characters is less than the watchdog timeout.
                                        (0304) ;
                                        (0305)  RX8_RF_cGetChar:
                                        (0306) _RX8_RF_cGetChar:
                                        (0307)    RAM_PROLOGUE RAM_USE_CLASS_1
                                        (0308) 
                                        (0309) .getChar_Loop:
0754: 49 4B 08 TST   REG[0x4B],0x8      (0310)    tst REG[RX8_RF_CONTROL_REG],RX8_RF_RX_REG_FULL   ; Check if a character is ready
0757: AF FC    JZ    _RX8_RF_cGetChar   (0311)    jz  .getChar_Loop                                        ; If not loop
                                        (0312) 
0759: 5D 4A    MOV   A,REG[0x4A]        (0313)    mov A, REG[RX8_RF_RX_BUFFER_REG]              ; Get character
                                        (0314)    RAM_EPILOGUE RAM_USE_CLASS_1
075B: 7F       RET                      (0315)    ret
                                        (0316) .ENDSECTION
                                        (0317) 
                                        (0318) .SECTION
                                        (0319) ;-----------------------------------------------------------------------------
                                        (0320) ;  FUNCTION NAME: RX8_RF_cReadChar
                                        (0321) ;
                                        (0322) ;  DESCRIPTION:
                                        (0323) ;     Read character from UART RX port.
                                        (0324) ;
                                        (0325) ;  ARGUMENTS:
                                        (0326) ;      none
                                        (0327) ;
                                        (0328) ;  RETURNS:
                                        (0329) ;     char that is returned from UART
                                        (0330) ;
                                        (0331) ;  SIDE EFFECTS:
                                        (0332) ;    The A and X registers may be modified by this or future implementations
                                        (0333) ;    of this function.  The same is true for all RAM page pointer registers in
                                        (0334) ;    the Large Memory Model.  When necessary, it is the calling function's
                                        (0335) ;    responsibility to perserve their values across calls to fastcall16 
                                        (0336) ;    functions.
                                        (0337) ;
                                        (0338) ;    A valid 0x00 character will be ignored, since a 0x00 return value
                                        (0339) ;    implies a valid character or an error condition occured.
                                        (0340) ;
                                        (0341)  RX8_RF_cReadChar:
                                        (0342) _RX8_RF_cReadChar:
                                        (0343)    RAM_PROLOGUE RAM_USE_CLASS_1
                                        (0344) 
075C: 5D 4B    MOV   A,REG[0x4B]        (0345)    mov  A,REG[RX8_RF_CONTROL_REG]                          ; Get Status of RX
075E: 08       PUSH  A                  (0346)    push A
075F: 21 08    AND   A,0x8              (0347)    and  A,RX8_RF_RX_COMPLETE                               ; Check if a character is ready
0761: B0 04    JNZ   0x0766             (0348)    jnz  .RX_DATA_RDY                                       ; Data Ready go read it.
0763: 18       POP   A                  (0349)    pop  A
0764: 80 0B    JMP   0x0770             (0350)    jmp  .RX_NO_VALID_CHAR
                                        (0351) 
                                        (0352) .RX_DATA_RDY:
0766: 5D 4A    MOV   A,REG[0x4A]        (0353)    mov  A,REG[RX8_RF_RX_BUFFER_REG]                        ; Read data first, then
0768: 4B       SWAP  A,X                (0354)    swap A,X                                                ; determine if data is valid
                                        (0355) 
0769: 18       POP   A                  (0356)    pop  A                                                  ; Check for errors
076A: 21 A0    AND   A,0xA0             (0357)    and  A,(RX8_RF_RX_PARITY_ERROR | RX8_RF_RX_FRAMING_ERROR)
076C: B0 03    JNZ   0x0770             (0358)    jnz  .RX_NO_VALID_CHAR                                  ; No character, exit
076E: 4B       SWAP  A,X                (0359)    swap A,X                                                ; Put data in A and exit
                                        (0360)    RAM_EPILOGUE RAM_USE_CLASS_1
076F: 7F       RET                      (0361)    ret
                                        (0362) 
                                        (0363) .RX_NO_VALID_CHAR:
0770: 50 00    MOV   A,0x0              (0364)    mov A,0x00                                              ; Zero out character
                                        (0365) 
                                        (0366)  End_RX8_RF_cReadChar:
                                        (0367)    RAM_EPILOGUE RAM_USE_CLASS_1
0772: 7F       RET                      (0368)    ret
                                        (0369) .ENDSECTION
                                        (0370) 																			
                                        (0371) .SECTION
                                        (0372) ;-----------------------------------------------------------------------------
                                        (0373) ;  FUNCTION NAME: RX8_RF_iReadChar
                                        (0374) ;
                                        (0375) ; WARNING WARNING WARNING  Negative return value not correct!!!!  We may want
                                        (0376) ; to just set a value in the upper byte if error conditions exists.
                                        (0377) ;
                                        (0378) ;  DESCRIPTION:
                                        (0379) ;     Read character from UART RX port.
                                        (0380) ;
                                        (0381) ;  ARGUMENTS:
                                        (0382) ;      none
                                        (0383) ;
                                        (0384) ;  RETURNS:
                                        (0385) ;     An integer value is returned.  A negative value inplies and error
                                        (0386) ;     condition, a positive value between 0 and 255 is the return character.
                                        (0387) ;
                                        (0388) ;     Error Codes:
                                        (0389) ;        0x80CC    Parity Error
                                        (0390) ;        0x40CC    Overrun Error
                                        (0391) ;        0x20CC    Framing Error
                                        (0392) ;        0x01CC    No Data available
                                        (0393) ;
                                        (0394) ;  SIDE EFFECTS:
                                        (0395) ;    The A and X registers may be modified by this or future implementations
                                        (0396) ;    of this function.  The same is true for all RAM page pointer registers in
                                        (0397) ;    the Large Memory Model.  When necessary, it is the calling function's
                                        (0398) ;    responsibility to perserve their values across calls to fastcall16 
                                        (0399) ;    functions.
                                        (0400) ;
                                        (0401)  RX8_RF_iReadChar:
                                        (0402) _RX8_RF_iReadChar:
                                        (0403)    RAM_PROLOGUE RAM_USE_CLASS_1
                                        (0404) 
0773: 5D 4B    MOV   A,REG[0x4B]        (0405)    mov  A,REG[RX8_RF_CONTROL_REG]                          ; Get Status of RX
                                        (0406)                                                            ; Mask only errors and data ready
0775: 21 E8    AND   A,0xE8             (0407)    and  A,(RX8_RF_RX_ERROR|RX8_RF_RX_REG_FULL)
0777: 08       PUSH  A                  (0408)    push A
0778: 21 08    AND   A,0x8              (0409)    and  A,RX8_RF_RX_COMPLETE                               ; Check if a character is ready
077A: B0 07    JNZ   0x0782             (0410)    jnz  .RX_GET_DATA                                       ; Data Ready go read it.
077C: 18       POP   A                  (0411)    pop  A
077D: 29 01    OR    A,0x1              (0412)    or   A,RX8_RF_RX_NO_DATA                                ; Add no data flag
077F: 4B       SWAP  A,X                (0413)    swap A,X
0780: 80 07    JMP   0x0788             (0414)    jmp  End_RX8_RF_iReadChar
                                        (0415) 
                                        (0416) .RX_GET_DATA:
0782: 18       POP   A                  (0417)    pop  A
0783: 21 E0    AND   A,0xE0             (0418)    and  A,RX8_RF_RX_ERROR
0785: 4B       SWAP  A,X                (0419)    swap A,X
0786: 5D 4A    MOV   A,REG[0x4A]        (0420)    mov  A,REG[RX8_RF_RX_BUFFER_REG]                        ; Read data first, then
                                        (0421)                                                            ; determine if data is valid
                                        (0422) 
                                        (0423)  End_RX8_RF_iReadChar:
                                        (0424)    RAM_EPILOGUE RAM_USE_CLASS_1
0788: 7F       RET                      (0425)    ret
0789: 62 D0 00 MOV   REG[0xD0],0x0      
                                        (0426) .ENDSECTION
                                        (0427) 
                                        (0428) 
                                        (0429) 
                                        (0430) IF (RX8_RF_RXBUF_ENABLE)
                                        (0431) .SECTION
                                        (0432) ;-----------------------------------------------------------------------------
                                        (0433) ;-----------------------------------------------------------------------------
                                        (0434) ;
                                        (0435) ;     Command Buffer commands
                                        (0436) ;
                                        (0437) ;-----------------------------------------------------------------------------
                                        (0438) ;-----------------------------------------------------------------------------
                                        (0439) 
                                        (0440) ;-----------------------------------------------------------------------------
                                        (0441) ;  FUNCTION NAME: RX8_RF_CmdReset
                                        (0442) ;
                                        (0443) ;  DESCRIPTION:
                                        (0444) ;     Reset command string and status flags
                                        (0445) ;
                                        (0446) ;  ARGUMENTS:
                                        (0447) ;     none.
                                        (0448) ;
                                        (0449) ;  RETURNS:
                                        (0450) ;     none.
                                        (0451) ;
                                        (0452) ;  SIDE EFFECTS:
                                        (0453) ;    The A and X registers may be modified by this or future implementations
                                        (0454) ;    of this function.  The same is true for all RAM page pointer registers in
                                        (0455) ;    the Large Memory Model.  When necessary, it is the calling function's
                                        (0456) ;    responsibility to perserve their values across calls to fastcall16 
                                        (0457) ;    functions.
                                        (0458) ;          
                                        (0459) ;    Currently only the page pointer registers listed below are modified: 
                                        (0460) ;          CUR_PP
                                        (0461) ;
                                        (0462) ;  THEORY of OPERATION or PROCEDURE:
                                        (0463) ;     Clear the command buffer, command counter, and flag.
                                        (0464) ;
                                        (0465)  RX8_RF_CmdReset:
                                        (0466) _RX8_RF_CmdReset:
                                        (0467)    RAM_PROLOGUE RAM_USE_CLASS_4
                                        (0468)    RAM_SETPAGE_CUR >RX8_RF_aRxBuffer
078C: 55 A9 00 MOV   [NMEA_SHFTL+82],0x0(0469)    mov [RX8_RF_aRxBuffer], 0x00
078F: 62 D0 01 MOV   REG[0xD0],0x1      
                                        (0470)    RAM_SETPAGE_CUR >ptrParam
0792: 55 FF 00 MOV   [NMEA_pointer_gps+1],0x0(0471)    mov [ptrParam],0x00
0795: 62 D0 00 MOV   REG[0xD0],0x0      
                                        (0472)    RAM_SETPAGE_CUR >RX8_RF_bRxCnt
0798: 55 01 00 MOV   [0x1],0x0          (0473)    mov [RX8_RF_bRxCnt], 0x00
079B: 26 00 00 AND   [0x0],0x0          (0474)    and [RX8_RF_fStatus], 0x00
                                        (0475)    RAM_EPILOGUE RAM_USE_CLASS_4
079E: 7F       RET                      (0476)    ret
079F: 62 D0 00 MOV   REG[0xD0],0x0      
                                        (0477) .ENDSECTION
                                        (0478) 
                                        (0479) .SECTION
                                        (0480) ;-----------------------------------------------------------------------------
                                        (0481) ;  FUNCTION NAME: RX8_RF_bCmdCheck
                                        (0482) ;
                                        (0483) ;  DESCRIPTION:
                                        (0484) ;     Check to see if valid command in buffer.
                                        (0485) ;
                                        (0486) ;  ARGUMENTS:
                                        (0487) ;     none.
                                        (0488) ;
                                        (0489) ;  RETURNS:
                                        (0490) ;     BYTE  fStatus - Status of command receive buffer.
                                        (0491) ;                     Returns non-zero value in A if command is valid.
                                        (0492) ;
                                        (0493) ;  SIDE EFFECTS:
                                        (0494) ;    The A and X registers may be modified by this or future implementations
                                        (0495) ;    of this function.  The same is true for all RAM page pointer registers in
                                        (0496) ;    the Large Memory Model.  When necessary, it is the calling function's
                                        (0497) ;    responsibility to perserve their values across calls to fastcall16 
                                        (0498) ;    functions.
                                        (0499) ;          
                                        (0500) ;    Currently only the page pointer registers listed below are modified: 
                                        (0501) ;          CUR_PP
                                        (0502) ;
                                        (0503) ;  THEORY of OPERATION or PROCEDURE:
                                        (0504) ;     Read the status and control register.
                                        (0505) ;
                                        (0506)  RX8_RF_bCmdCheck:
                                        (0507) _RX8_RF_bCmdCheck:
                                        (0508)    RAM_PROLOGUE RAM_USE_CLASS_4
                                        (0509)    RAM_SETPAGE_CUR >RX8_RF_fStatus
07A2: 51 00    MOV   A,[0x0]            (0510)    mov A,  [RX8_RF_fStatus]
07A4: 21 01    AND   A,0x1              (0511)    and A, RX8_RF_RX_BUF_CMDTERM                  ; Mask off Command status
                                        (0512)    RAM_EPILOGUE RAM_USE_CLASS_4
07A6: 7F       RET                      (0513)    ret
07A7: 62 D0 00 MOV   REG[0xD0],0x0      
                                        (0514) .ENDSECTION
                                        (0515) 
                                        (0516) .SECTION
                                        (0517) ;-----------------------------------------------------------------------------
                                        (0518) ;  FUNCTION NAME: RX8_RF_bErrCheck
                                        (0519) ;
                                        (0520) ;  DESCRIPTION:
                                        (0521) ;     Check to see if an error has occured since last CmdReset
                                        (0522) ;
                                        (0523) ;  ARGUMENTS:
                                        (0524) ;     none.
                                        (0525) ;
                                        (0526) ;  RETURNS:
                                        (0527) ;     BYTE  fStatus - Status of command receive buffer.
                                        (0528) ;                     Returns non-zero value in A if command is valid.
                                        (0529) ;           0x80 => Parity Error
                                        (0530) ;           0x40 => OverRun Error
                                        (0531) ;           0x20 => Framing Error
                                        (0532) ;           0x10 => Software Buffer OverRun
                                        (0533) ;
                                        (0534) ;  SIDE EFFECTS:
                                        (0535) ;    The A and X registers may be modified by this or future implementations
                                        (0536) ;    of this function.  The same is true for all RAM page pointer registers in
                                        (0537) ;    the Large Memory Model.  When necessary, it is the calling function's
                                        (0538) ;    responsibility to perserve their values across calls to fastcall16 
                                        (0539) ;    functions.
                                        (0540) ;          
                                        (0541) ;    Currently only the page pointer registers listed below are modified: 
                                        (0542) ;          CUR_PP
                                        (0543) ;
                                        (0544) ;     Error Status is clear when read.
                                        (0545) ;
                                        (0546) ;  THEORY of OPERATION or PROCEDURE:
                                        (0547) ;     Read RX buffer error status and clear status
                                        (0548) ;
                                        (0549)  RX8_RF_bErrCheck:
                                        (0550) _RX8_RF_bErrCheck:
                                        (0551)    RAM_PROLOGUE RAM_USE_CLASS_4
                                        (0552)    RAM_SETPAGE_CUR >RX8_RF_fStatus
07AA: 51 00    MOV   A,[0x0]            (0553)    mov A,  [RX8_RF_fStatus]
07AC: 21 F0    AND   A,0xF0             (0554)    and A, RX8_RF_RX_BUF_ERROR                    ; Mask off Error status
07AE: 26 00 0F AND   [0x0],0xF          (0555)    and [RX8_RF_fStatus], ~RX8_RF_RX_BUF_ERROR
                                        (0556)    RAM_EPILOGUE RAM_USE_CLASS_4
07B1: 7F       RET                      (0557)    ret
07B2: 62 D0 00 MOV   REG[0xD0],0x0      
                                        (0558) .ENDSECTION
                                        (0559) 
                                        (0560) .SECTION
                                        (0561) ;-----------------------------------------------------------------------------
                                        (0562) ;  FUNCTION NAME: RX8_RF_bCmdLength
                                        (0563) ;
                                        (0564) ;  DESCRIPTION:
                                        (0565) ;     Get length of command string
                                        (0566) ;
                                        (0567) ;  ARGUMENTS:
                                        (0568) ;     none.
                                        (0569) ;
                                        (0570) ;  RETURNS:
                                        (0571) ;     BYTE  bRxCnt    Returns the command length in A.
                                        (0572) ;
                                        (0573) ;  SIDE EFFECTS:
                                        (0574) ;    The A and X registers may be modified by this or future implementations
                                        (0575) ;    of this function.  The same is true for all RAM page pointer registers in
                                        (0576) ;    the Large Memory Model.  When necessary, it is the calling function's
                                        (0577) ;    responsibility to perserve their values across calls to fastcall16 
                                        (0578) ;    functions.
                                        (0579) ;          
                                        (0580) ;    Currently only the page pointer registers listed below are modified: 
                                        (0581) ;          CUR_PP
                                        (0582) ;
                                        (0583)  RX8_RF_bCmdLength:
                                        (0584) _RX8_RF_bCmdLength:
                                        (0585)    RAM_PROLOGUE RAM_USE_CLASS_4
                                        (0586)    RAM_SETPAGE_CUR >RX8_RF_bRxCnt
07B5: 51 01    MOV   A,[0x1]            (0587)    mov A,  [RX8_RF_bRxCnt]
                                        (0588)    RAM_EPILOGUE RAM_USE_CLASS_4
07B7: 7F       RET                      (0589)    ret
07B8: 70 BF    AND   F,0xBF             
07BA: 62 D0 01 MOV   REG[0xD0],0x1      
07BD: 62 D3 00 MOV   REG[0xD3],0x0      
                                        (0590) .ENDSECTION
                                        (0591) 
                                        (0592) .SECTION
                                        (0593) ;-----------------------------------------------------------------------------
                                        (0594) ;  FUNCTION NAME: RX8_RF_szGetParam
                                        (0595) ;
                                        (0596) ;  DESCRIPTION:
                                        (0597) ;      Return next parameter from UART Rx buffer
                                        (0598) ;
                                        (0599) ;
                                        (0600) ;  ARGUMENTS:  none
                                        (0601) ;
                                        (0602) ;  RETURNS:
                                        (0603) ;     A => MSB of parameter address
                                        (0604) ;     X => LSB of parameter address
                                        (0605) ;
                                        (0606) ;  SIDE EFFECTS:
                                        (0607) ;    The A and X registers may be modified by this or future implementations
                                        (0608) ;    of this function.  The same is true for all RAM page pointer registers in
                                        (0609) ;    the Large Memory Model.  When necessary, it is the calling function's
                                        (0610) ;    responsibility to perserve their values across calls to fastcall16 
                                        (0611) ;    functions.
                                        (0612) ;          
                                        (0613) ;    Currently only the page pointer registers listed below are modified:
                                        (0614) ;          CUR_PP
                                        (0615) ;          IDX_PP
                                        (0616) ;
                                        (0617) ;     The receive string is modified by placing Null characters at the end
                                        (0618) ;     of each parameter as they are recovered.
                                        (0619) ;
                                        (0620) ;  THEORY OF OPERATION:
                                        (0621) ;     This function is a stateful generator of addresses to the "parameters"
                                        (0622) ;     of an input "Command". It scans the (optional) input buffer and breaks
                                        (0623) ;     each lexically distinct element into a null-terminated string by replacing
                                        (0624) ;     delimiters with nulls, as appropriate. The state of the generator is 
                                        (0625) ;     maintained by the private variable ptrParam, which is a buffer-relative
                                        (0626) ;     offset. The generator is initialized by a call to the function
                                        (0627) ;     RX8_RF_CmdReset which resets the entire buffer to the 'empty'
                                        (0628) ;     state. Typically this function, RX8_RF_szGetParam, is
                                        (0629) ;     not called until the buffer has been loaded with an entire command
                                        (0630) ;     (See RX8_RF_bCmdCheck).
                                        (0631) ;
                                        (0632) ;     Note, there is no special distinction between the "command" and the 
                                        (0633) ;     "parameters". The first non-delimiter character of the buffer---the first
                                        (0634) ;     character of the "command"---is also, for the purposes of this function,
                                        (0635) ;     the first "parameter" to which it returns an address.
                                        (0636) ;
                                        (0637) ;     The value of a delimiter (commonly an ascii space, 0x20 and decimal 32)
                                        (0638) ;     is determined at configuration time by a user module parameter.
                                        (0639) ;
                                        (0640)  RX8_RF_szGetParam:
                                        (0641) _RX8_RF_szGetParam:
                                        (0642)    RAM_PROLOGUE RAM_USE_CLASS_4
                                        (0643)    RAM_PROLOGUE RAM_USE_CLASS_3
                                        (0644)    RAM_SETPAGE_CUR >ptrParam
                                        (0645)    RAM_SETPAGE_IDX >RX8_RF_aRxBuffer
                                        (0646) 
07C0: 50 A9    MOV   A,0xA9             (0647)    mov  A, <RX8_RF_aRxBuffer                ; Get address to receive buffer
07C2: 02 FF    ADD   A,[NMEA_pointer_gps+1](0648)    add  A, [ptrParam]                      ; Add string offset
07C4: 5C       MOV   X,A                (0649)    mov  X,A
                                        (0650) 
07C5: 52 00    MOV   A,[X+0]            (0651)    mov  A,[X]                              ; Get character pointed by X
07C7: B0 04    JNZ   0x07CC             (0652)    jnz  .CheckForDelim                     ; Check for Null character
07C9: 10       PUSH  X                  (0653)    push X                                  ; Save LSB of current pointer
07CA: 80 33    JMP   0x07FE             (0654)    jmp  .End_GetNextParam
                                        (0655) 
                                        (0656)                                             ; Check for delimiter and keep looping until
                                        (0657)                                             ; all leading delimiters have been found.
                                        (0658) .CheckForDelim:
07CC: 39 20    CMP   A,0x20             (0659)     cmp  A,RX8_RF_DELIMITER                 ; Check if we have a delimiter
07CE: B0 11    JNZ   0x07E0             (0660)     jnz  .ParamStartFound
07D0: 75       INC   X                  (0661)     inc  X                                  ; Increment both current pointer and
07D1: 76 FF    INC   [NMEA_pointer_gps+1](0662)     inc  [ptrParam]                         ; stored pointer.
07D3: 52 00    MOV   A,[X+0]            (0663)     mov  A,[X]                              ; Get character pointed by X
07D5: 3C FF 0F CMP   [NMEA_pointer_gps+1],0xF(0664)     cmp  [ptrParam],(RX8_RF_RX_BUFFER_SIZE -1)  ; Check if we are at the end of buffer
07D8: BF F3    JNZ   0x07CC             (0665)     jnz  .CheckForDelim
                                        (0666)                                             ; End of string found
                                        (0667) .EndOfString:
07DA: 10       PUSH  X                  (0668)     push X                                  ; Save ptr
                                        (0669) .TerminateString:
07DB: 56 00 00 MOV   [X+0],0x0          (0670)     mov  [X],0x00                           ; Make sure string is zero
07DE: 80 1F    JMP   0x07FE             (0671)     jmp  .End_GetNextParam
                                        (0672) 
                                        (0673) .ParamStartFound:
07E0: 10       PUSH  X                  (0674)     push X                                  ; Beginning of parameter found, save pointer
                                        (0675) 
                                        (0676) .ParamLoop:
                                        (0677)                                             ; Now loop until end of parameter found.
07E1: 75       INC   X                  (0678)     inc  X                                  ; Advance pointers.
07E2: 76 FF    INC   [NMEA_pointer_gps+1](0679)     inc  [ptrParam]
07E4: 3C FF 0F CMP   [NMEA_pointer_gps+1],0xF(0680)     cmp  [ptrParam],(RX8_RF_RX_BUFFER_SIZE -1)  ; Check if we are at the end of buffer
07E7: AF F3    JZ    0x07DB             (0681)     jz   .TerminateString
07E9: 52 00    MOV   A,[X+0]            (0682)     mov  A,[X]                              ; Get next character
07EB: A0 12    JZ    0x07FE             (0683)     jz   .End_GetNextParam
07ED: 39 20    CMP   A,0x20             (0684)     cmp  A,RX8_RF_DELIMITER                 ; Check if we have a delimiter
07EF: BF F1    JNZ   0x07E1             (0685)     jnz  .ParamLoop                         ; Still no delimiter, loop again
                                        (0686) 
07F1: 56 00 00 MOV   [X+0],0x0          (0687)     mov  [X],0x00                           ; Replace delimiter with null for end of substring
07F4: 76 FF    INC   [NMEA_pointer_gps+1](0688)     inc  [ptrParam]
07F6: 3C FF 0F CMP   [NMEA_pointer_gps+1],0xF(0689)     cmp  [ptrParam],(RX8_RF_RX_BUFFER_SIZE -1)  ; Check if we are at the end of buffer
07F9: B0 04    JNZ   0x07FE             (0690)     jnz  .End_GetNextParam                  ; If not end of string leave
07FB: 55 FF 0F MOV   [NMEA_pointer_gps+1],0xF(0691)     mov  [ptrParam],(RX8_RF_RX_BUFFER_SIZE -1)  ; Reset pointer to end of string.
                                        (0692) 
                                        (0693) 
                                        (0694) .End_GetNextParam:
07FE: 20       POP   X                  (0695)    pop  X
07FF: 10       PUSH  X                  (0696)    push X
0800: 3D 00 00 CMP   [X+0],0x0          (0697)    cmp  [X],0x00
0803: B0 0A    JNZ   0x080E             (0698)    jnz  .NotNullString
0805: 20       POP   X                  (0699)    pop  X
0806: 57 00    MOV   X,0x0              (0700)    mov  X,0x00
0808: 5B       MOV   A,X                (0701)    mov  A,X
0809: 70 3F    AND   F,0x3F             
080B: 71 C0    OR    F,0xC0             
                                        (0702)    RAM_EPILOGUE RAM_USE_CLASS_3
                                        (0703)    RAM_EPILOGUE RAM_USE_CLASS_4
080D: 7F       RET                      (0704)    ret
                                        (0705) 
                                        (0706) .NotNullString:
080E: 20       POP   X                  (0707)    pop  X
080F: 50 00    MOV   A,0x0              (0708)    mov  A,>RX8_RF_aRxBuffer                     ; Return pointer
0811: 70 3F    AND   F,0x3F             
0813: 71 C0    OR    F,0xC0             
                                        (0709)    RAM_EPILOGUE RAM_USE_CLASS_3
                                        (0710)    RAM_EPILOGUE RAM_USE_CLASS_4
0815: 7F       RET                      (0711)    ret
0816: 62 D0 01 MOV   REG[0xD0],0x1      
                                        (0712) .ENDSECTION
                                        (0713) 
                                        (0714) .SECTION
                                        (0715) ;-----------------------------------------------------------------------------
                                        (0716) ;  FUNCTION NAME: RX8_RF_szGetRestOfParams
                                        (0717) ;
                                        (0718) ;  DESCRIPTION:
                                        (0719) ;      Return the rest of the UART RX buffer
                                        (0720) ;
                                        (0721) ;
                                        (0722) ;  ARGUMENTS:  none
                                        (0723) ;
                                        (0724) ;  RETURNS:
                                        (0725) ;     A => MSB of parameter
                                        (0726) ;     X => LSB of parameter
                                        (0727) ;
                                        (0728) ;  SIDE EFFECTS:
                                        (0729) ;    The A and X registers may be modified by this or future implementations
                                        (0730) ;    of this function.  The same is true for all RAM page pointer registers in
                                        (0731) ;    the Large Memory Model.  When necessary, it is the calling function's
                                        (0732) ;    responsibility to perserve their values across calls to fastcall16 
                                        (0733) ;    functions.
                                        (0734) ;          
                                        (0735) ;    Currently only the page pointer registers listed below are modified: 
                                        (0736) ;          CUR_PP
                                        (0737) ;
                                        (0738)  RX8_RF_szGetRestOfParams:
                                        (0739) _RX8_RF_szGetRestOfParams:
                                        (0740)    RAM_PROLOGUE RAM_USE_CLASS_4
                                        (0741)    RAM_SETPAGE_CUR >ptrParam
                                        (0742) 
0819: 50 A9    MOV   A,0xA9             (0743)     mov  A, <RX8_RF_aRxBuffer               ; Get address to receive buffer
081B: 02 FF    ADD   A,[NMEA_pointer_gps+1](0744)     add  A, [ptrParam]                      ; Add string offset
081D: 5C       MOV   X,A                (0745)     mov  X,A
081E: 50 00    MOV   A,0x0              (0746)     mov  A,>RX8_RF_aRxBuffer                ; Return pointer
                                        (0747) 
                                        (0748)    RAM_EPILOGUE RAM_USE_CLASS_4
0820: 7F       RET                      (0749)     ret
                                        (0750) .ENDSECTION
                                        (0751) 
                                        (0752) ENDIF
                                        (0753) ; End of File RX8_RF.asm
FILE: lib\rx8_gpsint.asm                (0001) ;;*****************************************************************************
                                        (0002) ;;*****************************************************************************
0821: 08       PUSH  A                  (0003) ;;  FILENAME: RX8_GPSINT.asm
0822: 5D D0    MOV   A,REG[0xD0]        
0824: 08       PUSH  A                  
0825: 5D D3    MOV   A,REG[0xD3]        
0827: 08       PUSH  A                  
0828: 5D D4    MOV   A,REG[0xD4]        
082A: 08       PUSH  A                  
082B: 5D D5    MOV   A,REG[0xD5]        
082D: 08       PUSH  A                  
082E: 70 3F    AND   F,0x3F             
0830: 71 C0    OR    F,0xC0             (0004) ;;   Version: 3.50, Updated on 2015/3/4 at 22:26:55
                                        (0005) ;;  Generated by PSoC Designer 5.4.3191
                                        (0006) ;;
0832: 62 D0 00 MOV   REG[0xD0],0x0      (0007) ;;  DESCRIPTION: RX8 Interrupt Service Routine.
                                        (0008) ;;-----------------------------------------------------------------------------
0835: 51 D7    MOV   A,[__r0]           (0009) ;;  Copyright (c) Cypress Semiconductor 2015. All Rights Reserved.
0837: 08       PUSH  A                  (0010) ;;*****************************************************************************
0838: 51 D6    MOV   A,[__r1]           (0011) ;;*****************************************************************************
083A: 08       PUSH  A                  (0012) 
083B: 51 D5    MOV   A,[__r2]           (0013) include "m8c.inc"
083D: 08       PUSH  A                  (0014) include "memory.inc"
083E: 51 D4    MOV   A,[__r3]           (0015) include "RX8_GPS.inc"
0840: 08       PUSH  A                  (0016) 
0841: 51 D3    MOV   A,[__r4]           (0017) 
0843: 08       PUSH  A                  (0018) ;-----------------------------------------------
0844: 51 D2    MOV   A,[__r5]           (0019) ;  Global Symbols
0846: 08       PUSH  A                  (0020) ;-----------------------------------------------
0847: 51 D1    MOV   A,[__r6]           (0021) export  _RX8_GPS_ISR
0849: 08       PUSH  A                  (0022) 
084A: 51 D0    MOV   A,[__r7]           (0023) 
084C: 08       PUSH  A                  (0024) IF (RX8_GPS_RXBUF_ENABLE)
084D: 51 CF    MOV   A,[__r8]           (0025) export  RX8_GPS_aRxBuffer
084F: 08       PUSH  A                  (0026) export _RX8_GPS_aRxBuffer
0850: 51 CE    MOV   A,[__r9]           (0027) export  RX8_GPS_bRxCnt
0852: 08       PUSH  A                  (0028) export _RX8_GPS_bRxCnt
0853: 51 CD    MOV   A,[__r10]          (0029) export  RX8_GPS_fStatus
0855: 08       PUSH  A                  (0030) export _RX8_GPS_fStatus
0856: 51 CC    MOV   A,[__r11]          (0031) ENDIF
0858: 08       PUSH  A                  (0032) 
0859: 51 CB    MOV   A,[__rX]           (0033) 
085B: 08       PUSH  A                  (0034) ;-----------------------------------------------
085C: 51 CA    MOV   A,[__rY]           (0035) ; Variable Allocation
085E: 08       PUSH  A                  (0036) ;-----------------------------------------------
085F: 51 C9    MOV   A,[__rZ]           (0037) 
0861: 08       PUSH  A                  (0038) IF (RX8_GPS_RXBUF_ENABLE)
                                        (0039) AREA InterruptRAM(RAM,REL,CON)
0862: 62 D0 00 MOV   REG[0xD0],0x0      (0040)  RX8_GPS_fStatus:
                                        (0041) _RX8_GPS_fStatus:      BLK  1
                                        (0042)  RX8_GPS_bRxCnt:
                                        (0043) _RX8_GPS_bRxCnt:       BLK  1
                                        (0044) AREA RX8_GPS_RAM(RAM,REL,CON)
                                        (0045)  RX8_GPS_aRxBuffer:    
                                        (0046) _RX8_GPS_aRxBuffer:    BLK RX8_GPS_RX_BUFFER_SIZE
                                        (0047) ENDIF
                                        (0048) 
                                        (0049) 
                                        (0050) AREA InterruptRAM(RAM,REL,CON)
                                        (0051) 
                                        (0052) ;@PSoC_UserCode_INIT@ (Do not change this line.)
                                        (0053) ;---------------------------------------------------
                                        (0054) ; Insert your custom declarations below this banner
                                        (0055) ;---------------------------------------------------
                                        (0056) 
                                        (0057) ;------------------------
                                        (0058) ; Includes
                                        (0059) ;------------------------
                                        (0060) 
                                        (0061) 	
                                        (0062) ;------------------------
                                        (0063) ;  Constant Definitions
                                        (0064) ;------------------------
                                        (0065) 
                                        (0066) 
                                        (0067) ;------------------------
                                        (0068) ; Variable Allocation
                                        (0069) ;------------------------
                                        (0070) 
                                        (0071) 
                                        (0072) ;---------------------------------------------------
                                        (0073) ; Insert your custom declarations above this banner
                                        (0074) ;---------------------------------------------------
                                        (0075) ;@PSoC_UserCode_END@ (Do not change this line.)
                                        (0076) 
                                        (0077) 
                                        (0078) AREA UserModules (ROM, REL)
                                        (0079) 
                                        (0080) ;-----------------------------------------------------------------------------
                                        (0081) ;  FUNCTION NAME: _RX8_GPS_ISR
                                        (0082) ;
                                        (0083) ;  DESCRIPTION: Unless modified, this implements only a null handler stub.
                                        (0084) ;
                                        (0085) ;-----------------------------------------------------------------------------
                                        (0086) ;
                                        (0087) 
                                        (0088) _RX8_GPS_ISR:
                                        (0089) 
                                        (0090)    ;@PSoC_UserCode_BODY@ (Do not change this line.)
                                        (0091)    ;---------------------------------------------------
                                        (0092)    ; Insert your custom assembly code below this banner
                                        (0093)    ;---------------------------------------------------
                                        (0094)    ;   NOTE: interrupt service routines must preserve
                                        (0095)    ;   the values of the A and X CPU registers.
                                        (0096)    
                                        (0097)    ;---------------------------------------------------
                                        (0098)    ; Insert your custom assembly code above this banner
                                        (0099)    ;---------------------------------------------------
                                        (0100)    
                                        (0101)    ;---------------------------------------------------
                                        (0102)    ; Insert a lcall to a C function below this banner
                                        (0103)    ; and un-comment the lines between these banners
                                        (0104)    ;---------------------------------------------------
                                        (0105)    
                                        (0106)    PRESERVE_CPU_CONTEXT
0865: 7C 0D 02 LCALL _gps_signal        (0107)    lcall _gps_signal
0868: 70 3F    AND   F,0x3F             
086A: 71 C0    OR    F,0xC0             
086C: 62 D0 00 MOV   REG[0xD0],0x0      
086F: 18       POP   A                  
0870: 53 C9    MOV   [__rZ],A           
0872: 18       POP   A                  
0873: 53 CA    MOV   [__rY],A           
0875: 18       POP   A                  
0876: 53 CB    MOV   [__rX],A           
0878: 18       POP   A                  
0879: 53 CC    MOV   [__r11],A          
087B: 18       POP   A                  
087C: 53 CD    MOV   [__r10],A          
087E: 18       POP   A                  
087F: 53 CE    MOV   [__r9],A           
0881: 18       POP   A                  
0882: 53 CF    MOV   [__r8],A           
0884: 18       POP   A                  
0885: 53 D0    MOV   [__r7],A           
0887: 18       POP   A                  
0888: 53 D1    MOV   [__r6],A           
088A: 18       POP   A                  
088B: 53 D2    MOV   [__r5],A           
088D: 18       POP   A                  
088E: 53 D3    MOV   [__r4],A           
0890: 18       POP   A                  
0891: 53 D4    MOV   [__r3],A           
0893: 18       POP   A                  
0894: 53 D5    MOV   [__r2],A           
0896: 18       POP   A                  
0897: 53 D6    MOV   [__r1],A           
0899: 18       POP   A                  
089A: 53 D7    MOV   [__r0],A           
089C: 18       POP   A                  
089D: 60 D5    MOV   REG[0xD5],A        
089F: 18       POP   A                  
08A0: 60 D4    MOV   REG[0xD4],A        
08A2: 18       POP   A                  
08A3: 60 D3    MOV   REG[0xD3],A        
08A5: 18       POP   A                  
08A6: 60 D0    MOV   REG[0xD0],A        
08A8: 70 00    AND   F,0x0              
08AA: 18       POP   A                  
                                        (0108)    RESTORE_CPU_CONTEXT
                                        (0109)    
                                        (0110)    ;---------------------------------------------------
                                        (0111)    ; Insert a lcall to a C function above this banner
                                        (0112)    ; and un-comment the lines between these banners
                                        (0113)    ;---------------------------------------------------
                                        (0114)    ;@PSoC_UserCode_END@ (Do not change this line.)
                                        (0115) 
                                        (0116)  IF (RX8_GPS_RXBUF_ENABLE)
08AB: 08       PUSH  A                  (0117)    push A
08AC: 10       PUSH  X                  (0118)    push X
08AD: 5D D3    MOV   A,REG[0xD3]        
08AF: 08       PUSH  A                  
                                        (0119) 
                                        (0120)    IF SYSTEM_LARGE_MEMORY_MODEL
                                        (0121)       REG_PRESERVE IDX_PP                                  ; Save the IDX_PP register	
                                        (0122)    ENDIF
                                        (0123) 
08B0: 58 03    MOV   X,[0x3]            (0124)    mov  X,[RX8_GPS_bRxCnt]                                 ; Load X with byte counter
08B2: 5D 3B    MOV   A,REG[0x3B]        (0125)    mov  A,REG[RX8_GPS_CONTROL_REG]                         ; Read the control register
08B4: 08       PUSH  A                  (0126)    push A                                                  ; Store copy for later test
                                        (0127)                                                            ; IF real RX interrupt
08B5: 21 08    AND   A,0x8              (0128)    and  A,RX8_GPS_RX_REG_FULL                              ; Did really really get an IRQ
08B7: B0 04    JNZ   0x08BC             (0129)    jnz  .UARTRX_ReadRx                                     ; Data ready, go get it
08B9: 18       POP   A                  (0130)    pop  A                                                  ; Restore stack
08BA: 80 62    JMP   0x091D             (0131)    jmp  .RESTORE_IDX_PP
                                        (0132) 
                                        (0133) .UARTRX_ReadRx:
                                        (0134) 
08BC: 18       POP   A                  (0135)    pop  A                                                  ; Restore status flags
                                        (0136)                                                            ; IF there is no error, get data
                                        (0137)                                                            ; Check for parity or framing error
08BD: 21 E0    AND   A,0xE0             (0138)    and  A,RX8_GPS_RX_ERROR
08BF: A0 12    JZ    0x08D2             (0139)    jz   .UARTRX_NO_ERROR                                   ; If there is not an Error go read data
                                        (0140) 
08C1: 2C 02    OR    [0x2],A            (0141)    or   [RX8_GPS_fStatus],A                                ; Set error flags (parity,framing,overrun) bits
                                        (0142) 
08C3: 49 3A 00 TST   REG[0x3A],0x0      (0143)    tst  REG[RX8_GPS_RX_BUFFER_REG], 0x00                   ; Read the data buffer to clear it.
                                        (0144) 
08C6: 21 20    AND   A,0x20             (0145)    and  A,RX8_GPS_RX_FRAMING_ERROR                         ; Check for framing error special case
08C8: A0 54    JZ    0x091D             (0146)    jz   .RESTORE_IDX_PP                                    ; Not framing error, all done
                                        (0147) 
                                        (0148)                                                            ; Disable and re-enable RX to reset after
                                        (0149)                                                            ; framing error.
08CA: 41 3B FE AND   REG[0x3B],0xFE     (0150)    and   REG[RX8_GPS_CONTROL_REG], ~RX8_GPS_RX_ENABLE      ; Disable RX
08CD: 43 3B 01 OR    REG[0x3B],0x1      (0151)    or    REG[RX8_GPS_CONTROL_REG],  RX8_GPS_RX_ENABLE      ; Enable RX
08D0: 80 4C    JMP   0x091D             (0152)    jmp  .RESTORE_IDX_PP                                    ; Done with framing error, leave.
                                        (0153) 
                                        (0154) 
                                        (0155) .UARTRX_NO_ERROR:
08D2: 5D 3A    MOV   A,REG[0x3A]        (0156)    mov  A,REG[RX8_GPS_RX_BUFFER_REG ]                      ; Read the data buffer
                                        (0157) 
                                        (0158)                                                            ; IF buffer not full
08D4: 47 02 01 TST   [0x2],0x1          (0159)    tst  [RX8_GPS_fStatus],RX8_GPS_RX_BUF_CMDTERM           ; Check for buffer full
08D7: B0 45    JNZ   0x091D             (0160)    jnz  .RESTORE_IDX_PP                                    ; All done
                                        (0161) 
08D9: 39 0D    CMP   A,0xD              (0162)    cmp  A,RX8_GPS_CMD_TERM                                 ; Check for End of command
08DB: B0 14    JNZ   0x08F0             (0163)    jnz  .UARTRX_CHK_CTLCHAR
08DD: 2E 02 01 OR    [0x2],0x1          (0164)    or   [RX8_GPS_fStatus],RX8_GPS_RX_BUF_CMDTERM           ; Set command ready bit
08E0: 62 D3 00 MOV   REG[0xD3],0x0      
08E3: 70 3F    AND   F,0x3F             
08E5: 71 80    OR    F,0x80             
                                        (0165) 
                                        (0166)    RAM_SETPAGE_IDX >RX8_GPS_aRxBuffer
                                        (0167)    RAM_CHANGE_PAGE_MODE FLAG_PGMODE_10b
08E7: 56 B9 00 MOV   [X-71],0x0         (0168)    mov  [X + RX8_GPS_aRxBuffer],00h                        ; Zero out last data
08EA: 70 3F    AND   F,0x3F             
08EC: 71 00    OR    F,0x0              
                                        (0169)    RAM_CHANGE_PAGE_MODE FLAG_PGMODE_00b
08EE: 80 2E    JMP   0x091D             (0170)    jmp  .RESTORE_IDX_PP
                                        (0171) 
                                        (0172) .UARTRX_CHK_CTLCHAR:                                       ; Ignore charaters below this value
                                        (0173)                                                            ; If ignore char is set to 0x00, do not
                                        (0174)                                                            ; ignore any characters.
                                        (0175) IF(RX8_GPS_RX_IGNORE_BELOW)
08F0: 39 20    CMP   A,0x20             (0176)    cmp  A,RX8_GPS_RX_IGNORE_BELOW
08F2: C0 2A    JC    0x091D             (0177)    jc   .RESTORE_IDX_PP
                                        (0178) ENDIF
                                        (0179) 
                                        (0180) .UARTRX_CHK_OVFL:                                          ; Check for MAX String here
08F4: 3C 03 0F CMP   [0x3],0xF          (0181)    cmp  [RX8_GPS_bRxCnt],(RX8_GPS_RX_BUFFER_SIZE - 1)
08F7: C0 14    JC    0x090C             (0182)    jc   .UARTRX_ISR_GETDATA
08F9: 2E 02 10 OR    [0x2],0x10         (0183)    or   [RX8_GPS_fStatus],RX8_GPS_RX_BUF_OVERRUN           ; Set error flags (parity,framing,overrun) bits
08FC: 62 D3 00 MOV   REG[0xD3],0x0      
08FF: 70 3F    AND   F,0x3F             
0901: 71 80    OR    F,0x80             
                                        (0184) 
                                        (0185)    RAM_SETPAGE_IDX >RX8_GPS_aRxBuffer             ;   using idexed address mode
                                        (0186)    RAM_CHANGE_PAGE_MODE FLAG_PGMODE_10b
0903: 56 B9 00 MOV   [X-71],0x0         (0187)    mov  [X + RX8_GPS_aRxBuffer],00h                        ; Zero out last data
0906: 70 3F    AND   F,0x3F             
0908: 71 00    OR    F,0x0              
                                        (0188)    RAM_CHANGE_PAGE_MODE FLAG_PGMODE_00b
090A: 80 12    JMP   0x091D             (0189)    jmp  .RESTORE_IDX_PP
                                        (0190) 
                                        (0191)                                                            ; IF input data == "CR", then end of command
                                        (0192) .UARTRX_ISR_GETDATA:
090C: 75       INC   X                  (0193)    inc  X                                                  ; Inc the pointer
090D: 5A 03    MOV   [0x3],X            (0194)    mov  [RX8_GPS_bRxCnt],X                                 ; Restore the pointer
090F: 79       DEC   X                  (0195)    dec  X                                                  ; Mov X to its original value
0910: 62 D3 00 MOV   REG[0xD3],0x0      
0913: 70 3F    AND   F,0x3F             
0915: 71 80    OR    F,0x80             
                                        (0196) 
                                        (0197)    RAM_SETPAGE_IDX >RX8_GPS_aRxBuffer             ;   using idexed address mode
                                        (0198)    RAM_CHANGE_PAGE_MODE FLAG_PGMODE_10b
0917: 54 B9    MOV   [X-71],A           (0199)    mov  [X+RX8_GPS_aRxBuffer],A                            ; store data in array
0919: 70 3F    AND   F,0x3F             
091B: 71 00    OR    F,0x0              
091D: 18       POP   A                  
091E: 60 D3    MOV   REG[0xD3],A        
                                        (0200)    RAM_CHANGE_PAGE_MODE FLAG_PGMODE_00b
                                        (0201) 
                                        (0202) 
                                        (0203) .RESTORE_IDX_PP:
                                        (0204)    IF SYSTEM_LARGE_MEMORY_MODEL
                                        (0205)       REG_RESTORE IDX_PP
                                        (0206)    ENDIF
                                        (0207) 
                                        (0208) .END_UARTRX_ISR:
0920: 20       POP   X                  (0209)    pop  X
0921: 18       POP   A                  (0210)    pop  A
                                        (0211) 
                                        (0212) ENDIF
                                        (0213) 
                                        (0214) RX8_GPS_RX_ISR_END:
0922: 7E       RETI                     (0215)    reti
                                        (0216) 
                                        (0217) 
                                        (0218) ; end of file RX8_GPSINT.asm
FILE: lib\rx8_gps.asm                   (0001) ;;*****************************************************************************
0923: 43 E1 40 OR    REG[0xE1],0x40     (0002) ;;*****************************************************************************
                                        (0003) ;;  FILENAME: RX8_GPS.asm
                                        (0004) ;;   Version: 3.50, Updated on 2015/3/4 at 22:26:55
                                        (0005) ;;  Generated by PSoC Designer 5.4.3191
                                        (0006) ;;
                                        (0007) ;;  DESCRIPTION: RX8 User Module software implementation file.
                                        (0008) ;;
                                        (0009) ;;  NOTE: User Module APIs conform to the fastcall16 convention for marshalling
                                        (0010) ;;        arguments and observe the associated "Registers are volatile" policy.
                                        (0011) ;;        This means it is the caller's responsibility to preserve any values
                                        (0012) ;;        in the X and A registers that are still needed after the API functions
                                        (0013) ;;        returns. For Large Memory Model devices it is also the caller's 
                                        (0014) ;;        responsibility to perserve any value in the CUR_PP, IDX_PP, MVR_PP and 
                                        (0015) ;;        MVW_PP registers. Even though some of these registers may not be modified
                                        (0016) ;;        now, there is no guarantee that will remain the case in future releases.
                                        (0017) ;;-----------------------------------------------------------------------------
                                        (0018) ;;  Copyright (c) Cypress Semiconductor 2015. All Rights Reserved.
                                        (0019) ;;*****************************************************************************
                                        (0020) ;;*****************************************************************************
                                        (0021) 
                                        (0022) ;-----------------------------------------------
                                        (0023) ; include instance specific register definitions
                                        (0024) ;-----------------------------------------------
                                        (0025) include "m8c.inc"
                                        (0026) include "memory.inc"
                                        (0027) include "RX8_GPS.inc"
                                        (0028) 
                                        (0029) 
                                        (0030) ;-----------------------------------------------
                                        (0031) ;  Global Symbols
                                        (0032) ;-----------------------------------------------
                                        (0033) export   RX8_GPS_EnableInt
                                        (0034) export  _RX8_GPS_EnableInt
                                        (0035) export   RX8_GPS_DisableInt
                                        (0036) export  _RX8_GPS_DisableInt
                                        (0037) export   RX8_GPS_Start
                                        (0038) export  _RX8_GPS_Start
                                        (0039) export   RX8_GPS_Stop
                                        (0040) export  _RX8_GPS_Stop
                                        (0041) export   RX8_GPS_bReadRxData
                                        (0042) export  _RX8_GPS_bReadRxData
                                        (0043) export   RX8_GPS_bReadRxStatus
                                        (0044) export  _RX8_GPS_bReadRxStatus
                                        (0045) 
                                        (0046) ; Old function name convension, do not use.
                                        (0047) ; These will be removed in a future release.
                                        (0048) export  bRX8_GPS_ReadRxData
                                        (0049) export _bRX8_GPS_ReadRxData
                                        (0050) export  bRX8_GPS_ReadRxStatus
                                        (0051) export _bRX8_GPS_ReadRxStatus
                                        (0052) 
                                        (0053) ;-----------------------------------------------
                                        (0054) ; High Level RX functions
                                        (0055) ;-----------------------------------------------
                                        (0056) 
                                        (0057) export  RX8_GPS_cGetChar
                                        (0058) export _RX8_GPS_cGetChar
                                        (0059) export  RX8_GPS_cReadChar
                                        (0060) export _RX8_GPS_cReadChar
                                        (0061) export  RX8_GPS_iReadChar
                                        (0062) export _RX8_GPS_iReadChar
                                        (0063) 
                                        (0064) IF (RX8_GPS_RXBUF_ENABLE)
                                        (0065) export  RX8_GPS_CmdReset
                                        (0066) export _RX8_GPS_CmdReset
                                        (0067) export  RX8_GPS_bCmdCheck
                                        (0068) export _RX8_GPS_bCmdCheck
                                        (0069) export  RX8_GPS_bCmdLength
                                        (0070) export _RX8_GPS_bCmdLength
                                        (0071) export  RX8_GPS_bErrCheck
                                        (0072) export _RX8_GPS_bErrCheck
                                        (0073) 
                                        (0074) export  RX8_GPS_szGetParam
                                        (0075) export _RX8_GPS_szGetParam
                                        (0076) export  RX8_GPS_szGetRestOfParams
                                        (0077) export _RX8_GPS_szGetRestOfParams
                                        (0078) 
                                        (0079) ;-----------------------------------------------
                                        (0080) ;  Variables
                                        (0081) ;-----------------------------------------------
                                        (0082) 
                                        (0083) AREA RX8_GPS_RAM(RAM,REL,CON)
                                        (0084)  ptrParam:   			BLK  1
                                        (0085) 
                                        (0086) ENDIF
                                        (0087) ;-----------------------------------------------
                                        (0088) ;  EQUATES
                                        (0089) ;-----------------------------------------------
                                        (0090) bfCONTROL_REG_START_BIT:   equ   1     ; Control register start bit
                                        (0091) 
                                        (0092) area UserModules (ROM, REL)
                                        (0093) 
                                        (0094) .SECTION
                                        (0095) ;-----------------------------------------------------------------------------
                                        (0096) ;  FUNCTION NAME: RX8_GPS_EnableInt
                                        (0097) ;
                                        (0098) ;  DESCRIPTION:
                                        (0099) ;     Enables this receiver's interrupt by setting the interrupt enable mask
                                        (0100) ;     bit associated with this User Module. Remember to call the global interrupt
                                        (0101) ;     enable function by using the macro: M8C_EnableGInt.
                                        (0102) ;
                                        (0103) ;-----------------------------------------------------------------------------
                                        (0104) ;
                                        (0105) ;  ARGUMENTS: none
                                        (0106) ;
                                        (0107) ;  RETURNS: none
                                        (0108) ;
                                        (0109) ;  SIDE EFFECTS:
                                        (0110) ;    The A and X registers may be modified by this or future implementations
                                        (0111) ;    of this function.  The same is true for all RAM page pointer registers in
                                        (0112) ;    the Large Memory Model.  When necessary, it is the calling function's
                                        (0113) ;    responsibility to perserve their values across calls to fastcall16 
                                        (0114) ;    functions.
                                        (0115) ;
                                        (0116)  RX8_GPS_EnableInt:
                                        (0117) _RX8_GPS_EnableInt:
                                        (0118)    RAM_PROLOGUE RAM_USE_CLASS_1
                                        (0119)    M8C_EnableIntMask RX8_GPS_INT_REG, RX8_GPS_bINT_MASK
                                        (0120)    RAM_EPILOGUE RAM_USE_CLASS_1
0926: 7F       RET                      (0121)    ret
0927: 41 E1 BF AND   REG[0xE1],0xBF     
                                        (0122) .ENDSECTION
                                        (0123) 
                                        (0124) .SECTION
                                        (0125) ;-----------------------------------------------------------------------------
                                        (0126) ;  FUNCTION NAME: RX8_GPS_DisableInt
                                        (0127) ;
                                        (0128) ;  DESCRIPTION:
                                        (0129) ;     Disables this RX8's interrupt by clearing the interrupt enable mask bit
                                        (0130) ;     associated with this User Module.
                                        (0131) ;
                                        (0132) ;-----------------------------------------------------------------------------
                                        (0133) ;
                                        (0134) ;  ARGUMENTS:  none
                                        (0135) ;
                                        (0136) ;  RETURNS:  none
                                        (0137) ;
                                        (0138) ;  SIDE EFFECTS:
                                        (0139) ;    The A and X registers may be modified by this or future implementations
                                        (0140) ;    of this function.  The same is true for all RAM page pointer registers in
                                        (0141) ;    the Large Memory Model.  When necessary, it is the calling function's
                                        (0142) ;    responsibility to perserve their values across calls to fastcall16 
                                        (0143) ;    functions.
                                        (0144) ;
                                        (0145)  RX8_GPS_DisableInt:
                                        (0146) _RX8_GPS_DisableInt:
                                        (0147)    RAM_PROLOGUE RAM_USE_CLASS_1
                                        (0148)    M8C_DisableIntMask RX8_GPS_INT_REG, RX8_GPS_bINT_MASK
                                        (0149)    RAM_EPILOGUE RAM_USE_CLASS_1
092A: 7F       RET                      (0150)    ret
                                        (0151) .ENDSECTION
                                        (0152) 
                                        (0153) .SECTION
                                        (0154) ;-----------------------------------------------------------------------------
                                        (0155) ;  FUNCTION NAME: RX8_GPS_Start(BYTE bParity)
                                        (0156) ;
                                        (0157) ;  DESCRIPTION:
                                        (0158) ;    Sets the start bit and parity in the Control register of this user module.
                                        (0159) ;
                                        (0160) ;-----------------------------------------------------------------------------
                                        (0161) ;
                                        (0162) ;  ARGUMENTS:
                                        (0163) ;    BYTE bParity - parity of received data.  Use defined masks.
                                        (0164) ;    passed in A register.
                                        (0165) ;
                                        (0166) ;  RETURNS: none
                                        (0167) ;
                                        (0168) ;  SIDE EFFECTS:
                                        (0169) ;    The A and X registers may be modified by this or future implementations
                                        (0170) ;    of this function.  The same is true for all RAM page pointer registers in
                                        (0171) ;    the Large Memory Model.  When necessary, it is the calling function's
                                        (0172) ;    responsibility to perserve their values across calls to fastcall16 
                                        (0173) ;    functions.
                                        (0174) ;
                                        (0175)  RX8_GPS_Start:
                                        (0176) _RX8_GPS_Start:
                                        (0177)    RAM_PROLOGUE RAM_USE_CLASS_1
092B: 29 01    OR    A,0x1              (0178)    or    A, bfCONTROL_REG_START_BIT
092D: 60 3B    MOV   REG[0x3B],A        (0179)    mov   REG[RX8_GPS_CONTROL_REG], A
                                        (0180)    RAM_EPILOGUE RAM_USE_CLASS_1
092F: 7F       RET                      (0181)    ret
                                        (0182) .ENDSECTION
                                        (0183) 
                                        (0184) .SECTION
                                        (0185) ;-----------------------------------------------------------------------------
                                        (0186) ;  FUNCTION NAME: RX8_GPS_Stop
                                        (0187) ;
                                        (0188) ;  DESCRIPTION:
                                        (0189) ;     Disables RX8 operation.
                                        (0190) ;
                                        (0191) ;-----------------------------------------------------------------------------
                                        (0192) ;
                                        (0193) ;  ARGUMENTS: none
                                        (0194) ;
                                        (0195) ;  RETURNS: none
                                        (0196) ;
                                        (0197) ;  SIDE EFFECTS:
                                        (0198) ;    The A and X registers may be modified by this or future implementations
                                        (0199) ;    of this function.  The same is true for all RAM page pointer registers in
                                        (0200) ;    the Large Memory Model.  When necessary, it is the calling function's
                                        (0201) ;    responsibility to perserve their values across calls to fastcall16 
                                        (0202) ;    functions.
                                        (0203) ;
                                        (0204)  RX8_GPS_Stop:
                                        (0205) _RX8_GPS_Stop:
                                        (0206)    RAM_PROLOGUE RAM_USE_CLASS_1
0930: 41 3B FE AND   REG[0x3B],0xFE     (0207)    and   REG[RX8_GPS_CONTROL_REG], ~bfCONTROL_REG_START_BIT
                                        (0208)    RAM_EPILOGUE RAM_USE_CLASS_1
0933: 7F       RET                      (0209)    ret
                                        (0210) .ENDSECTION
                                        (0211) 
                                        (0212) .SECTION
                                        (0213) ;-----------------------------------------------------------------------------
                                        (0214) ;  FUNCTION NAME: RX8_GPS_bReadRxData
                                        (0215) ;
                                        (0216) ;  DESCRIPTION:
                                        (0217) ;     Reads the RX buffer register.  Should check the status regiser to make
                                        (0218) ;     sure data is valid.
                                        (0219) ;
                                        (0220) ;-----------------------------------------------------------------------------
                                        (0221) ;
                                        (0222) ;  ARGUMENTS:  none
                                        (0223) ;
                                        (0224) ;  RETURNS:
                                        (0225) ;    bRxData - returned in A.
                                        (0226) ;
                                        (0227) ;  SIDE EFFECTS:
                                        (0228) ;    The A and X registers may be modified by this or future implementations
                                        (0229) ;    of this function.  The same is true for all RAM page pointer registers in
                                        (0230) ;    the Large Memory Model.  When necessary, it is the calling function's
                                        (0231) ;    responsibility to perserve their values across calls to fastcall16 
                                        (0232) ;    functions.
                                        (0233) ;
                                        (0234)  RX8_GPS_bReadRxData:
                                        (0235) _RX8_GPS_bReadRxData:
                                        (0236)  bRX8_GPS_ReadRxData:
                                        (0237) _bRX8_GPS_ReadRxData:
                                        (0238)    RAM_PROLOGUE RAM_USE_CLASS_1
0934: 5D 3A    MOV   A,REG[0x3A]        (0239)    mov A, REG[RX8_GPS_RX_BUFFER_REG]
                                        (0240)    RAM_EPILOGUE RAM_USE_CLASS_1
0936: 7F       RET                      (0241)    ret
                                        (0242) .ENDSECTION
                                        (0243) 
                                        (0244) .SECTION
                                        (0245) ;-----------------------------------------------------------------------------
                                        (0246) ;  FUNCTION NAME: RX8_GPS_bReadRxStatus
                                        (0247) ;
                                        (0248) ;  DESCRIPTION:
                                        (0249) ;    Reads the RX Status bits in the Control/Status register.
                                        (0250) ;
                                        (0251) ;-----------------------------------------------------------------------------
                                        (0252) ;
                                        (0253) ;  ARGUMENTS:  none
                                        (0254) ;
                                        (0255) ;  RETURNS:
                                        (0256) ;     BYTE  bRXStatus - transmit status data.  Use the following defined bits
                                        (0257) ;                       masks: RX_COMPLETE and RX_BUFFER_EMPTY
                                        (0258) ;
                                        (0259) ;  SIDE EFFECTS:
                                        (0260) ;    The A and X registers may be modified by this or future implementations
                                        (0261) ;    of this function.  The same is true for all RAM page pointer registers in
                                        (0262) ;    the Large Memory Model.  When necessary, it is the calling function's
                                        (0263) ;    responsibility to perserve their values across calls to fastcall16 
                                        (0264) ;    functions.
                                        (0265) ;
                                        (0266)  RX8_GPS_bReadRxStatus:
                                        (0267) _RX8_GPS_bReadRxStatus:
                                        (0268)  bRX8_GPS_ReadRxStatus:
                                        (0269) _bRX8_GPS_ReadRxStatus:
                                        (0270)    RAM_PROLOGUE RAM_USE_CLASS_1
0937: 5D 3B    MOV   A,REG[0x3B]        (0271)    mov A,  REG[RX8_GPS_CONTROL_REG]
                                        (0272)    RAM_EPILOGUE RAM_USE_CLASS_1
0939: 7F       RET                      (0273)    ret
                                        (0274) .ENDSECTION
                                        (0275) 
                                        (0276) ;-----------------------------------------------
                                        (0277) ; High Level RX functions
                                        (0278) ;-----------------------------------------------
                                        (0279) 
                                        (0280) .SECTION
                                        (0281) ;-----------------------------------------------------------------------------
                                        (0282) ;  FUNCTION NAME: RX8_GPS_cGetChar
                                        (0283) ;
                                        (0284) ;  DESCRIPTION:
                                        (0285) ;     Read character from UART RX port.
                                        (0286) ;
                                        (0287) ;
                                        (0288) ;  ARGUMENTS:
                                        (0289) ;      none
                                        (0290) ;
                                        (0291) ;  RETURNS:
                                        (0292) ;     char that is returned from UART
                                        (0293) ;
                                        (0294) ;  SIDE EFFECTS:
                                        (0295) ;    The A and X registers may be modified by this or future implementations
                                        (0296) ;    of this function.  The same is true for all RAM page pointer registers in
                                        (0297) ;    the Large Memory Model.  When necessary, it is the calling function's
                                        (0298) ;    responsibility to perserve their values across calls to fastcall16 
                                        (0299) ;    functions.
                                        (0300) ;    
                                        (0301) ;    Program flow will stay in this function until a character is received.
                                        (0302) ;    If the watchdog timer is used, care must be taken to make sure that
                                        (0303) ;    the delay between characters is less than the watchdog timeout.
                                        (0304) ;
                                        (0305)  RX8_GPS_cGetChar:
                                        (0306) _RX8_GPS_cGetChar:
                                        (0307)    RAM_PROLOGUE RAM_USE_CLASS_1
                                        (0308) 
                                        (0309) .getChar_Loop:
093A: 49 3B 08 TST   REG[0x3B],0x8      (0310)    tst REG[RX8_GPS_CONTROL_REG],RX8_GPS_RX_REG_FULL   ; Check if a character is ready
093D: AF FC    JZ    _RX8_GPS_cGetChar  (0311)    jz  .getChar_Loop                                        ; If not loop
                                        (0312) 
093F: 5D 3A    MOV   A,REG[0x3A]        (0313)    mov A, REG[RX8_GPS_RX_BUFFER_REG]             ; Get character
                                        (0314)    RAM_EPILOGUE RAM_USE_CLASS_1
0941: 7F       RET                      (0315)    ret
                                        (0316) .ENDSECTION
                                        (0317) 
                                        (0318) .SECTION
                                        (0319) ;-----------------------------------------------------------------------------
                                        (0320) ;  FUNCTION NAME: RX8_GPS_cReadChar
                                        (0321) ;
                                        (0322) ;  DESCRIPTION:
                                        (0323) ;     Read character from UART RX port.
                                        (0324) ;
                                        (0325) ;  ARGUMENTS:
                                        (0326) ;      none
                                        (0327) ;
                                        (0328) ;  RETURNS:
                                        (0329) ;     char that is returned from UART
                                        (0330) ;
                                        (0331) ;  SIDE EFFECTS:
                                        (0332) ;    The A and X registers may be modified by this or future implementations
                                        (0333) ;    of this function.  The same is true for all RAM page pointer registers in
                                        (0334) ;    the Large Memory Model.  When necessary, it is the calling function's
                                        (0335) ;    responsibility to perserve their values across calls to fastcall16 
                                        (0336) ;    functions.
                                        (0337) ;
                                        (0338) ;    A valid 0x00 character will be ignored, since a 0x00 return value
                                        (0339) ;    implies a valid character or an error condition occured.
                                        (0340) ;
                                        (0341)  RX8_GPS_cReadChar:
                                        (0342) _RX8_GPS_cReadChar:
                                        (0343)    RAM_PROLOGUE RAM_USE_CLASS_1
                                        (0344) 
0942: 5D 3B    MOV   A,REG[0x3B]        (0345)    mov  A,REG[RX8_GPS_CONTROL_REG]                         ; Get Status of RX
0944: 08       PUSH  A                  (0346)    push A
0945: 21 08    AND   A,0x8              (0347)    and  A,RX8_GPS_RX_COMPLETE                              ; Check if a character is ready
0947: B0 04    JNZ   0x094C             (0348)    jnz  .RX_DATA_RDY                                       ; Data Ready go read it.
0949: 18       POP   A                  (0349)    pop  A
094A: 80 0B    JMP   0x0956             (0350)    jmp  .RX_NO_VALID_CHAR
                                        (0351) 
                                        (0352) .RX_DATA_RDY:
094C: 5D 3A    MOV   A,REG[0x3A]        (0353)    mov  A,REG[RX8_GPS_RX_BUFFER_REG]                       ; Read data first, then
094E: 4B       SWAP  A,X                (0354)    swap A,X                                                ; determine if data is valid
                                        (0355) 
094F: 18       POP   A                  (0356)    pop  A                                                  ; Check for errors
0950: 21 A0    AND   A,0xA0             (0357)    and  A,(RX8_GPS_RX_PARITY_ERROR | RX8_GPS_RX_FRAMING_ERROR)
0952: B0 03    JNZ   0x0956             (0358)    jnz  .RX_NO_VALID_CHAR                                  ; No character, exit
0954: 4B       SWAP  A,X                (0359)    swap A,X                                                ; Put data in A and exit
                                        (0360)    RAM_EPILOGUE RAM_USE_CLASS_1
0955: 7F       RET                      (0361)    ret
                                        (0362) 
                                        (0363) .RX_NO_VALID_CHAR:
0956: 50 00    MOV   A,0x0              (0364)    mov A,0x00                                              ; Zero out character
                                        (0365) 
                                        (0366)  End_RX8_GPS_cReadChar:
                                        (0367)    RAM_EPILOGUE RAM_USE_CLASS_1
0958: 7F       RET                      (0368)    ret
                                        (0369) .ENDSECTION
                                        (0370) 																			
                                        (0371) .SECTION
                                        (0372) ;-----------------------------------------------------------------------------
                                        (0373) ;  FUNCTION NAME: RX8_GPS_iReadChar
                                        (0374) ;
                                        (0375) ; WARNING WARNING WARNING  Negative return value not correct!!!!  We may want
                                        (0376) ; to just set a value in the upper byte if error conditions exists.
                                        (0377) ;
                                        (0378) ;  DESCRIPTION:
                                        (0379) ;     Read character from UART RX port.
                                        (0380) ;
                                        (0381) ;  ARGUMENTS:
                                        (0382) ;      none
                                        (0383) ;
                                        (0384) ;  RETURNS:
                                        (0385) ;     An integer value is returned.  A negative value inplies and error
                                        (0386) ;     condition, a positive value between 0 and 255 is the return character.
                                        (0387) ;
                                        (0388) ;     Error Codes:
                                        (0389) ;        0x80CC    Parity Error
                                        (0390) ;        0x40CC    Overrun Error
                                        (0391) ;        0x20CC    Framing Error
                                        (0392) ;        0x01CC    No Data available
                                        (0393) ;
                                        (0394) ;  SIDE EFFECTS:
                                        (0395) ;    The A and X registers may be modified by this or future implementations
                                        (0396) ;    of this function.  The same is true for all RAM page pointer registers in
                                        (0397) ;    the Large Memory Model.  When necessary, it is the calling function's
                                        (0398) ;    responsibility to perserve their values across calls to fastcall16 
                                        (0399) ;    functions.
                                        (0400) ;
                                        (0401)  RX8_GPS_iReadChar:
                                        (0402) _RX8_GPS_iReadChar:
                                        (0403)    RAM_PROLOGUE RAM_USE_CLASS_1
                                        (0404) 
0959: 5D 3B    MOV   A,REG[0x3B]        (0405)    mov  A,REG[RX8_GPS_CONTROL_REG]                         ; Get Status of RX
                                        (0406)                                                            ; Mask only errors and data ready
095B: 21 E8    AND   A,0xE8             (0407)    and  A,(RX8_GPS_RX_ERROR|RX8_GPS_RX_REG_FULL)
095D: 08       PUSH  A                  (0408)    push A
095E: 21 08    AND   A,0x8              (0409)    and  A,RX8_GPS_RX_COMPLETE                              ; Check if a character is ready
0960: B0 07    JNZ   0x0968             (0410)    jnz  .RX_GET_DATA                                       ; Data Ready go read it.
0962: 18       POP   A                  (0411)    pop  A
0963: 29 01    OR    A,0x1              (0412)    or   A,RX8_GPS_RX_NO_DATA                               ; Add no data flag
0965: 4B       SWAP  A,X                (0413)    swap A,X
0966: 80 07    JMP   0x096E             (0414)    jmp  End_RX8_GPS_iReadChar
                                        (0415) 
                                        (0416) .RX_GET_DATA:
0968: 18       POP   A                  (0417)    pop  A
0969: 21 E0    AND   A,0xE0             (0418)    and  A,RX8_GPS_RX_ERROR
096B: 4B       SWAP  A,X                (0419)    swap A,X
096C: 5D 3A    MOV   A,REG[0x3A]        (0420)    mov  A,REG[RX8_GPS_RX_BUFFER_REG]                       ; Read data first, then
                                        (0421)                                                            ; determine if data is valid
                                        (0422) 
                                        (0423)  End_RX8_GPS_iReadChar:
                                        (0424)    RAM_EPILOGUE RAM_USE_CLASS_1
096E: 7F       RET                      (0425)    ret
096F: 62 D0 00 MOV   REG[0xD0],0x0      
                                        (0426) .ENDSECTION
                                        (0427) 
                                        (0428) 
                                        (0429) 
                                        (0430) IF (RX8_GPS_RXBUF_ENABLE)
                                        (0431) .SECTION
                                        (0432) ;-----------------------------------------------------------------------------
                                        (0433) ;-----------------------------------------------------------------------------
                                        (0434) ;
                                        (0435) ;     Command Buffer commands
                                        (0436) ;
                                        (0437) ;-----------------------------------------------------------------------------
                                        (0438) ;-----------------------------------------------------------------------------
                                        (0439) 
                                        (0440) ;-----------------------------------------------------------------------------
                                        (0441) ;  FUNCTION NAME: RX8_GPS_CmdReset
                                        (0442) ;
                                        (0443) ;  DESCRIPTION:
                                        (0444) ;     Reset command string and status flags
                                        (0445) ;
                                        (0446) ;  ARGUMENTS:
                                        (0447) ;     none.
                                        (0448) ;
                                        (0449) ;  RETURNS:
                                        (0450) ;     none.
                                        (0451) ;
                                        (0452) ;  SIDE EFFECTS:
                                        (0453) ;    The A and X registers may be modified by this or future implementations
                                        (0454) ;    of this function.  The same is true for all RAM page pointer registers in
                                        (0455) ;    the Large Memory Model.  When necessary, it is the calling function's
                                        (0456) ;    responsibility to perserve their values across calls to fastcall16 
                                        (0457) ;    functions.
                                        (0458) ;          
                                        (0459) ;    Currently only the page pointer registers listed below are modified: 
                                        (0460) ;          CUR_PP
                                        (0461) ;
                                        (0462) ;  THEORY of OPERATION or PROCEDURE:
                                        (0463) ;     Clear the command buffer, command counter, and flag.
                                        (0464) ;
                                        (0465)  RX8_GPS_CmdReset:
                                        (0466) _RX8_GPS_CmdReset:
                                        (0467)    RAM_PROLOGUE RAM_USE_CLASS_4
                                        (0468)    RAM_SETPAGE_CUR >RX8_GPS_aRxBuffer
0972: 55 B9 00 MOV   [NMEA_SHFTL+98],0x0(0469)    mov [RX8_GPS_aRxBuffer], 0x00
0975: 62 D0 02 MOV   REG[0xD0],0x2      
                                        (0470)    RAM_SETPAGE_CUR >ptrParam
0978: 55 00 00 MOV   [NMEA_pointer_gps+2],0x0(0471)    mov [ptrParam],0x00
097B: 62 D0 00 MOV   REG[0xD0],0x0      
                                        (0472)    RAM_SETPAGE_CUR >RX8_GPS_bRxCnt
097E: 55 03 00 MOV   [0x3],0x0          (0473)    mov [RX8_GPS_bRxCnt], 0x00
0981: 26 02 00 AND   [0x2],0x0          (0474)    and [RX8_GPS_fStatus], 0x00
                                        (0475)    RAM_EPILOGUE RAM_USE_CLASS_4
0984: 7F       RET                      (0476)    ret
0985: 62 D0 00 MOV   REG[0xD0],0x0      
                                        (0477) .ENDSECTION
                                        (0478) 
                                        (0479) .SECTION
                                        (0480) ;-----------------------------------------------------------------------------
                                        (0481) ;  FUNCTION NAME: RX8_GPS_bCmdCheck
                                        (0482) ;
                                        (0483) ;  DESCRIPTION:
                                        (0484) ;     Check to see if valid command in buffer.
                                        (0485) ;
                                        (0486) ;  ARGUMENTS:
                                        (0487) ;     none.
                                        (0488) ;
                                        (0489) ;  RETURNS:
                                        (0490) ;     BYTE  fStatus - Status of command receive buffer.
                                        (0491) ;                     Returns non-zero value in A if command is valid.
                                        (0492) ;
                                        (0493) ;  SIDE EFFECTS:
                                        (0494) ;    The A and X registers may be modified by this or future implementations
                                        (0495) ;    of this function.  The same is true for all RAM page pointer registers in
                                        (0496) ;    the Large Memory Model.  When necessary, it is the calling function's
                                        (0497) ;    responsibility to perserve their values across calls to fastcall16 
                                        (0498) ;    functions.
                                        (0499) ;          
                                        (0500) ;    Currently only the page pointer registers listed below are modified: 
                                        (0501) ;          CUR_PP
                                        (0502) ;
                                        (0503) ;  THEORY of OPERATION or PROCEDURE:
                                        (0504) ;     Read the status and control register.
                                        (0505) ;
                                        (0506)  RX8_GPS_bCmdCheck:
                                        (0507) _RX8_GPS_bCmdCheck:
                                        (0508)    RAM_PROLOGUE RAM_USE_CLASS_4
                                        (0509)    RAM_SETPAGE_CUR >RX8_GPS_fStatus
0988: 51 02    MOV   A,[0x2]            (0510)    mov A,  [RX8_GPS_fStatus]
098A: 21 01    AND   A,0x1              (0511)    and A, RX8_GPS_RX_BUF_CMDTERM                 ; Mask off Command status
                                        (0512)    RAM_EPILOGUE RAM_USE_CLASS_4
098C: 7F       RET                      (0513)    ret
098D: 62 D0 00 MOV   REG[0xD0],0x0      
                                        (0514) .ENDSECTION
                                        (0515) 
                                        (0516) .SECTION
                                        (0517) ;-----------------------------------------------------------------------------
                                        (0518) ;  FUNCTION NAME: RX8_GPS_bErrCheck
                                        (0519) ;
                                        (0520) ;  DESCRIPTION:
                                        (0521) ;     Check to see if an error has occured since last CmdReset
                                        (0522) ;
                                        (0523) ;  ARGUMENTS:
                                        (0524) ;     none.
                                        (0525) ;
                                        (0526) ;  RETURNS:
                                        (0527) ;     BYTE  fStatus - Status of command receive buffer.
                                        (0528) ;                     Returns non-zero value in A if command is valid.
                                        (0529) ;           0x80 => Parity Error
                                        (0530) ;           0x40 => OverRun Error
                                        (0531) ;           0x20 => Framing Error
                                        (0532) ;           0x10 => Software Buffer OverRun
                                        (0533) ;
                                        (0534) ;  SIDE EFFECTS:
                                        (0535) ;    The A and X registers may be modified by this or future implementations
                                        (0536) ;    of this function.  The same is true for all RAM page pointer registers in
                                        (0537) ;    the Large Memory Model.  When necessary, it is the calling function's
                                        (0538) ;    responsibility to perserve their values across calls to fastcall16 
                                        (0539) ;    functions.
                                        (0540) ;          
                                        (0541) ;    Currently only the page pointer registers listed below are modified: 
                                        (0542) ;          CUR_PP
                                        (0543) ;
                                        (0544) ;     Error Status is clear when read.
                                        (0545) ;
                                        (0546) ;  THEORY of OPERATION or PROCEDURE:
                                        (0547) ;     Read RX buffer error status and clear status
                                        (0548) ;
                                        (0549)  RX8_GPS_bErrCheck:
                                        (0550) _RX8_GPS_bErrCheck:
                                        (0551)    RAM_PROLOGUE RAM_USE_CLASS_4
                                        (0552)    RAM_SETPAGE_CUR >RX8_GPS_fStatus
0990: 51 02    MOV   A,[0x2]            (0553)    mov A,  [RX8_GPS_fStatus]
0992: 21 F0    AND   A,0xF0             (0554)    and A, RX8_GPS_RX_BUF_ERROR                   ; Mask off Error status
0994: 26 02 0F AND   [0x2],0xF          (0555)    and [RX8_GPS_fStatus], ~RX8_GPS_RX_BUF_ERROR
                                        (0556)    RAM_EPILOGUE RAM_USE_CLASS_4
0997: 7F       RET                      (0557)    ret
0998: 62 D0 00 MOV   REG[0xD0],0x0      
                                        (0558) .ENDSECTION
                                        (0559) 
                                        (0560) .SECTION
                                        (0561) ;-----------------------------------------------------------------------------
                                        (0562) ;  FUNCTION NAME: RX8_GPS_bCmdLength
                                        (0563) ;
                                        (0564) ;  DESCRIPTION:
                                        (0565) ;     Get length of command string
                                        (0566) ;
                                        (0567) ;  ARGUMENTS:
                                        (0568) ;     none.
                                        (0569) ;
                                        (0570) ;  RETURNS:
                                        (0571) ;     BYTE  bRxCnt    Returns the command length in A.
                                        (0572) ;
                                        (0573) ;  SIDE EFFECTS:
                                        (0574) ;    The A and X registers may be modified by this or future implementations
                                        (0575) ;    of this function.  The same is true for all RAM page pointer registers in
                                        (0576) ;    the Large Memory Model.  When necessary, it is the calling function's
                                        (0577) ;    responsibility to perserve their values across calls to fastcall16 
                                        (0578) ;    functions.
                                        (0579) ;          
                                        (0580) ;    Currently only the page pointer registers listed below are modified: 
                                        (0581) ;          CUR_PP
                                        (0582) ;
                                        (0583)  RX8_GPS_bCmdLength:
                                        (0584) _RX8_GPS_bCmdLength:
                                        (0585)    RAM_PROLOGUE RAM_USE_CLASS_4
                                        (0586)    RAM_SETPAGE_CUR >RX8_GPS_bRxCnt
099B: 51 03    MOV   A,[0x3]            (0587)    mov A,  [RX8_GPS_bRxCnt]
                                        (0588)    RAM_EPILOGUE RAM_USE_CLASS_4
099D: 7F       RET                      (0589)    ret
099E: 70 BF    AND   F,0xBF             
09A0: 62 D0 02 MOV   REG[0xD0],0x2      
09A3: 62 D3 00 MOV   REG[0xD3],0x0      
                                        (0590) .ENDSECTION
                                        (0591) 
                                        (0592) .SECTION
                                        (0593) ;-----------------------------------------------------------------------------
                                        (0594) ;  FUNCTION NAME: RX8_GPS_szGetParam
                                        (0595) ;
                                        (0596) ;  DESCRIPTION:
                                        (0597) ;      Return next parameter from UART Rx buffer
                                        (0598) ;
                                        (0599) ;
                                        (0600) ;  ARGUMENTS:  none
                                        (0601) ;
                                        (0602) ;  RETURNS:
                                        (0603) ;     A => MSB of parameter address
                                        (0604) ;     X => LSB of parameter address
                                        (0605) ;
                                        (0606) ;  SIDE EFFECTS:
                                        (0607) ;    The A and X registers may be modified by this or future implementations
                                        (0608) ;    of this function.  The same is true for all RAM page pointer registers in
                                        (0609) ;    the Large Memory Model.  When necessary, it is the calling function's
                                        (0610) ;    responsibility to perserve their values across calls to fastcall16 
                                        (0611) ;    functions.
                                        (0612) ;          
                                        (0613) ;    Currently only the page pointer registers listed below are modified:
                                        (0614) ;          CUR_PP
                                        (0615) ;          IDX_PP
                                        (0616) ;
                                        (0617) ;     The receive string is modified by placing Null characters at the end
                                        (0618) ;     of each parameter as they are recovered.
                                        (0619) ;
                                        (0620) ;  THEORY OF OPERATION:
                                        (0621) ;     This function is a stateful generator of addresses to the "parameters"
                                        (0622) ;     of an input "Command". It scans the (optional) input buffer and breaks
                                        (0623) ;     each lexically distinct element into a null-terminated string by replacing
                                        (0624) ;     delimiters with nulls, as appropriate. The state of the generator is 
                                        (0625) ;     maintained by the private variable ptrParam, which is a buffer-relative
                                        (0626) ;     offset. The generator is initialized by a call to the function
                                        (0627) ;     RX8_GPS_CmdReset which resets the entire buffer to the 'empty'
                                        (0628) ;     state. Typically this function, RX8_GPS_szGetParam, is
                                        (0629) ;     not called until the buffer has been loaded with an entire command
                                        (0630) ;     (See RX8_GPS_bCmdCheck).
                                        (0631) ;
                                        (0632) ;     Note, there is no special distinction between the "command" and the 
                                        (0633) ;     "parameters". The first non-delimiter character of the buffer---the first
                                        (0634) ;     character of the "command"---is also, for the purposes of this function,
                                        (0635) ;     the first "parameter" to which it returns an address.
                                        (0636) ;
                                        (0637) ;     The value of a delimiter (commonly an ascii space, 0x20 and decimal 32)
                                        (0638) ;     is determined at configuration time by a user module parameter.
                                        (0639) ;
                                        (0640)  RX8_GPS_szGetParam:
                                        (0641) _RX8_GPS_szGetParam:
                                        (0642)    RAM_PROLOGUE RAM_USE_CLASS_4
                                        (0643)    RAM_PROLOGUE RAM_USE_CLASS_3
                                        (0644)    RAM_SETPAGE_CUR >ptrParam
                                        (0645)    RAM_SETPAGE_IDX >RX8_GPS_aRxBuffer
                                        (0646) 
09A6: 50 B9    MOV   A,0xB9             (0647)    mov  A, <RX8_GPS_aRxBuffer               ; Get address to receive buffer
09A8: 02 00    ADD   A,[NMEA_pointer_gps+2](0648)    add  A, [ptrParam]                      ; Add string offset
09AA: 5C       MOV   X,A                (0649)    mov  X,A
                                        (0650) 
09AB: 52 00    MOV   A,[X+0]            (0651)    mov  A,[X]                              ; Get character pointed by X
09AD: B0 04    JNZ   0x09B2             (0652)    jnz  .CheckForDelim                     ; Check for Null character
09AF: 10       PUSH  X                  (0653)    push X                                  ; Save LSB of current pointer
09B0: 80 33    JMP   0x09E4             (0654)    jmp  .End_GetNextParam
                                        (0655) 
                                        (0656)                                             ; Check for delimiter and keep looping until
                                        (0657)                                             ; all leading delimiters have been found.
                                        (0658) .CheckForDelim:
09B2: 39 20    CMP   A,0x20             (0659)     cmp  A,RX8_GPS_DELIMITER                ; Check if we have a delimiter
09B4: B0 11    JNZ   0x09C6             (0660)     jnz  .ParamStartFound
09B6: 75       INC   X                  (0661)     inc  X                                  ; Increment both current pointer and
09B7: 76 00    INC   [NMEA_pointer_gps+2](0662)     inc  [ptrParam]                         ; stored pointer.
09B9: 52 00    MOV   A,[X+0]            (0663)     mov  A,[X]                              ; Get character pointed by X
09BB: 3C 00 0F CMP   [NMEA_pointer_gps+2],0xF(0664)     cmp  [ptrParam],(RX8_GPS_RX_BUFFER_SIZE -1)  ; Check if we are at the end of buffer
09BE: BF F3    JNZ   0x09B2             (0665)     jnz  .CheckForDelim
                                        (0666)                                             ; End of string found
                                        (0667) .EndOfString:
09C0: 10       PUSH  X                  (0668)     push X                                  ; Save ptr
                                        (0669) .TerminateString:
09C1: 56 00 00 MOV   [X+0],0x0          (0670)     mov  [X],0x00                           ; Make sure string is zero
09C4: 80 1F    JMP   0x09E4             (0671)     jmp  .End_GetNextParam
                                        (0672) 
                                        (0673) .ParamStartFound:
09C6: 10       PUSH  X                  (0674)     push X                                  ; Beginning of parameter found, save pointer
                                        (0675) 
                                        (0676) .ParamLoop:
                                        (0677)                                             ; Now loop until end of parameter found.
09C7: 75       INC   X                  (0678)     inc  X                                  ; Advance pointers.
09C8: 76 00    INC   [NMEA_pointer_gps+2](0679)     inc  [ptrParam]
09CA: 3C 00 0F CMP   [NMEA_pointer_gps+2],0xF(0680)     cmp  [ptrParam],(RX8_GPS_RX_BUFFER_SIZE -1)  ; Check if we are at the end of buffer
09CD: AF F3    JZ    0x09C1             (0681)     jz   .TerminateString
09CF: 52 00    MOV   A,[X+0]            (0682)     mov  A,[X]                              ; Get next character
09D1: A0 12    JZ    0x09E4             (0683)     jz   .End_GetNextParam
09D3: 39 20    CMP   A,0x20             (0684)     cmp  A,RX8_GPS_DELIMITER                ; Check if we have a delimiter
09D5: BF F1    JNZ   0x09C7             (0685)     jnz  .ParamLoop                         ; Still no delimiter, loop again
                                        (0686) 
09D7: 56 00 00 MOV   [X+0],0x0          (0687)     mov  [X],0x00                           ; Replace delimiter with null for end of substring
09DA: 76 00    INC   [NMEA_pointer_gps+2](0688)     inc  [ptrParam]
09DC: 3C 00 0F CMP   [NMEA_pointer_gps+2],0xF(0689)     cmp  [ptrParam],(RX8_GPS_RX_BUFFER_SIZE -1)  ; Check if we are at the end of buffer
09DF: B0 04    JNZ   0x09E4             (0690)     jnz  .End_GetNextParam                  ; If not end of string leave
09E1: 55 00 0F MOV   [NMEA_pointer_gps+2],0xF(0691)     mov  [ptrParam],(RX8_GPS_RX_BUFFER_SIZE -1)  ; Reset pointer to end of string.
                                        (0692) 
                                        (0693) 
                                        (0694) .End_GetNextParam:
09E4: 20       POP   X                  (0695)    pop  X
09E5: 10       PUSH  X                  (0696)    push X
09E6: 3D 00 00 CMP   [X+0],0x0          (0697)    cmp  [X],0x00
09E9: B0 0A    JNZ   0x09F4             (0698)    jnz  .NotNullString
09EB: 20       POP   X                  (0699)    pop  X
09EC: 57 00    MOV   X,0x0              (0700)    mov  X,0x00
09EE: 5B       MOV   A,X                (0701)    mov  A,X
09EF: 70 3F    AND   F,0x3F             
09F1: 71 C0    OR    F,0xC0             
                                        (0702)    RAM_EPILOGUE RAM_USE_CLASS_3
                                        (0703)    RAM_EPILOGUE RAM_USE_CLASS_4
09F3: 7F       RET                      (0704)    ret
                                        (0705) 
                                        (0706) .NotNullString:
09F4: 20       POP   X                  (0707)    pop  X
09F5: 50 00    MOV   A,0x0              (0708)    mov  A,>RX8_GPS_aRxBuffer                     ; Return pointer
09F7: 70 3F    AND   F,0x3F             
09F9: 71 C0    OR    F,0xC0             
                                        (0709)    RAM_EPILOGUE RAM_USE_CLASS_3
                                        (0710)    RAM_EPILOGUE RAM_USE_CLASS_4
09FB: 7F       RET                      (0711)    ret
09FC: 62 D0 02 MOV   REG[0xD0],0x2      
                                        (0712) .ENDSECTION
                                        (0713) 
                                        (0714) .SECTION
                                        (0715) ;-----------------------------------------------------------------------------
                                        (0716) ;  FUNCTION NAME: RX8_GPS_szGetRestOfParams
                                        (0717) ;
                                        (0718) ;  DESCRIPTION:
                                        (0719) ;      Return the rest of the UART RX buffer
                                        (0720) ;
                                        (0721) ;
                                        (0722) ;  ARGUMENTS:  none
                                        (0723) ;
                                        (0724) ;  RETURNS:
                                        (0725) ;     A => MSB of parameter
                                        (0726) ;     X => LSB of parameter
                                        (0727) ;
                                        (0728) ;  SIDE EFFECTS:
                                        (0729) ;    The A and X registers may be modified by this or future implementations
                                        (0730) ;    of this function.  The same is true for all RAM page pointer registers in
                                        (0731) ;    the Large Memory Model.  When necessary, it is the calling function's
                                        (0732) ;    responsibility to perserve their values across calls to fastcall16 
                                        (0733) ;    functions.
                                        (0734) ;          
                                        (0735) ;    Currently only the page pointer registers listed below are modified: 
                                        (0736) ;          CUR_PP
                                        (0737) ;
                                        (0738)  RX8_GPS_szGetRestOfParams:
                                        (0739) _RX8_GPS_szGetRestOfParams:
                                        (0740)    RAM_PROLOGUE RAM_USE_CLASS_4
                                        (0741)    RAM_SETPAGE_CUR >ptrParam
                                        (0742) 
09FF: 50 B9    MOV   A,0xB9             (0743)     mov  A, <RX8_GPS_aRxBuffer              ; Get address to receive buffer
0A01: 02 00    ADD   A,[NMEA_pointer_gps+2](0744)     add  A, [ptrParam]                      ; Add string offset
0A03: 5C       MOV   X,A                (0745)     mov  X,A
0A04: 50 00    MOV   A,0x0              (0746)     mov  A,>RX8_GPS_aRxBuffer               ; Return pointer
                                        (0747) 
                                        (0748)    RAM_EPILOGUE RAM_USE_CLASS_4
0A06: 7F       RET                      (0749)     ret
                                        (0750) .ENDSECTION
                                        (0751) 
                                        (0752) ENDIF
                                        (0753) ; End of File RX8_GPS.asm
FILE: lib\rtcint.asm                    (0001) ;;*****************************************************************************
                                        (0002) ;;*****************************************************************************
                                        (0003) ;;  FILENAME: RTCINT.asm
                                        (0004) ;;   Version: 1.10, Updated on 2015/3/4 at 22:19:15
                                        (0005) ;;  Generated by PSoC Designer 5.4.3191
                                        (0006) ;;
                                        (0007) ;;  DESCRIPTION: RTC Interrupt Service Routine
                                        (0008) ;;-----------------------------------------------------------------------------
                                        (0009) ;;  Copyright (c) Cypress Semiconductor 2015. All Rights Reserved.
                                        (0010) ;;*****************************************************************************
                                        (0011) ;;*****************************************************************************
                                        (0012) 
                                        (0013) include "m8c.inc"
                                        (0014) include "memory.inc"
                                        (0015) include "RTC.inc"
                                        (0016) 
                                        (0017) 
                                        (0018) ;-----------------------------------------------
                                        (0019) ;  Global Symbols
                                        (0020) ;-----------------------------------------------
                                        (0021) export  _RTC_ISR
                                        (0022) 
                                        (0023) 
                                        (0024) AREA InterruptRAM (RAM,REL,CON)
                                        (0025) 
                                        (0026) ;@PSoC_UserCode_INIT@ (Do not change this line.)
                                        (0027) ;---------------------------------------------------
                                        (0028) ; Insert your custom declarations below this banner
                                        (0029) ;---------------------------------------------------
                                        (0030) 
                                        (0031) ;------------------------
                                        (0032) ; Includes
                                        (0033) ;------------------------
                                        (0034) 
                                        (0035) 	
                                        (0036) ;------------------------
                                        (0037) ;  Constant Definitions
                                        (0038) ;------------------------
                                        (0039) 
                                        (0040) 
                                        (0041) ;------------------------
                                        (0042) ; Variable Allocation
                                        (0043) ;------------------------
                                        (0044) 
                                        (0045) 
                                        (0046) ;---------------------------------------------------
                                        (0047) ; Insert your custom declarations above this banner
                                        (0048) ;---------------------------------------------------
                                        (0049) ;@PSoC_UserCode_END@ (Do not change this line.)
                                        (0050) 
                                        (0051) 
                                        (0052) AREA UserModules (ROM, REL)
                                        (0053) 
                                        (0054) ;-----------------------------------------------------------------------------
                                        (0055) ;  FUNCTION NAME: _RTC_ISR
                                        (0056) ;
                                        (0057) ;  DESCRIPTION: Unless modified, this implements only a null handler stub.
                                        (0058) ;
                                        (0059) ;-----------------------------------------------------------------------------
                                        (0060) ;
                                        (0061) 
                                        (0062) _RTC_ISR:
                                        (0063) 
                                        (0064)    ;@PSoC_UserCode_BODY@ (Do not change this line.)
                                        (0065)    ;---------------------------------------------------
                                        (0066)    ; Insert your custom assembly code below this banner
                                        (0067)    ;---------------------------------------------------
                                        (0068)    ;   NOTE: interrupt service routines must preserve
                                        (0069)    ;   the values of the A and X CPU registers.
                                        (0070)    
                                        (0071)    ;---------------------------------------------------
                                        (0072)    ; Insert your custom assembly code above this banner
                                        (0073)    ;---------------------------------------------------
                                        (0074)    
                                        (0075)    ;---------------------------------------------------
                                        (0076)    ; Insert a lcall to a C function below this banner
                                        (0077)    ; and un-comment the lines between these banners
                                        (0078)    ;---------------------------------------------------
                                        (0079)    
                                        (0080)    ;PRESERVE_CPU_CONTEXT
                                        (0081)    ;lcall _My_C_Function
                                        (0082)    ;RESTORE_CPU_CONTEXT
                                        (0083)    
                                        (0084)    ;---------------------------------------------------
                                        (0085)    ; Insert a lcall to a C function above this banner
                                        (0086)    ; and un-comment the lines between these banners
                                        (0087)    ;---------------------------------------------------
                                        (0088)    ;@PSoC_UserCode_END@ (Do not change this line.)
                                        (0089) 
0A07: 7E       RETI                     (0090)    reti
                                        (0091) 
                                        (0092) 
                                        (0093) ; end of file RTCINT.asm
FILE: lib\rtc.asm                       (0001) ;;*****************************************************************************
0A08: 71 10    OR    F,0x10             (0002) ;;*****************************************************************************
0A0A: 43 A7 20 OR    REG[0xA7],0x20     
0A0D: 70 EF    AND   F,0xEF             
0A0F: 43 DE 08 OR    REG[0xDE],0x8      
                                        (0003) ;;  FILENAME: RTC.asm
                                        (0004) ;;   Version: 1.10, Updated on 2015/3/4 at 22:19:15
                                        (0005) ;;  Generated by PSoC Designer 5.4.3191
                                        (0006) ;;
                                        (0007) ;;  DESCRIPTION: RTC User Module software implementation file
                                        (0008) ;;
                                        (0009) ;;  NOTE: User Module APIs conform to the fastcall16 convention for marshalling
                                        (0010) ;;        arguments and observe the associated "Registers are volatile" policy.
                                        (0011) ;;        This means it is the caller's responsibility to preserve any values
                                        (0012) ;;        in the X and A registers that are still needed after the API functions
                                        (0013) ;;        returns. For Large Memory Model devices it is also the caller's 
                                        (0014) ;;        responsibility to perserve any value in the CUR_PP, IDX_PP, MVR_PP and 
                                        (0015) ;;        MVW_PP registers. Even though some of these registers may not be modified
                                        (0016) ;;        now, there is no guarantee that will remain the case in future releases.
                                        (0017) ;;-----------------------------------------------------------------------------
                                        (0018) ;;  Copyright (c) Cypress Semiconductor 2015. All Rights Reserved.
                                        (0019) ;;*****************************************************************************
                                        (0020) ;;*****************************************************************************
                                        (0021) 
                                        (0022) include "m8c.inc"
                                        (0023) include "memory.inc"
                                        (0024) include "RTC.inc"
                                        (0025) 
                                        (0026) ;-----------------------------------------------
                                        (0027) ;  Global Symbols
                                        (0028) ;-----------------------------------------------
                                        (0029) export  RTC_EnableInt
                                        (0030) export _RTC_EnableInt
                                        (0031) export  RTC_DisableInt
                                        (0032) export _RTC_DisableInt
                                        (0033) export  RTC_ClearInt
                                        (0034) export _RTC_ClearInt
                                        (0035) export  RTC_Start
                                        (0036) export _RTC_Start
                                        (0037) export  RTC_Stop
                                        (0038) export _RTC_Stop
                                        (0039) export  RTC_SetIntPeriod
                                        (0040) export _RTC_SetIntPeriod
                                        (0041) export  RTC_bReadSecond
                                        (0042) export _RTC_bReadSecond
                                        (0043) export  RTC_bReadMinute
                                        (0044) export _RTC_bReadMinute
                                        (0045) export  RTC_bReadHour
                                        (0046) export _RTC_bReadHour
                                        (0047) export  RTC_SetSecond
                                        (0048) export _RTC_SetSecond
                                        (0049) export  RTC_SetMinute
                                        (0050) export _RTC_SetMinute
                                        (0051) export  RTC_SetHour
                                        (0052) export _RTC_SetHour
                                        (0053) 
                                        (0054) 
                                        (0055) ;-----------------------------------------------
                                        (0056) ;  EQUATES
                                        (0057) ;-----------------------------------------------
                                        (0058) 
                                        (0059) ;  Time validation constants
                                        (0060) SEC_MAX_IN_BSD:           equ 60h
                                        (0061) MIN_MAX_IN_BSD:           equ 60h
                                        (0062) HOUR_MAX_IN_BSD:          equ 24h
                                        (0063) 
                                        (0064) ;  Valid parameter range flag constants
                                        (0065) VALID_RANGE_INPUT:        equ 01h
                                        (0066) INVALID_RANGE_INPUT:      equ 00h
                                        (0067) 
                                        (0068) LOW_TETRAD_MASK:          equ 0Fh
                                        (0069) MIN_INVALID_BSD_VALUE:    equ 0Ah
                                        (0070) 
                                        (0071) AREA InterruptRAM (RAM,REL,CON)
                                        (0072) 
                                        (0073) ;-----------------------------------------------
                                        (0074) ;  Constant Definitions
                                        (0075) ;-----------------------------------------------
                                        (0076) 
                                        (0077) 
                                        (0078) ;-----------------------------------------------
                                        (0079) ; Variable Allocation
                                        (0080) ;-----------------------------------------------
                                        (0081) 
                                        (0082) AREA UserModules (ROM, REL)
                                        (0083) 
                                        (0084) .SECTION
                                        (0085) ;-----------------------------------------------------------------------------
                                        (0086) ;  FUNCTION NAME: RTC_EnableInt
                                        (0087) ;
                                        (0088) ;  DESCRIPTION:
                                        (0089) ;     Enables this RTC's interrupt by setting the interrupt enable mask bit
                                        (0090) ;     associated with this User Module. This function has no effect until and
                                        (0091) ;     unless the global interrupts are enabled (for example by using the
                                        (0092) ;     macro M8C_EnableGInt).
                                        (0093) ;-----------------------------------------------------------------------------
                                        (0094) ;
                                        (0095) ;  ARGUMENTS:    None.
                                        (0096) ;  RETURNS:      None.
                                        (0097) ;  SIDE EFFECTS: 
                                        (0098) ;    The A and X registers may be modified by this or future implementations
                                        (0099) ;    of this function.  The same is true for all RAM page pointer registers in
                                        (0100) ;    the Large Memory Model.  When necessary, it is the calling function's
                                        (0101) ;    responsibility to perserve their values across calls to fastcall16 
                                        (0102) ;    functions.
                                        (0103) ;
                                        (0104)  RTC_EnableInt:
                                        (0105) _RTC_EnableInt:
                                        (0106)    RAM_PROLOGUE RAM_USE_CLASS_1
                                        (0107)    RTC_EnableInt_M
                                        (0108)    RAM_EPILOGUE RAM_USE_CLASS_1
0A12: 7F       RET                      (0109)    ret
0A13: 71 10    OR    F,0x10             
0A15: 41 A7 DF AND   REG[0xA7],0xDF     
0A18: 70 EF    AND   F,0xEF             
0A1A: 41 DE F7 AND   REG[0xDE],0xF7     
                                        (0110) 
                                        (0111) .ENDSECTION
                                        (0112) 
                                        (0113) 
                                        (0114) .SECTION
                                        (0115) ;-----------------------------------------------------------------------------
                                        (0116) ;  FUNCTION NAME: RTC_DisableInt
                                        (0117) ;
                                        (0118) ;  DESCRIPTION:
                                        (0119) ;     Disables this RTC's interrupt by clearing the interrupt enable
                                        (0120) ;     mask bit associated with this User Module.
                                        (0121) ;-----------------------------------------------------------------------------
                                        (0122) ;
                                        (0123) ;  ARGUMENTS:    None
                                        (0124) ;  RETURNS:      None
                                        (0125) ;  SIDE EFFECTS: 
                                        (0126) ;    The A and X registers may be modified by this or future implementations
                                        (0127) ;    of this function.  The same is true for all RAM page pointer registers in
                                        (0128) ;    the Large Memory Model.  When necessary, it is the calling function's
                                        (0129) ;    responsibility to perserve their values across calls to fastcall16 
                                        (0130) ;    functions.
                                        (0131) ;
                                        (0132)  RTC_DisableInt:
                                        (0133) _RTC_DisableInt:
                                        (0134)    RAM_PROLOGUE RAM_USE_CLASS_1
                                        (0135)    RTC_DisableInt_M
                                        (0136)    RAM_EPILOGUE RAM_USE_CLASS_1
0A1D: 7F       RET                      (0137)    ret
0A1E: 62 DD F7 MOV   REG[0xDD],0xF7     
                                        (0138) 
                                        (0139) .ENDSECTION
                                        (0140) 
                                        (0141) .SECTION
                                        (0142) ;-----------------------------------------------------------------------------
                                        (0143) ;  FUNCTION NAME: RTC_ClearInt
                                        (0144) ;
                                        (0145) ;  DESCRIPTION:
                                        (0146) ;
                                        (0147) ;     NOTE:  Remember to enable the global interrupt by calling the
                                        (0148) ;           M8C global macro: M8C_EnableGInt
                                        (0149) ;
                                        (0150) ;-----------------------------------------------------------------------------
                                        (0151) ;
                                        (0152) ;  ARGUMENTS:  none
                                        (0153) ;
                                        (0154) ;  RETURNS:  none
                                        (0155) ;
                                        (0156) ;  SIDE EFFECTS:
                                        (0157) ;    The A and X registers may be modified by this or future implementations
                                        (0158) ;    of this function.  The same is true for all RAM page pointer registers in
                                        (0159) ;    the Large Memory Model.  When necessary, it is the calling function's
                                        (0160) ;    responsibility to perserve their values across calls to fastcall16
                                        (0161) ;    functions.
                                        (0162) ;
                                        (0163) ;  THEORY of OPERATION or PROCEDURE:
                                        (0164) ;     Sets the specific user module interrupt enable mask bit.
                                        (0165) ;
                                        (0166)  RTC_ClearInt:
                                        (0167) _RTC_ClearInt:
                                        (0168)    RAM_PROLOGUE RAM_USE_CLASS_1
                                        (0169)    M8C_ClearIntFlag RTC_CLR_INT_REG, RTC_INT_RTC_MASK
                                        (0170)    RAM_EPILOGUE RAM_USE_CLASS_1
0A21: 7F       RET                      (0171)    ret
0A22: 71 10    OR    F,0x10             
0A24: 43 A7 01 OR    REG[0xA7],0x1      
0A27: 70 EF    AND   F,0xEF             
                                        (0172) .ENDSECTION
                                        (0173) 
                                        (0174) .SECTION
                                        (0175) ;-----------------------------------------------------------------------------
                                        (0176) ;  FUNCTION NAME: RTC_Start
                                        (0177) ;
                                        (0178) ;  DESCRIPTION:
                                        (0179) ;     Enable the RTC UM to start the real timer clock. 
                                        (0180) ;     Set the start bit in RTC control register
                                        (0181) ;-----------------------------------------------------------------------------
                                        (0182) ;
                                        (0183) ;  ARGUMENTS:    None
                                        (0184) ;  RETURNS:      None
                                        (0185) ;  SIDE EFFECTS: 
                                        (0186) ;    The A and X registers may be modified by this or future implementations
                                        (0187) ;    of this function.  The same is true for all RAM page pointer registers in
                                        (0188) ;    the Large Memory Model.  When necessary, it is the calling function's
                                        (0189) ;    responsibility to perserve their values across calls to fastcall16 
                                        (0190) ;    functions.
                                        (0191) ;
                                        (0192)  RTC_Start:
                                        (0193) _RTC_Start:
                                        (0194)    RAM_PROLOGUE RAM_USE_CLASS_1
                                        (0195)    M8C_SetBank1
                                        (0196)    RTC_Start_M
                                        (0197)    M8C_SetBank0
                                        (0198)    RAM_EPILOGUE RAM_USE_CLASS_1
0A29: 7F       RET                      (0199)    ret
0A2A: 71 10    OR    F,0x10             
0A2C: 41 A7 FE AND   REG[0xA7],0xFE     
0A2F: 70 EF    AND   F,0xEF             
                                        (0200) 
                                        (0201) .ENDSECTION
                                        (0202) 
                                        (0203) 
                                        (0204) .SECTION
                                        (0205) ;-----------------------------------------------------------------------------
                                        (0206) ;  FUNCTION NAME: RTC_Stop
                                        (0207) ;
                                        (0208) ;  DESCRIPTION:
                                        (0209) ;     Disable the RTC UM to stop the real timer clock 
                                        (0210) ;      by clearing the start bit in the Control
                                        (0211) ;     register.
                                        (0212) ;-----------------------------------------------------------------------------
                                        (0213) ;
                                        (0214) ;  ARGUMENTS:    None
                                        (0215) ;  RETURNS:      None
                                        (0216) ;  SIDE EFFECTS: 
                                        (0217) ;    The A and X registers may be modified by this or future implementations
                                        (0218) ;    of this function.  The same is true for all RAM page pointer registers in
                                        (0219) ;    the Large Memory Model.  When necessary, it is the calling function's
                                        (0220) ;    responsibility to perserve their values across calls to fastcall16 
                                        (0221) ;    functions.
                                        (0222) ;
                                        (0223)  RTC_Stop:
                                        (0224) _RTC_Stop:
                                        (0225)    RAM_PROLOGUE RAM_USE_CLASS_1
                                        (0226)    M8C_SetBank1
                                        (0227)    RTC_Stop_M
                                        (0228)    M8C_SetBank0
                                        (0229)    RAM_EPILOGUE RAM_USE_CLASS_1
0A31: 7F       RET                      (0230)    ret
                                        (0231) 
                                        (0232) .ENDSECTION
                                        (0233) 
                                        (0234) 
                                        (0235) .SECTION
                                        (0236) ;-----------------------------------------------------------------------------
                                        (0237) ;  FUNCTION NAME: RTC_SetIntPeriod
                                        (0238) ;
                                        (0239) ;  DESCRIPTION:
                                        (0240) ;    Configure the interrupt period of RTC module. 
                                        (0241) ;    The period can be 1 second, 1 minute, 1 hour or 1 day.
                                        (0242) ;-----------------------------------------------------------------------------
                                        (0243) ;
                                        (0244) ;  ARGUMENTS: fastcall16 void SetIntPeriod (passed in A)
                                        (0245) ;  RETURNS:   None
                                        (0246) ;  SIDE EFFECTS: 
                                        (0247) ;    The A and X registers may be modified by this or future implementations
                                        (0248) ;    of this function.  The same is true for all RAM page pointer registers in
                                        (0249) ;    the Large Memory Model.  When necessary, it is the calling function's
                                        (0250) ;    responsibility to perserve their values across calls to fastcall16 
                                        (0251) ;    functions.
                                        (0252) ;
                                        (0253)  RTC_SetIntPeriod:
                                        (0254) _RTC_SetIntPeriod:
                                        (0255)    RAM_PROLOGUE RAM_USE_CLASS_2
0A32: 21 0C    AND   A,0xC              (0256)    and   A, RTC_INT_SEL_MASK   
0A34: 4F       MOV   X,SP               (0257)    mov   X, SP
0A35: 08       PUSH  A                  (0258)    push  A                                  ; store value in stack
0A36: 71 10    OR    F,0x10             
                                        (0259)    M8C_SetBank1
0A38: 5D A7    MOV   A,REG[0xA7]        (0260)    mov   A, reg[RTC_RTCCR_REG]  ; get register value
0A3A: 21 F3    AND   A,0xF3             (0261)    and   A, ~RTC_INT_SEL_MASK   ; clear INT_SEL bits
0A3C: 2B 00    OR    A,[X+0]            (0262)    or    A, [X]                              ; set INT_SEL bits
0A3E: 60 A7    MOV   REG[0xA7],A        (0263)    mov   reg[RTC_RTCCR_REG], A  ; set new register value
0A40: 70 EF    AND   F,0xEF             
                                        (0264)    M8C_SetBank0
0A42: 18       POP   A                  (0265)    pop   A
0A43: 70 3F    AND   F,0x3F             
0A45: 71 C0    OR    F,0xC0             
                                        (0266)    RAM_EPILOGUE RAM_USE_CLASS_2
0A47: 7F       RET                      (0267)    ret
0A48: 71 10    OR    F,0x10             
                                        (0268) 
                                        (0269) .ENDSECTION
                                        (0270) 
                                        (0271) 
                                        (0272) .SECTION
                                        (0273) ;-----------------------------------------------------------------------------
                                        (0274) ;  FUNCTION NAME: RTC_bReadSecond
                                        (0275) ;
                                        (0276) ;  DESCRIPTION:
                                        (0277) ;     This function will access the data in seconds register at address 1A6h.
                                        (0278) ;
                                        (0279) ;-----------------------------------------------------------------------------
                                        (0280) ;
                                        (0281) ;  ARGUMENTS:   None
                                        (0282) ;  RETURNS:     fastcall16 BYTE bReadSecond (void)
                                        (0283) ;  SIDE EFFECTS: 
                                        (0284) ;    The A and X registers may be modified by this or future implementations
                                        (0285) ;    of this function.  The same is true for all RAM page pointer registers in
                                        (0286) ;    the Large Memory Model.  When necessary, it is the calling function's
                                        (0287) ;    responsibility to perserve their values across calls to fastcall16 
                                        (0288) ;    functions.
                                        (0289) ;
                                        (0290)  RTC_bReadSecond:
                                        (0291) _RTC_bReadSecond:
                                        (0292)    RAM_PROLOGUE RAM_USE_CLASS_1
                                        (0293)    M8C_SetBank1
0A4A: 5D A6    MOV   A,REG[0xA6]        (0294)    mov   A, reg[RTC_RTCS_REG] ; Read second value in BCD format
0A4C: 70 EF    AND   F,0xEF             
                                        (0295)    M8C_SetBank0
                                        (0296)    RAM_EPILOGUE RAM_USE_CLASS_1
0A4E: 7F       RET                      (0297)    ret
0A4F: 71 10    OR    F,0x10             
                                        (0298) 
                                        (0299) .ENDSECTION
                                        (0300) 
                                        (0301) .SECTION
                                        (0302) ;-----------------------------------------------------------------------------
                                        (0303) ;  FUNCTION NAME: RTC_bReadMinute
                                        (0304) ;
                                        (0305) ;  DESCRIPTION:
                                        (0306) ;     This function will access the data in minutes register at address 1A5h.
                                        (0307) ;
                                        (0308) ;-----------------------------------------------------------------------------
                                        (0309) ;
                                        (0310) ;  ARGUMENTS:   None
                                        (0311) ;  RETURNS:     fastcall16 BYTE bReadMinute (void)
                                        (0312) ;  SIDE EFFECTS: 
                                        (0313) ;    The A and X registers may be modified by this or future implementations
                                        (0314) ;    of this function.  The same is true for all RAM page pointer registers in
                                        (0315) ;    the Large Memory Model.  When necessary, it is the calling function's
                                        (0316) ;    responsibility to perserve their values across calls to fastcall16 
                                        (0317) ;    functions.
                                        (0318) ;
                                        (0319)  RTC_bReadMinute:
                                        (0320) _RTC_bReadMinute:
                                        (0321)    RAM_PROLOGUE RAM_USE_CLASS_1
                                        (0322)    M8C_SetBank1
0A51: 5D A5    MOV   A,REG[0xA5]        (0323)    mov   A, reg[RTC_RTCM_REG]   ; Read minute value in BCD format
0A53: 70 EF    AND   F,0xEF             
                                        (0324)    M8C_SetBank0
                                        (0325)    RAM_EPILOGUE RAM_USE_CLASS_1
0A55: 7F       RET                      (0326)    ret
0A56: 71 10    OR    F,0x10             
                                        (0327) 
                                        (0328) .ENDSECTION
                                        (0329) 
                                        (0330) .SECTION
                                        (0331) ;-----------------------------------------------------------------------------
                                        (0332) ;  FUNCTION NAME: RTC_bReadHour
                                        (0333) ;
                                        (0334) ;  DESCRIPTION:
                                        (0335) ;     This function will access the data in hours register at address 1A4h.
                                        (0336) ;
                                        (0337) ;-----------------------------------------------------------------------------
                                        (0338) ;
                                        (0339) ;  ARGUMENTS:   None
                                        (0340) ;  RETURNS:     fastcall16 BYTE bReadHour(void)
                                        (0341) ;  SIDE EFFECTS: 
                                        (0342) ;    The A and X registers may be modified by this or future implementations
                                        (0343) ;    of this function.  The same is true for all RAM page pointer registers in
                                        (0344) ;    the Large Memory Model.  When necessary, it is the calling function's
                                        (0345) ;    responsibility to perserve their values across calls to fastcall16 
                                        (0346) ;    functions.
                                        (0347) ;
                                        (0348)  RTC_bReadHour:
                                        (0349) _RTC_bReadHour:
                                        (0350)    RAM_PROLOGUE RAM_USE_CLASS_1
                                        (0351)    M8C_SetBank1
0A58: 5D A4    MOV   A,REG[0xA4]        (0352)    mov  A,reg[RTC_RTCH_REG]  ; Read hour value in BCD format
0A5A: 70 EF    AND   F,0xEF             
                                        (0353)    M8C_SetBank0
                                        (0354)    RAM_EPILOGUE RAM_USE_CLASS_1
0A5C: 7F       RET                      (0355)    ret
                                        (0356) 
                                        (0357) .ENDSECTION
                                        (0358) 
                                        (0359) .SECTION
                                        (0360) ;-----------------------------------------------------------------------------
                                        (0361) ;  FUNCTION NAME: RTC_SetSecond
                                        (0362) ;
                                        (0363) ;  DESCRIPTION:
                                        (0364) ;    This function will set the second valuein seconds register at address 1A6h.
                                        (0365) ;    The legal range for writing the second value is 0 to 59. This data must be in BCD format.
                                        (0366) ;
                                        (0367) ;-----------------------------------------------------------------------------
                                        (0368) ;
                                        (0369) ;  ARGUMENTS:    fastcall16 void SetSecond(passed in A)
                                        (0370) ;  RETURNS:    None
                                        (0371) ;  SIDE EFFECTS: 
                                        (0372) ;    The A and X registers may be modified by this or future implementations
                                        (0373) ;    of this function.  The same is true for all RAM page pointer registers in
                                        (0374) ;    the Large Memory Model.  When necessary, it is the calling function's
                                        (0375) ;    responsibility to perserve their values across calls to fastcall16 
                                        (0376) ;    functions.
                                        (0377) ;
                                        (0378)  RTC_SetSecond:
                                        (0379) _RTC_SetSecond:
                                        (0380)    RAM_PROLOGUE RAM_USE_CLASS_1
0A5D: 39 60    CMP   A,0x60             (0381)    cmp   A, SEC_MAX_IN_BSD                   ; the sec value (in BCD) validation
0A5F: D0 12    JNC   0x0A72             (0382)    jnc   .SetSec_skip                        ; skip sec Reg Update if BCD sec is invalid (>0x59)
0A61: 08       PUSH  A                  (0383)    push  A
0A62: 21 0F    AND   A,0xF              (0384)    and   A, LOW_TETRAD_MASK
0A64: 39 0A    CMP   A,0xA              (0385)    cmp   A, MIN_INVALID_BSD_VALUE
0A66: 18       POP   A                  (0386)    pop   A
0A67: D0 0A    JNC   0x0A72             (0387)    jnc   .SetSec_skip                        ; skip sec Reg Update if sec is not BCD 
0A69: 71 10    OR    F,0x10             
                                        (0388)    M8C_SetBank1
0A6B: 60 A6    MOV   REG[0xA6],A        (0389)    mov   reg[RTC_RTCS_REG], A   ; Set new second value (in BCD)
0A6D: 70 EF    AND   F,0xEF             
                                        (0390)    M8C_SetBank0
0A6F: 50 01    MOV   A,0x1              (0391)    mov   A, VALID_RANGE_INPUT                ; Set Flag to Valid
                                        (0392)    RAM_EPILOGUE RAM_USE_CLASS_1   
0A71: 7F       RET                      (0393)    ret
                                        (0394) .SetSec_skip:
0A72: 50 00    MOV   A,0x0              (0395)    mov   A, INVALID_RANGE_INPUT              ; Set Flag to Invalid
                                        (0396)    RAM_EPILOGUE RAM_USE_CLASS_1
0A74: 7F       RET                      (0397)    ret
                                        (0398) .ENDSECTION
                                        (0399) 
                                        (0400) .SECTION
                                        (0401) ;-----------------------------------------------------------------------------
                                        (0402) ;  FUNCTION NAME: RTC_SetMinute
                                        (0403) ;
                                        (0404) ;  DESCRIPTION:
                                        (0405) ;    This function will set the minute value in minute register at address 1A5h.
                                        (0406) ;    The legal range for writing the minute value is 0 to 59. This data must be in BCD format.
                                        (0407) ;
                                        (0408) ;-----------------------------------------------------------------------------
                                        (0409) ;
                                        (0410) ;  ARGUMENTS:    fastcall16 void SetMinute(passed in A)
                                        (0411) ;  RETURNS:    None
                                        (0412) ;  SIDE EFFECTS: 
                                        (0413) ;    The A and X registers may be modified by this or future implementations
                                        (0414) ;    of this function.  The same is true for all RAM page pointer registers in
                                        (0415) ;    the Large Memory Model.  When necessary, it is the calling function's
                                        (0416) ;    responsibility to perserve their values across calls to fastcall16 
                                        (0417) ;    functions.
                                        (0418) ;
                                        (0419)  RTC_SetMinute:
                                        (0420) _RTC_SetMinute:
                                        (0421)    RAM_PROLOGUE RAM_USE_CLASS_1
0A75: 39 60    CMP   A,0x60             (0422)    cmp   A, MIN_MAX_IN_BSD                   ; the minute value (in BCD) validation
0A77: D0 12    JNC   0x0A8A             (0423)    jnc   .SetMin_skip                        ; skip minute Reg Update if BCD minute is invalid (>0x59)
0A79: 08       PUSH  A                  (0424)    push  A
0A7A: 21 0F    AND   A,0xF              (0425)    and   A, LOW_TETRAD_MASK
0A7C: 39 0A    CMP   A,0xA              (0426)    cmp   A, MIN_INVALID_BSD_VALUE
0A7E: 18       POP   A                  (0427)    pop   A
0A7F: D0 0A    JNC   0x0A8A             (0428)    jnc   .SetMin_skip                        ; skip sec Reg Update if minute is not BCD 
0A81: 71 10    OR    F,0x10             
                                        (0429)    M8C_SetBank1
0A83: 60 A5    MOV   REG[0xA5],A        (0430)    mov   reg[RTC_RTCM_REG], A   ; Set new minute value (in BCD)
0A85: 70 EF    AND   F,0xEF             
                                        (0431)    M8C_SetBank0
0A87: 50 01    MOV   A,0x1              (0432)    mov   A, VALID_RANGE_INPUT                ; Set Flag to Valid
                                        (0433)    RAM_EPILOGUE RAM_USE_CLASS_1   
0A89: 7F       RET                      (0434)    ret
                                        (0435) .SetMin_skip:
0A8A: 50 00    MOV   A,0x0              (0436)    mov   A, INVALID_RANGE_INPUT              ; Set Flag to Invalid
                                        (0437)    RAM_EPILOGUE RAM_USE_CLASS_1
0A8C: 7F       RET                      (0438)    ret
                                        (0439) 
                                        (0440) .ENDSECTION
                                        (0441) 
                                        (0442) .SECTION
                                        (0443) ;-----------------------------------------------------------------------------
                                        (0444) ;  FUNCTION NAME: RTC_SetHour
                                        (0445) ;
                                        (0446) ;  DESCRIPTION:
                                        (0447) ;    This function will set the hour value in hour register at address 1A4h.
                                        (0448) ;    The legal range for writing the hour value is 0 to 23. This data must be in BCD format.
                                        (0449) ;
                                        (0450) ;-----------------------------------------------------------------------------
                                        (0451) ;
                                        (0452) ;  ARGUMENTS:    fastcall16 void SetHour(passed in A)
                                        (0453) ;  RETURNS:    None
                                        (0454) ;  SIDE EFFECTS: 
                                        (0455) ;    The A and X registers may be modified by this or future implementations
                                        (0456) ;    of this function.  The same is true for all RAM page pointer registers in
                                        (0457) ;    the Large Memory Model.  When necessary, it is the calling function's
                                        (0458) ;    responsibility to perserve their values across calls to fastcall16 
                                        (0459) ;    functions.
                                        (0460) ;
                                        (0461)  RTC_SetHour:
                                        (0462) _RTC_SetHour:
                                        (0463)    RAM_PROLOGUE RAM_USE_CLASS_1
0A8D: 39 24    CMP   A,0x24             (0464)    cmp   A, HOUR_MAX_IN_BSD                  ; the hour value (in BCD) validation
0A8F: D0 12    JNC   0x0AA2             (0465)    jnc   .SetHour_skip                       ; skip hour Reg Update if BCD hour is invalid (>0x59)
0A91: 08       PUSH  A                  (0466)    push  A
0A92: 21 0F    AND   A,0xF              (0467)    and   A, LOW_TETRAD_MASK
0A94: 39 0A    CMP   A,0xA              (0468)    cmp   A, MIN_INVALID_BSD_VALUE
0A96: 18       POP   A                  (0469)    pop   A
0A97: D0 0A    JNC   0x0AA2             (0470)    jnc   .SetHour_skip                        ; skip sec Reg Update if hour is not BCD 
0A99: 71 10    OR    F,0x10             
                                        (0471)    M8C_SetBank1
0A9B: 60 A4    MOV   REG[0xA4],A        (0472)    mov   reg[RTC_RTCH_REG], A   ; Set new hour value (in BCD)
0A9D: 70 EF    AND   F,0xEF             
                                        (0473)    M8C_SetBank0
0A9F: 50 01    MOV   A,0x1              (0474)    mov   A, VALID_RANGE_INPUT                ; Set Flag to Valid
                                        (0475)    RAM_EPILOGUE RAM_USE_CLASS_1   
0AA1: 7F       RET                      (0476)    ret
                                        (0477) .SetHour_skip:
0AA2: 50 00    MOV   A,0x0              (0478)    mov   A, INVALID_RANGE_INPUT              ; Set Flag to Invalid
                                        (0479)    RAM_EPILOGUE RAM_USE_CLASS_1
0AA4: 7F       RET                      (0480)    ret
                                        (0481) 
                                        (0482) .ENDSECTION
                                        (0483) ; End of File RTC.asm
FILE: lib\pwm16_ch1int.asm              (0001) ;;*****************************************************************************
                                        (0002) ;;*****************************************************************************
                                        (0003) ;;  FILENAME: PWM16_CH1INT.asm
                                        (0004) ;;   Version: 2.5, Updated on 2015/3/4 at 22:26:51
                                        (0005) ;;  Generated by PSoC Designer 5.4.3191
                                        (0006) ;;
                                        (0007) ;;  DESCRIPTION: PWM16 Interrupt Service Routine
                                        (0008) ;;-----------------------------------------------------------------------------
                                        (0009) ;;  Copyright (c) Cypress Semiconductor 2015. All Rights Reserved.
                                        (0010) ;;*****************************************************************************
                                        (0011) ;;*****************************************************************************
                                        (0012) 
                                        (0013) include "m8c.inc"
                                        (0014) include "PWM16_CH1.inc"
                                        (0015) include "memory.inc"
                                        (0016) 
                                        (0017) 
                                        (0018) ;-----------------------------------------------
                                        (0019) ;  Global Symbols
                                        (0020) ;-----------------------------------------------
                                        (0021) export  _PWM16_CH1_ISR
                                        (0022) 
                                        (0023) 
                                        (0024) AREA InterruptRAM (RAM,REL,CON)
                                        (0025) 
                                        (0026) ;@PSoC_UserCode_INIT@ (Do not change this line.)
                                        (0027) ;---------------------------------------------------
                                        (0028) ; Insert your custom declarations below this banner
                                        (0029) ;---------------------------------------------------
                                        (0030) 
                                        (0031) ;------------------------
                                        (0032) ; Includes
                                        (0033) ;------------------------
                                        (0034) 
                                        (0035) 	
                                        (0036) ;------------------------
                                        (0037) ;  Constant Definitions
                                        (0038) ;------------------------
                                        (0039) 
                                        (0040) 
                                        (0041) ;------------------------
                                        (0042) ; Variable Allocation
                                        (0043) ;------------------------
                                        (0044) 
                                        (0045) 
                                        (0046) ;---------------------------------------------------
                                        (0047) ; Insert your custom declarations above this banner
                                        (0048) ;---------------------------------------------------
                                        (0049) ;@PSoC_UserCode_END@ (Do not change this line.)
                                        (0050) 
                                        (0051) 
                                        (0052) AREA UserModules (ROM, REL)
                                        (0053) 
                                        (0054) ;-----------------------------------------------------------------------------
                                        (0055) ;  FUNCTION NAME: _PWM16_CH1_ISR
                                        (0056) ;
                                        (0057) ;  DESCRIPTION: Unless modified, this implements only a null handler stub.
                                        (0058) ;
                                        (0059) ;-----------------------------------------------------------------------------
                                        (0060) ;
                                        (0061) 
                                        (0062) _PWM16_CH1_ISR:
                                        (0063) 
                                        (0064)    ;@PSoC_UserCode_BODY@ (Do not change this line.)
                                        (0065)    ;---------------------------------------------------
                                        (0066)    ; Insert your custom assembly code below this banner
                                        (0067)    ;---------------------------------------------------
                                        (0068)    ;   NOTE: interrupt service routines must preserve
                                        (0069)    ;   the values of the A and X CPU registers.
                                        (0070)    
                                        (0071)    ;---------------------------------------------------
                                        (0072)    ; Insert your custom assembly code above this banner
                                        (0073)    ;---------------------------------------------------
                                        (0074)    
                                        (0075)    ;---------------------------------------------------
                                        (0076)    ; Insert a lcall to a C function below this banner
                                        (0077)    ; and un-comment the lines between these banners
                                        (0078)    ;---------------------------------------------------
                                        (0079)    
                                        (0080)    ;PRESERVE_CPU_CONTEXT
                                        (0081)    ;lcall _My_C_Function
                                        (0082)    ;RESTORE_CPU_CONTEXT
                                        (0083)    
                                        (0084)    ;---------------------------------------------------
                                        (0085)    ; Insert a lcall to a C function above this banner
                                        (0086)    ; and un-comment the lines between these banners
                                        (0087)    ;---------------------------------------------------
                                        (0088)    ;@PSoC_UserCode_END@ (Do not change this line.)
                                        (0089) 
0AA5: 7E       RETI                     (0090)    reti
                                        (0091) 
                                        (0092) 
                                        (0093) ; end of file PWM16_CH1INT.asm
FILE: lib\pwm16_ch1.asm                 (0001) ;;*****************************************************************************
0AA6: 43 E1 08 OR    REG[0xE1],0x8      (0002) ;;*****************************************************************************
                                        (0003) ;;  FILENAME: PWM16_CH1.asm
                                        (0004) ;;   Version: 2.5, Updated on 2015/3/4 at 22:26:51
                                        (0005) ;;  Generated by PSoC Designer 5.4.3191
                                        (0006) ;;
                                        (0007) ;;  DESCRIPTION: PWM16 User Module software implementation file
                                        (0008) ;;
                                        (0009) ;;  NOTE: User Module APIs conform to the fastcall16 convention for marshalling
                                        (0010) ;;        arguments and observe the associated "Registers are volatile" policy.
                                        (0011) ;;        This means it is the caller's responsibility to preserve any values
                                        (0012) ;;        in the X and A registers that are still needed after the API functions
                                        (0013) ;;        returns. For Large Memory Model devices it is also the caller's 
                                        (0014) ;;        responsibility to perserve any value in the CUR_PP, IDX_PP, MVR_PP and 
                                        (0015) ;;        MVW_PP registers. Even though some of these registers may not be modified
                                        (0016) ;;        now, there is no guarantee that will remain the case in future releases.
                                        (0017) ;;-----------------------------------------------------------------------------
                                        (0018) ;;  Copyright (c) Cypress Semiconductor 2015. All Rights Reserved.
                                        (0019) ;;*****************************************************************************
                                        (0020) ;;*****************************************************************************
                                        (0021) 
                                        (0022) include "m8c.inc"
                                        (0023) include "PWM16_CH1.inc"
                                        (0024) include "memory.inc"
                                        (0025) 
                                        (0026) ;-----------------------------------------------
                                        (0027) ;  Global Symbols
                                        (0028) ;-----------------------------------------------
                                        (0029) export  PWM16_CH1_EnableInt
                                        (0030) export _PWM16_CH1_EnableInt
                                        (0031) export  PWM16_CH1_DisableInt
                                        (0032) export _PWM16_CH1_DisableInt
                                        (0033) export  PWM16_CH1_Start
                                        (0034) export _PWM16_CH1_Start
                                        (0035) export  PWM16_CH1_Stop
                                        (0036) export _PWM16_CH1_Stop
                                        (0037) export  PWM16_CH1_WritePeriod
                                        (0038) export _PWM16_CH1_WritePeriod
                                        (0039) export  PWM16_CH1_WritePulseWidth
                                        (0040) export _PWM16_CH1_WritePulseWidth
                                        (0041) export  PWM16_CH1_wReadPulseWidth
                                        (0042) export _PWM16_CH1_wReadPulseWidth
                                        (0043) export  PWM16_CH1_wReadCounter
                                        (0044) export _PWM16_CH1_wReadCounter
                                        (0045) 
                                        (0046) ; The following functions are deprecated and subject to omission in future releases
                                        (0047) ;
                                        (0048) export  wPWM16_CH1_ReadPulseWidth    ; deprecated
                                        (0049) export _wPWM16_CH1_ReadPulseWidth    ; deprecated
                                        (0050) export  wPWM16_CH1_ReadCounter       ; deprecated
                                        (0051) export _wPWM16_CH1_ReadCounter       ; deprecated
                                        (0052) 
                                        (0053) 
                                        (0054) AREA fitolamp_slave_RAM (RAM,REL)
                                        (0055) 
                                        (0056) ;-----------------------------------------------
                                        (0057) ;  Constant Definitions
                                        (0058) ;-----------------------------------------------
                                        (0059) 
                                        (0060) INPUT_REG_NULL:                equ 0x00    ; Clear the input register
                                        (0061) 
                                        (0062) 
                                        (0063) ;-----------------------------------------------
                                        (0064) ; Variable Allocation
                                        (0065) ;-----------------------------------------------
                                        (0066) 
                                        (0067) 
                                        (0068) AREA UserModules (ROM, REL)
                                        (0069) 
                                        (0070) .SECTION
                                        (0071) ;-----------------------------------------------------------------------------
                                        (0072) ;  FUNCTION NAME: PWM16_CH1_EnableInt
                                        (0073) ;
                                        (0074) ;  DESCRIPTION:
                                        (0075) ;     Enables this PWM's interrupt by setting the interrupt enable mask bit
                                        (0076) ;     associated with this User Module. This function has no effect until and
                                        (0077) ;     unless the global interrupts are enabled (for example by using the
                                        (0078) ;     macro M8C_EnableGInt).
                                        (0079) ;-----------------------------------------------------------------------------
                                        (0080) ;
                                        (0081) ;  ARGUMENTS:    None.
                                        (0082) ;  RETURNS:      Nothing.
                                        (0083) ;  SIDE EFFECTS: 
                                        (0084) ;    The A and X registers may be modified by this or future implementations
                                        (0085) ;    of this function.  The same is true for all RAM page pointer registers in
                                        (0086) ;    the Large Memory Model.  When necessary, it is the calling function's
                                        (0087) ;    responsibility to perserve their values across calls to fastcall16 
                                        (0088) ;    functions.
                                        (0089) ;
                                        (0090)  PWM16_CH1_EnableInt:
                                        (0091) _PWM16_CH1_EnableInt:
                                        (0092)    RAM_PROLOGUE RAM_USE_CLASS_1
                                        (0093)    PWM16_CH1_EnableInt_M
                                        (0094)    RAM_EPILOGUE RAM_USE_CLASS_1
0AA9: 7F       RET                      (0095)    ret
0AAA: 41 E1 F7 AND   REG[0xE1],0xF7     
                                        (0096) 
                                        (0097) 
                                        (0098) .ENDSECTION
                                        (0099) 
                                        (0100) .SECTION
                                        (0101) ;-----------------------------------------------------------------------------
                                        (0102) ;  FUNCTION NAME: PWM16_CH1_DisableInt
                                        (0103) ;
                                        (0104) ;  DESCRIPTION:
                                        (0105) ;     Disables this PWM's interrupt by clearing the interrupt enable
                                        (0106) ;     mask bit associated with this User Module.
                                        (0107) ;-----------------------------------------------------------------------------
                                        (0108) ;
                                        (0109) ;  ARGUMENTS:    None
                                        (0110) ;  RETURNS:      Nothing
                                        (0111) ;  SIDE EFFECTS:
                                        (0112) ;    The A and X registers may be modified by this or future implementations
                                        (0113) ;    of this function.  The same is true for all RAM page pointer registers in
                                        (0114) ;    the Large Memory Model.  When necessary, it is the calling function's
                                        (0115) ;    responsibility to perserve their values across calls to fastcall16 
                                        (0116) ;    functions.
                                        (0117) ;
                                        (0118)  PWM16_CH1_DisableInt:
                                        (0119) _PWM16_CH1_DisableInt:
                                        (0120)    RAM_PROLOGUE RAM_USE_CLASS_1
                                        (0121)    PWM16_CH1_DisableInt_M
                                        (0122)    RAM_EPILOGUE RAM_USE_CLASS_1
0AAD: 7F       RET                      (0123)    ret
0AAE: 43 2B 01 OR    REG[0x2B],0x1      
                                        (0124) 
                                        (0125) 
                                        (0126) .ENDSECTION
                                        (0127) 
                                        (0128) .SECTION
                                        (0129) ;-----------------------------------------------------------------------------
                                        (0130) ;  FUNCTION NAME: PWM16_CH1_Start
                                        (0131) ;
                                        (0132) ;  DESCRIPTION:
                                        (0133) ;     Sets the start bit in the Control register of this user module.  The
                                        (0134) ;     PWM will begin counting on the next input clock as soon as the
                                        (0135) ;     enable input is asserted high.
                                        (0136) ;-----------------------------------------------------------------------------
                                        (0137) ;
                                        (0138) ;  ARGUMENTS:    None
                                        (0139) ;  RETURNS:      Nothing
                                        (0140) ;  SIDE EFFECTS:
                                        (0141) ;    The A and X registers may be modified by this or future implementations
                                        (0142) ;    of this function.  The same is true for all RAM page pointer registers in
                                        (0143) ;    the Large Memory Model.  When necessary, it is the calling function's
                                        (0144) ;    responsibility to perserve their values across calls to fastcall16 
                                        (0145) ;    functions.
                                        (0146) ;
                                        (0147)  PWM16_CH1_Start:
                                        (0148) _PWM16_CH1_Start:
                                        (0149)    RAM_PROLOGUE RAM_USE_CLASS_1
                                        (0150)    PWM16_CH1_Start_M
                                        (0151)    RAM_EPILOGUE RAM_USE_CLASS_1
0AB1: 7F       RET                      (0152)    ret
0AB2: 41 2B FE AND   REG[0x2B],0xFE     
                                        (0153) 
                                        (0154) 
                                        (0155) .ENDSECTION
                                        (0156) 
                                        (0157) .SECTION
                                        (0158) ;-----------------------------------------------------------------------------
                                        (0159) ;  FUNCTION NAME: PWM16_CH1_Stop
                                        (0160) ;
                                        (0161) ;  DESCRIPTION:
                                        (0162) ;     Disables PWM operation by clearing the start bit in the Control
                                        (0163) ;     register of the LSB block.
                                        (0164) ;-----------------------------------------------------------------------------
                                        (0165) ;
                                        (0166) ;  ARGUMENTS:    None
                                        (0167) ;  RETURNS:      Nothing
                                        (0168) ;  SIDE EFFECTS:
                                        (0169) ;    The A and X registers may be modified by this or future implementations
                                        (0170) ;    of this function.  The same is true for all RAM page pointer registers in
                                        (0171) ;    the Large Memory Model.  When necessary, it is the calling function's
                                        (0172) ;    responsibility to perserve their values across calls to fastcall16 
                                        (0173) ;    functions.
                                        (0174) ;
                                        (0175)  PWM16_CH1_Stop:
                                        (0176) _PWM16_CH1_Stop:
                                        (0177)    RAM_PROLOGUE RAM_USE_CLASS_1
                                        (0178)    PWM16_CH1_Stop_M
                                        (0179)    RAM_EPILOGUE RAM_USE_CLASS_1
0AB5: 7F       RET                      (0180)    ret
                                        (0181) 
                                        (0182) 
                                        (0183) .ENDSECTION
                                        (0184) 
                                        (0185) .SECTION
                                        (0186) ;-----------------------------------------------------------------------------
                                        (0187) ;  FUNCTION NAME: PWM16_CH1_WritePeriod
                                        (0188) ;
                                        (0189) ;  DESCRIPTION:
                                        (0190) ;     Write the 16-bit period value into the Period register (DR1).
                                        (0191) ;-----------------------------------------------------------------------------
                                        (0192) ;
                                        (0193) ;  ARGUMENTS: fastcall16 WORD wPeriodValue (LSB in A, MSB in X)
                                        (0194) ;  RETURNS:   Nothing
                                        (0195) ;  SIDE EFFECTS:
                                        (0196) ;    If the PWM user module is stopped, then this value will also be
                                        (0197) ;    latched into the Count registers (DR0).
                                        (0198) ;    
                                        (0199) ;    The A and X registers may be modified by this or future implementations
                                        (0200) ;    of this function.  The same is true for all RAM page pointer registers in
                                        (0201) ;    the Large Memory Model.  When necessary, it is the calling function's
                                        (0202) ;    responsibility to perserve their values across calls to fastcall16 
                                        (0203) ;    functions.
                                        (0204) ;
                                        (0205)  PWM16_CH1_WritePeriod:
                                        (0206) _PWM16_CH1_WritePeriod:
                                        (0207)    RAM_PROLOGUE RAM_USE_CLASS_1
0AB6: 60 29    MOV   REG[0x29],A        (0208)    mov   reg[PWM16_CH1_PERIOD_LSB_REG], A
0AB8: 5B       MOV   A,X                (0209)    mov   A, X
0AB9: 60 2D    MOV   REG[0x2D],A        (0210)    mov   reg[PWM16_CH1_PERIOD_MSB_REG], A
                                        (0211)    RAM_EPILOGUE RAM_USE_CLASS_1
0ABB: 7F       RET                      (0212)    ret
                                        (0213) 
                                        (0214) 
                                        (0215) .ENDSECTION
                                        (0216) 
                                        (0217) .SECTION
                                        (0218) ;-----------------------------------------------------------------------------
                                        (0219) ;  FUNCTION NAME: PWM16_CH1_WritePulseWidth
                                        (0220) ;
                                        (0221) ;  DESCRIPTION:
                                        (0222) ;     Writes the pulse width value into the Compare register (DR2).
                                        (0223) ;-----------------------------------------------------------------------------
                                        (0224) ;
                                        (0225) ;  ARGUMENTS:    fastcall16 WORD wCompareValue (LSB in A, MSB in X)
                                        (0226) ;  RETURNS:      Nothing
                                        (0227) ;  SIDE EFFECTS:
                                        (0228) ;    The A and X registers may be modified by this or future implementations
                                        (0229) ;    of this function.  The same is true for all RAM page pointer registers in
                                        (0230) ;    the Large Memory Model.  When necessary, it is the calling function's
                                        (0231) ;    responsibility to perserve their values across calls to fastcall16 
                                        (0232) ;    functions.
                                        (0233) ;
                                        (0234)  PWM16_CH1_WritePulseWidth:
                                        (0235) _PWM16_CH1_WritePulseWidth:
                                        (0236)    RAM_PROLOGUE RAM_USE_CLASS_1
0ABC: 60 2A    MOV   REG[0x2A],A        (0237)    mov   reg[PWM16_CH1_COMPARE_LSB_REG], A
0ABE: 5B       MOV   A,X                (0238)    mov   A, X
0ABF: 60 2E    MOV   REG[0x2E],A        (0239)    mov   reg[PWM16_CH1_COMPARE_MSB_REG], A
                                        (0240)    RAM_EPILOGUE RAM_USE_CLASS_1
0AC1: 7F       RET                      (0241)    ret
                                        (0242) 
                                        (0243) 
                                        (0244) .ENDSECTION
                                        (0245) 
                                        (0246) .SECTION
                                        (0247) ;-----------------------------------------------------------------------------
                                        (0248) ;  FUNCTION NAME: PWM16_CH1_wReadPulseWidth
                                        (0249) ;
                                        (0250) ;  DESCRIPTION:
                                        (0251) ;     Reads the Compare register.
                                        (0252) ;-----------------------------------------------------------------------------
                                        (0253) ;
                                        (0254) ;  ARGUMENTS:    None
                                        (0255) ;  RETURNS:      fastcall16 WORD wCompareValue (value of DR2 in the X & A registers)
                                        (0256) ;  SIDE EFFECTS:
                                        (0257) ;    The A and X registers may be modified by this or future implementations
                                        (0258) ;    of this function.  The same is true for all RAM page pointer registers in
                                        (0259) ;    the Large Memory Model.  When necessary, it is the calling function's
                                        (0260) ;    responsibility to perserve their values across calls to fastcall16 
                                        (0261) ;    functions.
                                        (0262) ;
                                        (0263)  PWM16_CH1_wReadPulseWidth:
                                        (0264) _PWM16_CH1_wReadPulseWidth:
                                        (0265)  wPWM16_CH1_ReadPulseWidth:                      ; this name deprecated
                                        (0266) _wPWM16_CH1_ReadPulseWidth:                      ; this name deprecated
                                        (0267)    RAM_PROLOGUE RAM_USE_CLASS_1
0AC2: 5D 2E    MOV   A,REG[0x2E]        (0268)    mov   A, reg[PWM16_CH1_COMPARE_MSB_REG]
0AC4: 5C       MOV   X,A                (0269)    mov   X, A
0AC5: 5D 2A    MOV   A,REG[0x2A]        (0270)    mov   A, reg[PWM16_CH1_COMPARE_LSB_REG]
                                        (0271)    RAM_EPILOGUE RAM_USE_CLASS_1
0AC7: 7F       RET                      (0272)    ret
                                        (0273) 
                                        (0274) 
                                        (0275) .ENDSECTION
                                        (0276) 
                                        (0277) .SECTION
                                        (0278) ;-----------------------------------------------------------------------------
                                        (0279) ;  FUNCTION NAME: PWM16_CH1_wReadCounter
                                        (0280) ;
                                        (0281) ;  DESCRIPTION:
                                        (0282) ;     Returns the value in the Count register (DR0), preserving the value in
                                        (0283) ;     the compare register (DR2). Interrupts are prevented during the transfer
                                        (0284) ;     from the Count to the Compare register by holding the clock low in
                                        (0285) ;     the MSB PSoC block.
                                        (0286) ;-----------------------------------------------------------------------------
                                        (0287) ;
                                        (0288) ;  ARGUMENTS: None
                                        (0289) ;  RETURNS:   fastcall16 WORD wCount (value of DR0 in the X & A registers)
                                        (0290) ;  SIDE EFFECTS:
                                        (0291) ;     1) The user module is stopped momentarily and one or more counts may be missed.
                                        (0292) ;     2) The A and X registers may be modified by this or future implementations
                                        (0293) ;        of this function.  The same is true for all RAM page pointer registers in
                                        (0294) ;        the Large Memory Model.  When necessary, it is the calling function's
                                        (0295) ;        responsibility to perserve their values across calls to fastcall16 
                                        (0296) ;        functions.
                                        (0297) ;
                                        (0298)  PWM16_CH1_wReadCounter:
                                        (0299) _PWM16_CH1_wReadCounter:
                                        (0300)  wPWM16_CH1_ReadCounter:                         ; this name deprecated
                                        (0301) _wPWM16_CH1_ReadCounter:                         ; this name deprecated
                                        (0302) 
                                        (0303)    bOrigCompareValue:      EQU   0                  ; Frame offset to temp Compare store
                                        (0304)    bOrigClockSetting:      EQU   2                  ; Frame offset to temp Input   store
                                        (0305)    wCounter:               EQU   3                  ; Frame offset to temp Count   store
                                        (0306)    STACK_FRAME_SIZE:       EQU   5                  ; max stack frame size is 5 bytes
                                        (0307) 
                                        (0308)    RAM_PROLOGUE RAM_USE_CLASS_2
0AC8: 4F       MOV   X,SP               (0309)    mov   X, SP                                      ; X <-  stack frame pointer
0AC9: 5D 2E    MOV   A,REG[0x2E]        (0310)    mov   A, reg[PWM16_CH1_COMPARE_MSB_REG]       ; Save the Compare register on the stack
0ACB: 08       PUSH  A                  (0311)    push  A                                          ;
0ACC: 5D 2A    MOV   A,REG[0x2A]        (0312)    mov   A, reg[PWM16_CH1_COMPARE_LSB_REG]       ;
0ACE: 08       PUSH  A                  (0313)    push  A                                          ;  -stack frame now 2 bytes-
0ACF: 41 2B FE AND   REG[0x2B],0xFE     
0AD2: 71 10    OR    F,0x10             
                                        (0314)    PWM16_CH1_Stop_M                              ; Disable the PWM function
                                        (0315)    M8C_SetBank1                                     ;
0AD4: 5D 29    MOV   A,REG[0x29]        (0316)    mov   A, reg[PWM16_CH1_INPUT_LSB_REG]         ; save the LSB clock input setting
0AD6: 08       PUSH  A                  (0317)    push  A                                          ;   on the stack (now 3 bytes) and ...
                                        (0318)                                                     ;   hold the clock low:
0AD7: 62 29 00 MOV   REG[0x29],0x0      (0319)    mov   reg[PWM16_CH1_INPUT_LSB_REG], INPUT_REG_NULL
0ADA: 70 EF    AND   F,0xEF             
                                        (0320)    M8C_SetBank0                                     ; Extract the Count via DR2 register
0ADC: 5D 2C    MOV   A,REG[0x2C]        (0321)    mov   A, reg[PWM16_CH1_COUNTER_MSB_REG]       ; DR2 <- DR0 (in the MSB block)
0ADE: 5D 2E    MOV   A,REG[0x2E]        (0322)    mov   A, reg[PWM16_CH1_COMPARE_MSB_REG]       ; Stash the Count MSB on the stack
0AE0: 08       PUSH  A                  (0323)    push  A                                          ;  -stack frame is now 4 bytes
0AE1: 5D 28    MOV   A,REG[0x28]        (0324)    mov   A, reg[PWM16_CH1_COUNTER_LSB_REG]       ; DR2 <- DR0 (in the LSB block)
0AE3: 5D 2A    MOV   A,REG[0x2A]        (0325)    mov   A, reg[PWM16_CH1_COMPARE_LSB_REG]       ; Stash the Count LSB on the stack
0AE5: 08       PUSH  A                  (0326)    push  A                                          ;   -stack frame is now 5 bytes-
0AE6: 52 00    MOV   A,[X+0]            (0327)    mov   A, [X+bOrigCompareValue]                   ; Restore the Compare MSB register
0AE8: 60 2E    MOV   REG[0x2E],A        (0328)    mov   reg[PWM16_CH1_COMPARE_MSB_REG], A       ;
0AEA: 52 01    MOV   A,[X+1]            (0329)    mov   A, [X+bOrigCompareValue+1]                 ; Restore the Compare LSB register
0AEC: 60 2A    MOV   REG[0x2A],A        (0330)    mov   reg[PWM16_CH1_COMPARE_LSB_REG], A       ;
0AEE: 71 10    OR    F,0x10             
                                        (0331)    M8C_SetBank1                                     ; ---Restore the PWM operation
0AF0: 52 02    MOV   A,[X+2]            (0332)    mov   A, [X+bOrigClockSetting]                   ; Grab the LSB clock setting...
0AF2: 60 29    MOV   REG[0x29],A        (0333)    mov   reg[PWM16_CH1_INPUT_LSB_REG], A         ;    and restore it
0AF4: 70 EF    AND   F,0xEF             
0AF6: 43 2B 01 OR    REG[0x2B],0x1      
                                        (0334)    M8C_SetBank0                                     ;
                                        (0335)    PWM16_CH1_Start_M                             ; Now re-enable the PWM function
0AF9: 18       POP   A                  (0336)    pop   A                                          ; Setup the return value
0AFA: 20       POP   X                  (0337)    pop   X                                          ;
0AFB: 38 FD    ADD   SP,0xFD            (0338)    ADD   SP, -(STACK_FRAME_SIZE-2)                  ; Zap remainder of stack frame
0AFD: 70 3F    AND   F,0x3F             
0AFF: 71 C0    OR    F,0xC0             
                                        (0339)    RAM_EPILOGUE RAM_USE_CLASS_2
0B01: 7F       RET                      (0340)    ret
                                        (0341) 
                                        (0342) .ENDSECTION
                                        (0343) 
                                        (0344) ; End of File PWM16_CH1.asm
FILE: lib\pwm16_ch0int.asm              (0001) ;;*****************************************************************************
                                        (0002) ;;*****************************************************************************
                                        (0003) ;;  FILENAME: PWM16_CH0INT.asm
                                        (0004) ;;   Version: 2.5, Updated on 2015/3/4 at 22:26:51
                                        (0005) ;;  Generated by PSoC Designer 5.4.3191
                                        (0006) ;;
                                        (0007) ;;  DESCRIPTION: PWM16 Interrupt Service Routine
                                        (0008) ;;-----------------------------------------------------------------------------
                                        (0009) ;;  Copyright (c) Cypress Semiconductor 2015. All Rights Reserved.
                                        (0010) ;;*****************************************************************************
                                        (0011) ;;*****************************************************************************
                                        (0012) 
                                        (0013) include "m8c.inc"
                                        (0014) include "PWM16_CH0.inc"
                                        (0015) include "memory.inc"
                                        (0016) 
                                        (0017) 
                                        (0018) ;-----------------------------------------------
                                        (0019) ;  Global Symbols
                                        (0020) ;-----------------------------------------------
                                        (0021) export  _PWM16_CH0_ISR
                                        (0022) 
                                        (0023) 
                                        (0024) AREA InterruptRAM (RAM,REL,CON)
                                        (0025) 
                                        (0026) ;@PSoC_UserCode_INIT@ (Do not change this line.)
                                        (0027) ;---------------------------------------------------
                                        (0028) ; Insert your custom declarations below this banner
                                        (0029) ;---------------------------------------------------
                                        (0030) 
                                        (0031) ;------------------------
                                        (0032) ; Includes
                                        (0033) ;------------------------
                                        (0034) 
                                        (0035) 	
                                        (0036) ;------------------------
                                        (0037) ;  Constant Definitions
                                        (0038) ;------------------------
                                        (0039) 
                                        (0040) 
                                        (0041) ;------------------------
                                        (0042) ; Variable Allocation
                                        (0043) ;------------------------
                                        (0044) 
                                        (0045) 
                                        (0046) ;---------------------------------------------------
                                        (0047) ; Insert your custom declarations above this banner
                                        (0048) ;---------------------------------------------------
                                        (0049) ;@PSoC_UserCode_END@ (Do not change this line.)
                                        (0050) 
                                        (0051) 
                                        (0052) AREA UserModules (ROM, REL)
                                        (0053) 
                                        (0054) ;-----------------------------------------------------------------------------
                                        (0055) ;  FUNCTION NAME: _PWM16_CH0_ISR
                                        (0056) ;
                                        (0057) ;  DESCRIPTION: Unless modified, this implements only a null handler stub.
                                        (0058) ;
                                        (0059) ;-----------------------------------------------------------------------------
                                        (0060) ;
                                        (0061) 
                                        (0062) _PWM16_CH0_ISR:
                                        (0063) 
                                        (0064)    ;@PSoC_UserCode_BODY@ (Do not change this line.)
                                        (0065)    ;---------------------------------------------------
                                        (0066)    ; Insert your custom assembly code below this banner
                                        (0067)    ;---------------------------------------------------
                                        (0068)    ;   NOTE: interrupt service routines must preserve
                                        (0069)    ;   the values of the A and X CPU registers.
                                        (0070)    
                                        (0071)    ;---------------------------------------------------
                                        (0072)    ; Insert your custom assembly code above this banner
                                        (0073)    ;---------------------------------------------------
                                        (0074)    
                                        (0075)    ;---------------------------------------------------
                                        (0076)    ; Insert a lcall to a C function below this banner
                                        (0077)    ; and un-comment the lines between these banners
                                        (0078)    ;---------------------------------------------------
                                        (0079)    
                                        (0080)    ;PRESERVE_CPU_CONTEXT
                                        (0081)    ;lcall _My_C_Function
                                        (0082)    ;RESTORE_CPU_CONTEXT
                                        (0083)    
                                        (0084)    ;---------------------------------------------------
                                        (0085)    ; Insert a lcall to a C function above this banner
                                        (0086)    ; and un-comment the lines between these banners
                                        (0087)    ;---------------------------------------------------
                                        (0088)    ;@PSoC_UserCode_END@ (Do not change this line.)
                                        (0089) 
0B02: 7E       RETI                     (0090)    reti
                                        (0091) 
                                        (0092) 
                                        (0093) ; end of file PWM16_CH0INT.asm
FILE: lib\pwm16_ch0.asm                 (0001) ;;*****************************************************************************
0B03: 43 E1 02 OR    REG[0xE1],0x2      (0002) ;;*****************************************************************************
                                        (0003) ;;  FILENAME: PWM16_CH0.asm
                                        (0004) ;;   Version: 2.5, Updated on 2015/3/4 at 22:26:51
                                        (0005) ;;  Generated by PSoC Designer 5.4.3191
                                        (0006) ;;
                                        (0007) ;;  DESCRIPTION: PWM16 User Module software implementation file
                                        (0008) ;;
                                        (0009) ;;  NOTE: User Module APIs conform to the fastcall16 convention for marshalling
                                        (0010) ;;        arguments and observe the associated "Registers are volatile" policy.
                                        (0011) ;;        This means it is the caller's responsibility to preserve any values
                                        (0012) ;;        in the X and A registers that are still needed after the API functions
                                        (0013) ;;        returns. For Large Memory Model devices it is also the caller's 
                                        (0014) ;;        responsibility to perserve any value in the CUR_PP, IDX_PP, MVR_PP and 
                                        (0015) ;;        MVW_PP registers. Even though some of these registers may not be modified
                                        (0016) ;;        now, there is no guarantee that will remain the case in future releases.
                                        (0017) ;;-----------------------------------------------------------------------------
                                        (0018) ;;  Copyright (c) Cypress Semiconductor 2015. All Rights Reserved.
                                        (0019) ;;*****************************************************************************
                                        (0020) ;;*****************************************************************************
                                        (0021) 
                                        (0022) include "m8c.inc"
                                        (0023) include "PWM16_CH0.inc"
                                        (0024) include "memory.inc"
                                        (0025) 
                                        (0026) ;-----------------------------------------------
                                        (0027) ;  Global Symbols
                                        (0028) ;-----------------------------------------------
                                        (0029) export  PWM16_CH0_EnableInt
                                        (0030) export _PWM16_CH0_EnableInt
                                        (0031) export  PWM16_CH0_DisableInt
                                        (0032) export _PWM16_CH0_DisableInt
                                        (0033) export  PWM16_CH0_Start
                                        (0034) export _PWM16_CH0_Start
                                        (0035) export  PWM16_CH0_Stop
                                        (0036) export _PWM16_CH0_Stop
                                        (0037) export  PWM16_CH0_WritePeriod
                                        (0038) export _PWM16_CH0_WritePeriod
                                        (0039) export  PWM16_CH0_WritePulseWidth
                                        (0040) export _PWM16_CH0_WritePulseWidth
                                        (0041) export  PWM16_CH0_wReadPulseWidth
                                        (0042) export _PWM16_CH0_wReadPulseWidth
                                        (0043) export  PWM16_CH0_wReadCounter
                                        (0044) export _PWM16_CH0_wReadCounter
                                        (0045) 
                                        (0046) ; The following functions are deprecated and subject to omission in future releases
                                        (0047) ;
                                        (0048) export  wPWM16_CH0_ReadPulseWidth    ; deprecated
                                        (0049) export _wPWM16_CH0_ReadPulseWidth    ; deprecated
                                        (0050) export  wPWM16_CH0_ReadCounter       ; deprecated
                                        (0051) export _wPWM16_CH0_ReadCounter       ; deprecated
                                        (0052) 
                                        (0053) 
                                        (0054) AREA fitolamp_slave_RAM (RAM,REL)
                                        (0055) 
                                        (0056) ;-----------------------------------------------
                                        (0057) ;  Constant Definitions
                                        (0058) ;-----------------------------------------------
                                        (0059) 
                                        (0060) INPUT_REG_NULL:                equ 0x00    ; Clear the input register
                                        (0061) 
                                        (0062) 
                                        (0063) ;-----------------------------------------------
                                        (0064) ; Variable Allocation
                                        (0065) ;-----------------------------------------------
                                        (0066) 
                                        (0067) 
                                        (0068) AREA UserModules (ROM, REL)
                                        (0069) 
                                        (0070) .SECTION
                                        (0071) ;-----------------------------------------------------------------------------
                                        (0072) ;  FUNCTION NAME: PWM16_CH0_EnableInt
                                        (0073) ;
                                        (0074) ;  DESCRIPTION:
                                        (0075) ;     Enables this PWM's interrupt by setting the interrupt enable mask bit
                                        (0076) ;     associated with this User Module. This function has no effect until and
                                        (0077) ;     unless the global interrupts are enabled (for example by using the
                                        (0078) ;     macro M8C_EnableGInt).
                                        (0079) ;-----------------------------------------------------------------------------
                                        (0080) ;
                                        (0081) ;  ARGUMENTS:    None.
                                        (0082) ;  RETURNS:      Nothing.
                                        (0083) ;  SIDE EFFECTS: 
                                        (0084) ;    The A and X registers may be modified by this or future implementations
                                        (0085) ;    of this function.  The same is true for all RAM page pointer registers in
                                        (0086) ;    the Large Memory Model.  When necessary, it is the calling function's
                                        (0087) ;    responsibility to perserve their values across calls to fastcall16 
                                        (0088) ;    functions.
                                        (0089) ;
                                        (0090)  PWM16_CH0_EnableInt:
                                        (0091) _PWM16_CH0_EnableInt:
                                        (0092)    RAM_PROLOGUE RAM_USE_CLASS_1
                                        (0093)    PWM16_CH0_EnableInt_M
                                        (0094)    RAM_EPILOGUE RAM_USE_CLASS_1
0B06: 7F       RET                      (0095)    ret
0B07: 41 E1 FD AND   REG[0xE1],0xFD     
                                        (0096) 
                                        (0097) 
                                        (0098) .ENDSECTION
                                        (0099) 
                                        (0100) .SECTION
                                        (0101) ;-----------------------------------------------------------------------------
                                        (0102) ;  FUNCTION NAME: PWM16_CH0_DisableInt
                                        (0103) ;
                                        (0104) ;  DESCRIPTION:
                                        (0105) ;     Disables this PWM's interrupt by clearing the interrupt enable
                                        (0106) ;     mask bit associated with this User Module.
                                        (0107) ;-----------------------------------------------------------------------------
                                        (0108) ;
                                        (0109) ;  ARGUMENTS:    None
                                        (0110) ;  RETURNS:      Nothing
                                        (0111) ;  SIDE EFFECTS:
                                        (0112) ;    The A and X registers may be modified by this or future implementations
                                        (0113) ;    of this function.  The same is true for all RAM page pointer registers in
                                        (0114) ;    the Large Memory Model.  When necessary, it is the calling function's
                                        (0115) ;    responsibility to perserve their values across calls to fastcall16 
                                        (0116) ;    functions.
                                        (0117) ;
                                        (0118)  PWM16_CH0_DisableInt:
                                        (0119) _PWM16_CH0_DisableInt:
                                        (0120)    RAM_PROLOGUE RAM_USE_CLASS_1
                                        (0121)    PWM16_CH0_DisableInt_M
                                        (0122)    RAM_EPILOGUE RAM_USE_CLASS_1
0B0A: 7F       RET                      (0123)    ret
0B0B: 43 23 01 OR    REG[0x23],0x1      
                                        (0124) 
                                        (0125) 
                                        (0126) .ENDSECTION
                                        (0127) 
                                        (0128) .SECTION
                                        (0129) ;-----------------------------------------------------------------------------
                                        (0130) ;  FUNCTION NAME: PWM16_CH0_Start
                                        (0131) ;
                                        (0132) ;  DESCRIPTION:
                                        (0133) ;     Sets the start bit in the Control register of this user module.  The
                                        (0134) ;     PWM will begin counting on the next input clock as soon as the
                                        (0135) ;     enable input is asserted high.
                                        (0136) ;-----------------------------------------------------------------------------
                                        (0137) ;
                                        (0138) ;  ARGUMENTS:    None
                                        (0139) ;  RETURNS:      Nothing
                                        (0140) ;  SIDE EFFECTS:
                                        (0141) ;    The A and X registers may be modified by this or future implementations
                                        (0142) ;    of this function.  The same is true for all RAM page pointer registers in
                                        (0143) ;    the Large Memory Model.  When necessary, it is the calling function's
                                        (0144) ;    responsibility to perserve their values across calls to fastcall16 
                                        (0145) ;    functions.
                                        (0146) ;
                                        (0147)  PWM16_CH0_Start:
                                        (0148) _PWM16_CH0_Start:
                                        (0149)    RAM_PROLOGUE RAM_USE_CLASS_1
                                        (0150)    PWM16_CH0_Start_M
                                        (0151)    RAM_EPILOGUE RAM_USE_CLASS_1
0B0E: 7F       RET                      (0152)    ret
0B0F: 41 23 FE AND   REG[0x23],0xFE     
                                        (0153) 
                                        (0154) 
                                        (0155) .ENDSECTION
                                        (0156) 
                                        (0157) .SECTION
                                        (0158) ;-----------------------------------------------------------------------------
                                        (0159) ;  FUNCTION NAME: PWM16_CH0_Stop
                                        (0160) ;
                                        (0161) ;  DESCRIPTION:
                                        (0162) ;     Disables PWM operation by clearing the start bit in the Control
                                        (0163) ;     register of the LSB block.
                                        (0164) ;-----------------------------------------------------------------------------
                                        (0165) ;
                                        (0166) ;  ARGUMENTS:    None
                                        (0167) ;  RETURNS:      Nothing
                                        (0168) ;  SIDE EFFECTS:
                                        (0169) ;    The A and X registers may be modified by this or future implementations
                                        (0170) ;    of this function.  The same is true for all RAM page pointer registers in
                                        (0171) ;    the Large Memory Model.  When necessary, it is the calling function's
                                        (0172) ;    responsibility to perserve their values across calls to fastcall16 
                                        (0173) ;    functions.
                                        (0174) ;
                                        (0175)  PWM16_CH0_Stop:
                                        (0176) _PWM16_CH0_Stop:
                                        (0177)    RAM_PROLOGUE RAM_USE_CLASS_1
                                        (0178)    PWM16_CH0_Stop_M
                                        (0179)    RAM_EPILOGUE RAM_USE_CLASS_1
0B12: 7F       RET                      (0180)    ret
                                        (0181) 
                                        (0182) 
                                        (0183) .ENDSECTION
                                        (0184) 
                                        (0185) .SECTION
                                        (0186) ;-----------------------------------------------------------------------------
                                        (0187) ;  FUNCTION NAME: PWM16_CH0_WritePeriod
                                        (0188) ;
                                        (0189) ;  DESCRIPTION:
                                        (0190) ;     Write the 16-bit period value into the Period register (DR1).
                                        (0191) ;-----------------------------------------------------------------------------
                                        (0192) ;
                                        (0193) ;  ARGUMENTS: fastcall16 WORD wPeriodValue (LSB in A, MSB in X)
                                        (0194) ;  RETURNS:   Nothing
                                        (0195) ;  SIDE EFFECTS:
                                        (0196) ;    If the PWM user module is stopped, then this value will also be
                                        (0197) ;    latched into the Count registers (DR0).
                                        (0198) ;    
                                        (0199) ;    The A and X registers may be modified by this or future implementations
                                        (0200) ;    of this function.  The same is true for all RAM page pointer registers in
                                        (0201) ;    the Large Memory Model.  When necessary, it is the calling function's
                                        (0202) ;    responsibility to perserve their values across calls to fastcall16 
                                        (0203) ;    functions.
                                        (0204) ;
                                        (0205)  PWM16_CH0_WritePeriod:
                                        (0206) _PWM16_CH0_WritePeriod:
                                        (0207)    RAM_PROLOGUE RAM_USE_CLASS_1
0B13: 60 21    MOV   REG[0x21],A        (0208)    mov   reg[PWM16_CH0_PERIOD_LSB_REG], A
0B15: 5B       MOV   A,X                (0209)    mov   A, X
0B16: 60 25    MOV   REG[0x25],A        (0210)    mov   reg[PWM16_CH0_PERIOD_MSB_REG], A
                                        (0211)    RAM_EPILOGUE RAM_USE_CLASS_1
0B18: 7F       RET                      (0212)    ret
                                        (0213) 
                                        (0214) 
                                        (0215) .ENDSECTION
                                        (0216) 
                                        (0217) .SECTION
                                        (0218) ;-----------------------------------------------------------------------------
                                        (0219) ;  FUNCTION NAME: PWM16_CH0_WritePulseWidth
                                        (0220) ;
                                        (0221) ;  DESCRIPTION:
                                        (0222) ;     Writes the pulse width value into the Compare register (DR2).
                                        (0223) ;-----------------------------------------------------------------------------
                                        (0224) ;
                                        (0225) ;  ARGUMENTS:    fastcall16 WORD wCompareValue (LSB in A, MSB in X)
                                        (0226) ;  RETURNS:      Nothing
                                        (0227) ;  SIDE EFFECTS:
                                        (0228) ;    The A and X registers may be modified by this or future implementations
                                        (0229) ;    of this function.  The same is true for all RAM page pointer registers in
                                        (0230) ;    the Large Memory Model.  When necessary, it is the calling function's
                                        (0231) ;    responsibility to perserve their values across calls to fastcall16 
                                        (0232) ;    functions.
                                        (0233) ;
                                        (0234)  PWM16_CH0_WritePulseWidth:
                                        (0235) _PWM16_CH0_WritePulseWidth:
                                        (0236)    RAM_PROLOGUE RAM_USE_CLASS_1
0B19: 60 22    MOV   REG[0x22],A        (0237)    mov   reg[PWM16_CH0_COMPARE_LSB_REG], A
0B1B: 5B       MOV   A,X                (0238)    mov   A, X
0B1C: 60 26    MOV   REG[0x26],A        (0239)    mov   reg[PWM16_CH0_COMPARE_MSB_REG], A
                                        (0240)    RAM_EPILOGUE RAM_USE_CLASS_1
0B1E: 7F       RET                      (0241)    ret
                                        (0242) 
                                        (0243) 
                                        (0244) .ENDSECTION
                                        (0245) 
                                        (0246) .SECTION
                                        (0247) ;-----------------------------------------------------------------------------
                                        (0248) ;  FUNCTION NAME: PWM16_CH0_wReadPulseWidth
                                        (0249) ;
                                        (0250) ;  DESCRIPTION:
                                        (0251) ;     Reads the Compare register.
                                        (0252) ;-----------------------------------------------------------------------------
                                        (0253) ;
                                        (0254) ;  ARGUMENTS:    None
                                        (0255) ;  RETURNS:      fastcall16 WORD wCompareValue (value of DR2 in the X & A registers)
                                        (0256) ;  SIDE EFFECTS:
                                        (0257) ;    The A and X registers may be modified by this or future implementations
                                        (0258) ;    of this function.  The same is true for all RAM page pointer registers in
                                        (0259) ;    the Large Memory Model.  When necessary, it is the calling function's
                                        (0260) ;    responsibility to perserve their values across calls to fastcall16 
                                        (0261) ;    functions.
                                        (0262) ;
                                        (0263)  PWM16_CH0_wReadPulseWidth:
                                        (0264) _PWM16_CH0_wReadPulseWidth:
                                        (0265)  wPWM16_CH0_ReadPulseWidth:                      ; this name deprecated
                                        (0266) _wPWM16_CH0_ReadPulseWidth:                      ; this name deprecated
                                        (0267)    RAM_PROLOGUE RAM_USE_CLASS_1
0B1F: 5D 26    MOV   A,REG[0x26]        (0268)    mov   A, reg[PWM16_CH0_COMPARE_MSB_REG]
0B21: 5C       MOV   X,A                (0269)    mov   X, A
0B22: 5D 22    MOV   A,REG[0x22]        (0270)    mov   A, reg[PWM16_CH0_COMPARE_LSB_REG]
                                        (0271)    RAM_EPILOGUE RAM_USE_CLASS_1
0B24: 7F       RET                      (0272)    ret
                                        (0273) 
                                        (0274) 
                                        (0275) .ENDSECTION
                                        (0276) 
                                        (0277) .SECTION
                                        (0278) ;-----------------------------------------------------------------------------
                                        (0279) ;  FUNCTION NAME: PWM16_CH0_wReadCounter
                                        (0280) ;
                                        (0281) ;  DESCRIPTION:
                                        (0282) ;     Returns the value in the Count register (DR0), preserving the value in
                                        (0283) ;     the compare register (DR2). Interrupts are prevented during the transfer
                                        (0284) ;     from the Count to the Compare register by holding the clock low in
                                        (0285) ;     the MSB PSoC block.
                                        (0286) ;-----------------------------------------------------------------------------
                                        (0287) ;
                                        (0288) ;  ARGUMENTS: None
                                        (0289) ;  RETURNS:   fastcall16 WORD wCount (value of DR0 in the X & A registers)
                                        (0290) ;  SIDE EFFECTS:
                                        (0291) ;     1) The user module is stopped momentarily and one or more counts may be missed.
                                        (0292) ;     2) The A and X registers may be modified by this or future implementations
                                        (0293) ;        of this function.  The same is true for all RAM page pointer registers in
                                        (0294) ;        the Large Memory Model.  When necessary, it is the calling function's
                                        (0295) ;        responsibility to perserve their values across calls to fastcall16 
                                        (0296) ;        functions.
                                        (0297) ;
                                        (0298)  PWM16_CH0_wReadCounter:
                                        (0299) _PWM16_CH0_wReadCounter:
                                        (0300)  wPWM16_CH0_ReadCounter:                         ; this name deprecated
                                        (0301) _wPWM16_CH0_ReadCounter:                         ; this name deprecated
                                        (0302) 
                                        (0303)    bOrigCompareValue:      EQU   0                  ; Frame offset to temp Compare store
                                        (0304)    bOrigClockSetting:      EQU   2                  ; Frame offset to temp Input   store
                                        (0305)    wCounter:               EQU   3                  ; Frame offset to temp Count   store
                                        (0306)    STACK_FRAME_SIZE:       EQU   5                  ; max stack frame size is 5 bytes
                                        (0307) 
                                        (0308)    RAM_PROLOGUE RAM_USE_CLASS_2
0B25: 4F       MOV   X,SP               (0309)    mov   X, SP                                      ; X <-  stack frame pointer
0B26: 5D 26    MOV   A,REG[0x26]        (0310)    mov   A, reg[PWM16_CH0_COMPARE_MSB_REG]       ; Save the Compare register on the stack
0B28: 08       PUSH  A                  (0311)    push  A                                          ;
0B29: 5D 22    MOV   A,REG[0x22]        (0312)    mov   A, reg[PWM16_CH0_COMPARE_LSB_REG]       ;
0B2B: 08       PUSH  A                  (0313)    push  A                                          ;  -stack frame now 2 bytes-
0B2C: 41 23 FE AND   REG[0x23],0xFE     
0B2F: 71 10    OR    F,0x10             
                                        (0314)    PWM16_CH0_Stop_M                              ; Disable the PWM function
                                        (0315)    M8C_SetBank1                                     ;
0B31: 5D 21    MOV   A,REG[0x21]        (0316)    mov   A, reg[PWM16_CH0_INPUT_LSB_REG]         ; save the LSB clock input setting
0B33: 08       PUSH  A                  (0317)    push  A                                          ;   on the stack (now 3 bytes) and ...
                                        (0318)                                                     ;   hold the clock low:
0B34: 62 21 00 MOV   REG[0x21],0x0      (0319)    mov   reg[PWM16_CH0_INPUT_LSB_REG], INPUT_REG_NULL
0B37: 70 EF    AND   F,0xEF             
                                        (0320)    M8C_SetBank0                                     ; Extract the Count via DR2 register
0B39: 5D 24    MOV   A,REG[0x24]        (0321)    mov   A, reg[PWM16_CH0_COUNTER_MSB_REG]       ; DR2 <- DR0 (in the MSB block)
0B3B: 5D 26    MOV   A,REG[0x26]        (0322)    mov   A, reg[PWM16_CH0_COMPARE_MSB_REG]       ; Stash the Count MSB on the stack
0B3D: 08       PUSH  A                  (0323)    push  A                                          ;  -stack frame is now 4 bytes
0B3E: 5D 20    MOV   A,REG[0x20]        (0324)    mov   A, reg[PWM16_CH0_COUNTER_LSB_REG]       ; DR2 <- DR0 (in the LSB block)
0B40: 5D 22    MOV   A,REG[0x22]        (0325)    mov   A, reg[PWM16_CH0_COMPARE_LSB_REG]       ; Stash the Count LSB on the stack
0B42: 08       PUSH  A                  (0326)    push  A                                          ;   -stack frame is now 5 bytes-
0B43: 52 00    MOV   A,[X+0]            (0327)    mov   A, [X+bOrigCompareValue]                   ; Restore the Compare MSB register
0B45: 60 26    MOV   REG[0x26],A        (0328)    mov   reg[PWM16_CH0_COMPARE_MSB_REG], A       ;
0B47: 52 01    MOV   A,[X+1]            (0329)    mov   A, [X+bOrigCompareValue+1]                 ; Restore the Compare LSB register
0B49: 60 22    MOV   REG[0x22],A        (0330)    mov   reg[PWM16_CH0_COMPARE_LSB_REG], A       ;
0B4B: 71 10    OR    F,0x10             
                                        (0331)    M8C_SetBank1                                     ; ---Restore the PWM operation
0B4D: 52 02    MOV   A,[X+2]            (0332)    mov   A, [X+bOrigClockSetting]                   ; Grab the LSB clock setting...
0B4F: 60 21    MOV   REG[0x21],A        (0333)    mov   reg[PWM16_CH0_INPUT_LSB_REG], A         ;    and restore it
0B51: 70 EF    AND   F,0xEF             
0B53: 43 23 01 OR    REG[0x23],0x1      
                                        (0334)    M8C_SetBank0                                     ;
                                        (0335)    PWM16_CH0_Start_M                             ; Now re-enable the PWM function
0B56: 18       POP   A                  (0336)    pop   A                                          ; Setup the return value
0B57: 20       POP   X                  (0337)    pop   X                                          ;
0B58: 38 FD    ADD   SP,0xFD            (0338)    ADD   SP, -(STACK_FRAME_SIZE-2)                  ; Zap remainder of stack frame
0B5A: 70 3F    AND   F,0x3F             
0B5C: 71 C0    OR    F,0xC0             
                                        (0339)    RAM_EPILOGUE RAM_USE_CLASS_2
0B5E: 7F       RET                      (0340)    ret
                                        (0341) 
                                        (0342) .ENDSECTION
                                        (0343) 
                                        (0344) ; End of File PWM16_CH0.asm
FILE: lib\led_blue.asm                  (0001) ;;*****************************************************************************
                                        (0002) ;;*****************************************************************************
                                        (0003) ;;  FILENAME:   LED_Blue.asm
                                        (0004) ;;  Version: 2.00, Updated on 2015/3/4 at 22:26:37
                                        (0005) ;;  Generated by PSoC Designer 5.4.3191
                                        (0006) ;;
                                        (0007) ;;  DESCRIPTION: LED user module.
                                        (0008) ;;
                                        (0009) ;;
                                        (0010) ;;  NOTE: User Module APIs conform to the fastcall16 convention for marshalling
                                        (0011) ;;        arguments and observe the associated "Registers are volatile" policy.
                                        (0012) ;;        This means it is the caller's responsibility to preserve any values
                                        (0013) ;;        in the X and A registers that are still needed after the API functions
                                        (0014) ;;        returns. For Large Memory Model devices it is also the caller's 
                                        (0015) ;;        responsibility to perserve any value in the CUR_PP, IDX_PP, MVR_PP and 
                                        (0016) ;;        MVW_PP registers. Even though some of these registers may not be modified
                                        (0017) ;;        now, there is no guarantee that will remain the case in future releases.
                                        (0018) ;;-----------------------------------------------------------------------------
                                        (0019) ;;  Copyright (c) Cypress Semiconductor 2015. All Rights Reserved.
                                        (0020) ;;*****************************************************************************
                                        (0021) ;;*****************************************************************************
                                        (0022) 
                                        (0023) include "LED_Blue.inc"
                                        (0024) include "memory.inc"
                                        (0025) 
                                        (0026) export _LED_Blue_Start
                                        (0027) export  LED_Blue_Start
                                        (0028) 
                                        (0029) export _LED_Blue_Stop
                                        (0030) export  LED_Blue_Stop
                                        (0031) 
                                        (0032) export _LED_Blue_On
                                        (0033) export  LED_Blue_On
                                        (0034) 
                                        (0035) export _LED_Blue_Off
                                        (0036) export  LED_Blue_Off
                                        (0037) 
                                        (0038) export _LED_Blue_Switch
                                        (0039) export  LED_Blue_Switch
                                        (0040) 
                                        (0041) export _LED_Blue_Invert
                                        (0042) export  LED_Blue_Invert
                                        (0043) 
                                        (0044) export _LED_Blue_GetState
                                        (0045) export  LED_Blue_GetState
                                        (0046) 
                                        (0047) 
                                        (0048) AREA UserModules (ROM, REL)
                                        (0049) 
                                        (0050) 
                                        (0051) .SECTION
                                        (0052) ;-----------------------------------------------------------------------------
                                        (0053) ;  FUNCTION NAME: LED_Blue_Start(void)
                                        (0054) ;  FUNCTION NAME: LED_Blue_Stop(void)
                                        (0055) ;
                                        (0056) ;  FUNCTION NAME: LED_Blue_Switch(void)
                                        (0057) ;
                                        (0058) ;  DESCRIPTION: ( Switch )
                                        (0059) ;     Turn LED on or off     
                                        (0060) ;
                                        (0061) ;  DESCRIPTION: ( Start, Stop )
                                        (0062) ;     Turn LED off                       
                                        (0063) ;
                                        (0064) ;-----------------------------------------------------------------------------
                                        (0065) ;
                                        (0066) ;  ARGUMENTS:  ( Switch )
                                        (0067) ;     A => If 0, turn off LED, if > 0 turn on LED
                                        (0068) ;
                                        (0069) ;  ARGUMENTS:  ( Start, Stop )
                                        (0070) ;      None
                                        (0071) ;
                                        (0072) ;  RETURNS:  none
                                        (0073) ;
                                        (0074) ;  SIDE EFFECTS:
                                        (0075) ;    REGISTERS ARE VOLATILE: THE A AND X REGISTERS MAY BE MODIFIED!
                                        (0076) ;
                                        (0077) ;-----------------------------------------------------------------------------
                                        (0078) _LED_Blue_On:
                                        (0079)  LED_Blue_On:
0B5F: 50 01    MOV   A,0x1              (0080)    mov  A,0x01
0B61: 80 03    JMP   _LED_Blue_Switch   (0081)    jmp  LED_Blue_Switch 
                                        (0082) 
                                        (0083) _LED_Blue_Start:
                                        (0084)  LED_Blue_Start:
                                        (0085) _LED_Blue_Stop:
                                        (0086)  LED_Blue_Stop:
                                        (0087) _LED_Blue_Off:
                                        (0088)  LED_Blue_Off:
0B63: 50 00    MOV   A,0x0              (0089)    mov  A,0x00
0B65: 62 D0 00 MOV   REG[0xD0],0x0      
                                        (0090) 
                                        (0091) _LED_Blue_Switch:
                                        (0092)  LED_Blue_Switch:
                                        (0093)    RAM_PROLOGUE RAM_USE_CLASS_4
                                        (0094)    RAM_PROLOGUE RAM_USE_CLASS_2
                                        (0095)    RAM_SETPAGE_CUR >Port_1_Data_SHADE
                                        (0096) 
0B68: 29 00    OR    A,0x0              (0097)    or   A,0x00                                   ; Check mode
0B6A: A0 06    JZ    0x0B71             (0098)    jz   .Turn_Off_LED
                                        (0099) 
                                        (0100) .Turn_On_LED:
                                        (0101) IF(0)                                            ; Active High Digit Drive
                                        (0102)    or   [Port_1_Data_SHADE],LED_Blue_PinMask
                                        (0103) ELSE                                             ; Active Low Digit Drive
0B6C: 26 04 EF AND   [0x4],0xEF         (0104)    and  [Port_1_Data_SHADE],~LED_Blue_PinMask
                                        (0105) ENDIF
0B6F: 80 04    JMP   0x0B74             (0106)    jmp  .Switch_LED
                                        (0107) 
                                        (0108) .Turn_Off_LED:
                                        (0109) IF(0)                      ; Active High Digit Drive
                                        (0110)    and  [Port_1_Data_SHADE],~LED_Blue_PinMask
                                        (0111) ELSE                              ; Active Low Digit Drive
0B71: 2E 04 10 OR    [0x4],0x10         (0112)    or   [Port_1_Data_SHADE],LED_Blue_PinMask
                                        (0113) ENDIF
                                        (0114) 
                                        (0115) .Switch_LED:
0B74: 51 04    MOV   A,[0x4]            (0116)    mov  A,[Port_1_Data_SHADE]
0B76: 60 04    MOV   REG[0x4],A         (0117)    mov  reg[LED_Blue_PortDR],A
0B78: 70 3F    AND   F,0x3F             
0B7A: 71 C0    OR    F,0xC0             
                                        (0118) 
                                        (0119)    RAM_EPILOGUE RAM_USE_CLASS_2
                                        (0120)    RAM_EPILOGUE RAM_USE_CLASS_4
0B7C: 7F       RET                      (0121)    ret
0B7D: 62 D0 00 MOV   REG[0xD0],0x0      
                                        (0122) .ENDSECTION
                                        (0123) 
                                        (0124) 
                                        (0125) 
                                        (0126) .SECTION
                                        (0127) ;-----------------------------------------------------------------------------
                                        (0128) ;  FUNCTION NAME: LED_Blue_Invert(void)
                                        (0129) ;
                                        (0130) ;  DESCRIPTION:
                                        (0131) ;     Invert state of LED                               
                                        (0132) ;
                                        (0133) ;-----------------------------------------------------------------------------
                                        (0134) ;
                                        (0135) ;  ARGUMENTS: none
                                        (0136) ;
                                        (0137) ;  RETURNS:  none
                                        (0138) ;
                                        (0139) ;  SIDE EFFECTS:
                                        (0140) ;    REGISTERS ARE VOLATILE: THE A AND X REGISTERS MAY BE MODIFIED!
                                        (0141) ;
                                        (0142) ;-----------------------------------------------------------------------------
                                        (0143) _LED_Blue_Invert:
                                        (0144)  LED_Blue_Invert:
                                        (0145)    RAM_PROLOGUE RAM_USE_CLASS_4
                                        (0146)    RAM_PROLOGUE RAM_USE_CLASS_2
                                        (0147)    RAM_SETPAGE_CUR >Port_1_Data_SHADE
                                        (0148) 
0B80: 36 04 10 XOR   [0x4],0x10         (0149)    xor  [Port_1_Data_SHADE],LED_Blue_PinMask
0B83: 51 04    MOV   A,[0x4]            (0150)    mov  A,[Port_1_Data_SHADE]
0B85: 60 04    MOV   REG[0x4],A         (0151)    mov  reg[LED_Blue_PortDR],A
0B87: 70 3F    AND   F,0x3F             
0B89: 71 C0    OR    F,0xC0             
                                        (0152) 
                                        (0153)    RAM_EPILOGUE RAM_USE_CLASS_2
                                        (0154)    RAM_EPILOGUE RAM_USE_CLASS_4
0B8B: 7F       RET                      (0155)    ret
0B8C: 62 D0 00 MOV   REG[0xD0],0x0      
                                        (0156) .ENDSECTION
                                        (0157) 
                                        (0158) .SECTION
                                        (0159) ;-----------------------------------------------------------------------------
                                        (0160) ;  FUNCTION NAME: LED_Blue_GetState(void)
                                        (0161) ;
                                        (0162) ;  DESCRIPTION:
                                        (0163) ;     Get state of LED
                                        (0164) ;
                                        (0165) ;-----------------------------------------------------------------------------
                                        (0166) ;
                                        (0167) ;  ARGUMENTS: none
                                        (0168) ;
                                        (0169) ;  RETURNS:  
                                        (0170) ;    State of LED   1 = ON,  0 = OFF
                                        (0171) ;
                                        (0172) ;  SIDE EFFECTS:
                                        (0173) ;    REGISTERS ARE VOLATILE: THE A AND X REGISTERS MAY BE MODIFIED!
                                        (0174) ;
                                        (0175) ;-----------------------------------------------------------------------------
                                        (0176) _LED_Blue_GetState:
                                        (0177)  LED_Blue_GetState:
                                        (0178)    RAM_PROLOGUE RAM_USE_CLASS_4
                                        (0179)    RAM_PROLOGUE RAM_USE_CLASS_2
                                        (0180)    RAM_SETPAGE_CUR >Port_1_Data_SHADE
                                        (0181) 
0B8F: 51 04    MOV   A,[0x4]            (0182)    mov   A,[Port_1_Data_SHADE]         ; Get shade value
                                        (0183) IF(0)                                  ; Active High Digit Drive
                                        (0184)    // Nothing for now
                                        (0185) ELSE                                   ; Active Low Digit Drive
0B91: 73       CPL   A                  (0186)    cpl   A                             ; Invert bit if Active low
                                        (0187) ENDIF
0B92: 21 10    AND   A,0x10             (0188)    and   A,LED_Blue_PinMask            ; Mask off the trash
0B94: A0 03    JZ    0x0B98             (0189)    jz    .End_LED_GS                   ; If zero, we're done
0B96: 50 01    MOV   A,0x1              (0190)    mov   A,0x01                        ; Return a 1 no mater what the mask is.
0B98: 70 3F    AND   F,0x3F             
0B9A: 71 C0    OR    F,0xC0             
                                        (0191) 
                                        (0192) .End_LED_GS:
                                        (0193)    RAM_EPILOGUE RAM_USE_CLASS_2
                                        (0194)    RAM_EPILOGUE RAM_USE_CLASS_4
0B9C: 7F       RET                      (0195)    ret
FILE: lib\counter8_rf_clkint.asm        (0001) ;;*****************************************************************************
                                        (0002) ;;*****************************************************************************
                                        (0003) ;;  FILENAME: Counter8_RF_clkINT.asm
                                        (0004) ;;   Version: 2.60, Updated on 2015/3/4 at 22:23:47
                                        (0005) ;;  Generated by PSoC Designer 5.4.3191
                                        (0006) ;;
                                        (0007) ;;  DESCRIPTION: Counter8 Interrupt Service Routine
                                        (0008) ;;-----------------------------------------------------------------------------
                                        (0009) ;;  Copyright (c) Cypress Semiconductor 2015. All Rights Reserved.
                                        (0010) ;;*****************************************************************************
                                        (0011) ;;*****************************************************************************
                                        (0012) 
                                        (0013) include "m8c.inc"
                                        (0014) include "memory.inc"
                                        (0015) include "Counter8_RF_clk.inc"
                                        (0016) 
                                        (0017) 
                                        (0018) ;-----------------------------------------------
                                        (0019) ;  Global Symbols
                                        (0020) ;-----------------------------------------------
                                        (0021) export  _Counter8_RF_clk_ISR
                                        (0022) 
                                        (0023) 
                                        (0024) AREA InterruptRAM (RAM,REL,CON)
                                        (0025) 
                                        (0026) ;@PSoC_UserCode_INIT@ (Do not change this line.)
                                        (0027) ;---------------------------------------------------
                                        (0028) ; Insert your custom declarations below this banner
                                        (0029) ;---------------------------------------------------
                                        (0030) 
                                        (0031) ;------------------------
                                        (0032) ; Includes
                                        (0033) ;------------------------
                                        (0034) 
                                        (0035) 	
                                        (0036) ;------------------------
                                        (0037) ;  Constant Definitions
                                        (0038) ;------------------------
                                        (0039) 
                                        (0040) 
                                        (0041) ;------------------------
                                        (0042) ; Variable Allocation
                                        (0043) ;------------------------
                                        (0044) 
                                        (0045) 
                                        (0046) ;---------------------------------------------------
                                        (0047) ; Insert your custom declarations above this banner
                                        (0048) ;---------------------------------------------------
                                        (0049) ;@PSoC_UserCode_END@ (Do not change this line.)
                                        (0050) 
                                        (0051) 
                                        (0052) AREA UserModules (ROM, REL)
                                        (0053) 
                                        (0054) ;-----------------------------------------------------------------------------
                                        (0055) ;  FUNCTION NAME: _Counter8_RF_clk_ISR
                                        (0056) ;
                                        (0057) ;  DESCRIPTION: Unless modified, this implements only a null handler stub.
                                        (0058) ;
                                        (0059) ;-----------------------------------------------------------------------------
                                        (0060) ;
                                        (0061) 
                                        (0062) _Counter8_RF_clk_ISR:
                                        (0063) 
                                        (0064)    ;@PSoC_UserCode_BODY@ (Do not change this line.)
                                        (0065)    ;---------------------------------------------------
                                        (0066)    ; Insert your custom assembly code below this banner
                                        (0067)    ;---------------------------------------------------
                                        (0068)    ;   NOTE: interrupt service routines must preserve
                                        (0069)    ;   the values of the A and X CPU registers.
                                        (0070)    
                                        (0071)    ;---------------------------------------------------
                                        (0072)    ; Insert your custom assembly code above this banner
                                        (0073)    ;---------------------------------------------------
                                        (0074)    
                                        (0075)    ;---------------------------------------------------
                                        (0076)    ; Insert a lcall to a C function below this banner
                                        (0077)    ; and un-comment the lines between these banners
                                        (0078)    ;---------------------------------------------------
                                        (0079)    
                                        (0080)    ;PRESERVE_CPU_CONTEXT
                                        (0081)    ;lcall _My_C_Function
                                        (0082)    ;RESTORE_CPU_CONTEXT
                                        (0083)    
                                        (0084)    ;---------------------------------------------------
                                        (0085)    ; Insert a lcall to a C function above this banner
                                        (0086)    ; and un-comment the lines between these banners
                                        (0087)    ;---------------------------------------------------
                                        (0088)    ;@PSoC_UserCode_END@ (Do not change this line.)
                                        (0089) 
0B9D: 7E       RETI                     (0090)    reti
                                        (0091) 
                                        (0092) 
                                        (0093) ; end of file Counter8_RF_clkINT.asm
FILE: lib\counter8_rf_clk.asm           (0001) ;;*****************************************************************************
0B9E: 43 DF 01 OR    REG[0xDF],0x1      (0002) ;;*****************************************************************************
                                        (0003) ;;  FILENAME: Counter8_RF_clk.asm
                                        (0004) ;;   Version: 2.60, Updated on 2015/3/4 at 22:23:47
                                        (0005) ;;  Generated by PSoC Designer 5.4.3191
                                        (0006) ;;
                                        (0007) ;;  DESCRIPTION: Counter8 User Module software implementation file
                                        (0008) ;;
                                        (0009) ;;  NOTE: User Module APIs conform to the fastcall16 convention for marshalling
                                        (0010) ;;        arguments and observe the associated "Registers are volatile" policy.
                                        (0011) ;;        This means it is the caller's responsibility to preserve any values
                                        (0012) ;;        in the X and A registers that are still needed after the API functions
                                        (0013) ;;        returns. For Large Memory Model devices it is also the caller's 
                                        (0014) ;;        responsibility to perserve any value in the CUR_PP, IDX_PP, MVR_PP and 
                                        (0015) ;;        MVW_PP registers. Even though some of these registers may not be modified
                                        (0016) ;;        now, there is no guarantee that will remain the case in future releases.
                                        (0017) ;;-----------------------------------------------------------------------------
                                        (0018) ;;  Copyright (c) Cypress Semiconductor 2015. All Rights Reserved.
                                        (0019) ;;*****************************************************************************
                                        (0020) ;;*****************************************************************************
                                        (0021) 
                                        (0022) include "m8c.inc"
                                        (0023) include "memory.inc"
                                        (0024) include "Counter8_RF_clk.inc"
                                        (0025) 
                                        (0026) ;-----------------------------------------------
                                        (0027) ;  Global Symbols
                                        (0028) ;-----------------------------------------------
                                        (0029) export  Counter8_RF_clk_EnableInt
                                        (0030) export _Counter8_RF_clk_EnableInt
                                        (0031) export  Counter8_RF_clk_DisableInt
                                        (0032) export _Counter8_RF_clk_DisableInt
                                        (0033) export  Counter8_RF_clk_Start
                                        (0034) export _Counter8_RF_clk_Start
                                        (0035) export  Counter8_RF_clk_Stop
                                        (0036) export _Counter8_RF_clk_Stop
                                        (0037) export  Counter8_RF_clk_WritePeriod
                                        (0038) export _Counter8_RF_clk_WritePeriod
                                        (0039) export  Counter8_RF_clk_WriteCompareValue
                                        (0040) export _Counter8_RF_clk_WriteCompareValue
                                        (0041) export  Counter8_RF_clk_bReadCompareValue
                                        (0042) export _Counter8_RF_clk_bReadCompareValue
                                        (0043) export  Counter8_RF_clk_bReadCounter
                                        (0044) export _Counter8_RF_clk_bReadCounter
                                        (0045) 
                                        (0046) ; The following functions are deprecated and subject to omission in future releases
                                        (0047) ;
                                        (0048) export  bCounter8_RF_clk_ReadCompareValue  ; deprecated
                                        (0049) export _bCounter8_RF_clk_ReadCompareValue  ; deprecated
                                        (0050) export  bCounter8_RF_clk_ReadCounter       ; deprecated
                                        (0051) export _bCounter8_RF_clk_ReadCounter       ; deprecated
                                        (0052) 
                                        (0053) ;-----------------------------------------------
                                        (0054) ;  Constant Definitions
                                        (0055) ;-----------------------------------------------
                                        (0056) INPUT_REG_NULL:                equ 0x00    ; Clear the input register
                                        (0057) 
                                        (0058) 
                                        (0059) AREA UserModules (ROM, REL)
                                        (0060) 
                                        (0061) .SECTION
                                        (0062) ;-----------------------------------------------------------------------------
                                        (0063) ;  FUNCTION NAME: Counter8_RF_clk_EnableInt
                                        (0064) ;
                                        (0065) ;  DESCRIPTION:
                                        (0066) ;     Enables this counter's interrupt by setting the interrupt enable mask bit
                                        (0067) ;     associated with this User Module. This function has no effect until and
                                        (0068) ;     unless the global interrupts are enabled (for example by using the
                                        (0069) ;     macro M8C_EnableGInt).
                                        (0070) ;-----------------------------------------------------------------------------
                                        (0071) ;
                                        (0072) ;  ARGUMENTS:    None.
                                        (0073) ;  RETURNS:      Nothing.
                                        (0074) ;  SIDE EFFECTS: 
                                        (0075) ;    The A and X registers may be modified by this or future implementations
                                        (0076) ;    of this function.  The same is true for all RAM page pointer registers in
                                        (0077) ;    the Large Memory Model.  When necessary, it is the calling function's
                                        (0078) ;    responsibility to perserve their values across calls to fastcall16 
                                        (0079) ;    functions.
                                        (0080) ;
                                        (0081)  Counter8_RF_clk_EnableInt:
                                        (0082) _Counter8_RF_clk_EnableInt:
                                        (0083)    RAM_PROLOGUE RAM_USE_CLASS_1
                                        (0084)    Counter8_RF_clk_EnableInt_M
                                        (0085)    RAM_EPILOGUE RAM_USE_CLASS_1
0BA1: 7F       RET                      (0086)    ret
0BA2: 41 DF FE AND   REG[0xDF],0xFE     
                                        (0087) 
                                        (0088) .ENDSECTION
                                        (0089) 
                                        (0090) .SECTION
                                        (0091) ;-----------------------------------------------------------------------------
                                        (0092) ;  FUNCTION NAME: Counter8_RF_clk_DisableInt
                                        (0093) ;
                                        (0094) ;  DESCRIPTION:
                                        (0095) ;     Disables this counter's interrupt by clearing the interrupt enable
                                        (0096) ;     mask bit associated with this User Module.
                                        (0097) ;-----------------------------------------------------------------------------
                                        (0098) ;
                                        (0099) ;  ARGUMENTS:    None
                                        (0100) ;  RETURNS:      Nothing
                                        (0101) ;  SIDE EFFECTS: 
                                        (0102) ;    The A and X registers may be modified by this or future implementations
                                        (0103) ;    of this function.  The same is true for all RAM page pointer registers in
                                        (0104) ;    the Large Memory Model.  When necessary, it is the calling function's
                                        (0105) ;    responsibility to perserve their values across calls to fastcall16 
                                        (0106) ;    functions.
                                        (0107) ;
                                        (0108)  Counter8_RF_clk_DisableInt:
                                        (0109) _Counter8_RF_clk_DisableInt:
                                        (0110)    RAM_PROLOGUE RAM_USE_CLASS_1
                                        (0111)    Counter8_RF_clk_DisableInt_M
                                        (0112)    RAM_EPILOGUE RAM_USE_CLASS_1
0BA5: 7F       RET                      (0113)    ret
0BA6: 43 43 01 OR    REG[0x43],0x1      
                                        (0114) 
                                        (0115) 
                                        (0116) .ENDSECTION
                                        (0117) 
                                        (0118) .SECTION
                                        (0119) ;-----------------------------------------------------------------------------
                                        (0120) ;  FUNCTION NAME: Counter8_RF_clk_Start
                                        (0121) ;
                                        (0122) ;  DESCRIPTION:
                                        (0123) ;     Sets the start bit in the Control register of this user module.  The
                                        (0124) ;     counter will begin counting on the next input clock as soon as the
                                        (0125) ;     enable input is asserted high.
                                        (0126) ;-----------------------------------------------------------------------------
                                        (0127) ;
                                        (0128) ;  ARGUMENTS:    None
                                        (0129) ;  RETURNS:      Nothing
                                        (0130) ;  SIDE EFFECTS: 
                                        (0131) ;    The A and X registers may be modified by this or future implementations
                                        (0132) ;    of this function.  The same is true for all RAM page pointer registers in
                                        (0133) ;    the Large Memory Model.  When necessary, it is the calling function's
                                        (0134) ;    responsibility to perserve their values across calls to fastcall16 
                                        (0135) ;    functions.
                                        (0136) ;
                                        (0137)  Counter8_RF_clk_Start:
                                        (0138) _Counter8_RF_clk_Start:
                                        (0139)    RAM_PROLOGUE RAM_USE_CLASS_1
                                        (0140)    Counter8_RF_clk_Start_M
                                        (0141)    RAM_EPILOGUE RAM_USE_CLASS_1
0BA9: 7F       RET                      (0142)    ret
0BAA: 41 43 FE AND   REG[0x43],0xFE     
                                        (0143) 
                                        (0144) 
                                        (0145) .ENDSECTION
                                        (0146) 
                                        (0147) .SECTION
                                        (0148) ;-----------------------------------------------------------------------------
                                        (0149) ;  FUNCTION NAME: Counter8_RF_clk_Stop
                                        (0150) ;
                                        (0151) ;  DESCRIPTION:
                                        (0152) ;     Disables counter operation by clearing the start bit in the Control
                                        (0153) ;     register.
                                        (0154) ;-----------------------------------------------------------------------------
                                        (0155) ;
                                        (0156) ;  ARGUMENTS:    None
                                        (0157) ;  RETURNS:      Nothing
                                        (0158) ;  SIDE EFFECTS: 
                                        (0159) ;    The A and X registers may be modified by this or future implementations
                                        (0160) ;    of this function.  The same is true for all RAM page pointer registers in
                                        (0161) ;    the Large Memory Model.  When necessary, it is the calling function's
                                        (0162) ;    responsibility to perserve their values across calls to fastcall16 
                                        (0163) ;    functions.
                                        (0164) ;
                                        (0165)  Counter8_RF_clk_Stop:
                                        (0166) _Counter8_RF_clk_Stop:
                                        (0167)    RAM_PROLOGUE RAM_USE_CLASS_1
                                        (0168)    Counter8_RF_clk_Stop_M
                                        (0169)    RAM_EPILOGUE RAM_USE_CLASS_1
0BAD: 7F       RET                      (0170)    ret
                                        (0171) 
                                        (0172) 
                                        (0173) .ENDSECTION
                                        (0174) 
                                        (0175) .SECTION
                                        (0176) ;-----------------------------------------------------------------------------
                                        (0177) ;  FUNCTION NAME: Counter8_RF_clk_WritePeriod
                                        (0178) ;
                                        (0179) ;  DESCRIPTION:
                                        (0180) ;     Write the 8-bit period value into the Period register (DR1).
                                        (0181) ;-----------------------------------------------------------------------------
                                        (0182) ;
                                        (0183) ;  ARGUMENTS: fastcall16 BYTE bPeriodValue (passed in A)
                                        (0184) ;  RETURNS:   Nothing
                                        (0185) ;  SIDE EFFECTS:
                                        (0186) ;    If the counter user module is stopped, then this value will also be
                                        (0187) ;    latched into the Count register (DR0).
                                        (0188) ;     
                                        (0189) ;    The A and X registers may be modified by this or future implementations
                                        (0190) ;    of this function.  The same is true for all RAM page pointer registers in
                                        (0191) ;    the Large Memory Model.  When necessary, it is the calling function's
                                        (0192) ;    responsibility to perserve their values across calls to fastcall16 
                                        (0193) ;    functions.
                                        (0194) ;
                                        (0195)  Counter8_RF_clk_WritePeriod:
                                        (0196) _Counter8_RF_clk_WritePeriod:
                                        (0197)    RAM_PROLOGUE RAM_USE_CLASS_1
0BAE: 60 41    MOV   REG[0x41],A        (0198)    mov   reg[Counter8_RF_clk_PERIOD_REG], A
                                        (0199)    RAM_EPILOGUE RAM_USE_CLASS_1
0BB0: 7F       RET                      (0200)    ret
                                        (0201) 
                                        (0202) 
                                        (0203) .ENDSECTION
                                        (0204) 
                                        (0205) .SECTION
                                        (0206) ;-----------------------------------------------------------------------------
                                        (0207) ;  FUNCTION NAME: Counter8_RF_clk_WriteCompareValue
                                        (0208) ;
                                        (0209) ;  DESCRIPTION:
                                        (0210) ;     Writes compare value into the Compare register (DR2).
                                        (0211) ;-----------------------------------------------------------------------------
                                        (0212) ;
                                        (0213) ;  ARGUMENTS:    fastcall16 BYTE bCompareValue (passed in A)
                                        (0214) ;  RETURNS:      Nothing
                                        (0215) ;  SIDE EFFECTS: 
                                        (0216) ;    The A and X registers may be modified by this or future implementations
                                        (0217) ;    of this function.  The same is true for all RAM page pointer registers in
                                        (0218) ;    the Large Memory Model.  When necessary, it is the calling function's
                                        (0219) ;    responsibility to perserve their values across calls to fastcall16 
                                        (0220) ;    functions.
                                        (0221) ;
                                        (0222)  Counter8_RF_clk_WriteCompareValue:
                                        (0223) _Counter8_RF_clk_WriteCompareValue:
                                        (0224)    RAM_PROLOGUE RAM_USE_CLASS_1
0BB1: 60 42    MOV   REG[0x42],A        (0225)    mov   reg[Counter8_RF_clk_COMPARE_REG], A
                                        (0226)    RAM_EPILOGUE RAM_USE_CLASS_1
0BB3: 7F       RET                      (0227)    ret
                                        (0228) 
                                        (0229) 
                                        (0230) .ENDSECTION
                                        (0231) 
                                        (0232) .SECTION
                                        (0233) ;-----------------------------------------------------------------------------
                                        (0234) ;  FUNCTION NAME: Counter8_RF_clk_bReadCompareValue
                                        (0235) ;
                                        (0236) ;  DESCRIPTION:
                                        (0237) ;     Reads the Compare register.
                                        (0238) ;-----------------------------------------------------------------------------
                                        (0239) ;
                                        (0240) ;  ARGUMENTS:    None
                                        (0241) ;  RETURNS:      fastcall16 BYTE bCompareValue (value of DR2 in the A register)
                                        (0242) ;  SIDE EFFECTS: 
                                        (0243) ;    The A and X registers may be modified by this or future implementations
                                        (0244) ;    of this function.  The same is true for all RAM page pointer registers in
                                        (0245) ;    the Large Memory Model.  When necessary, it is the calling function's
                                        (0246) ;    responsibility to perserve their values across calls to fastcall16 
                                        (0247) ;    functions.
                                        (0248) ;
                                        (0249)  Counter8_RF_clk_bReadCompareValue:
                                        (0250) _Counter8_RF_clk_bReadCompareValue:
                                        (0251)  bCounter8_RF_clk_ReadCompareValue:                ; this name deprecated
                                        (0252) _bCounter8_RF_clk_ReadCompareValue:                ; this name deprecated
                                        (0253)    RAM_PROLOGUE RAM_USE_CLASS_1
0BB4: 5D 42    MOV   A,REG[0x42]        (0254)    mov   A, reg[Counter8_RF_clk_COMPARE_REG]
                                        (0255)    RAM_EPILOGUE RAM_USE_CLASS_1
0BB6: 7F       RET                      (0256)    ret
                                        (0257) 
                                        (0258) 
                                        (0259) .ENDSECTION
                                        (0260) 
                                        (0261) .SECTION
                                        (0262) ;-----------------------------------------------------------------------------
                                        (0263) ;  FUNCTION NAME: Counter8_RF_clk_bReadCounter
                                        (0264) ;
                                        (0265) ;  DESCRIPTION:
                                        (0266) ;     Returns the value in the Count register (DR0), preserving the value in
                                        (0267) ;     the compare register (DR2). Interrupts are prevented during the transfer
                                        (0268) ;     from the Count to the Compare registers by holding the clock low in
                                        (0269) ;     the PSoC block.
                                        (0270) ;-----------------------------------------------------------------------------
                                        (0271) ;
                                        (0272) ;  ARGUMENTS: None
                                        (0273) ;  RETURNS:   fastcall16 BYTE bCount (value of DR0 in the A register)
                                        (0274) ;  SIDE EFFECTS:
                                        (0275) ;     1) If running, the user module is stopped momentarily and one or more
                                        (0276) ;        counts may be missed.
                                        (0277) ;     2) The A and X registers may be modified by this or future implementations
                                        (0278) ;        of this function.  The same is true for all RAM page pointer registers in
                                        (0279) ;        the Large Memory Model.  When necessary, it is the calling function's
                                        (0280) ;        responsibility to perserve their values across calls to fastcall16 
                                        (0281) ;        functions.
                                        (0282) ;
                                        (0283)  Counter8_RF_clk_bReadCounter:
                                        (0284) _Counter8_RF_clk_bReadCounter:
                                        (0285)  bCounter8_RF_clk_ReadCounter:                   ; this name deprecated
                                        (0286) _bCounter8_RF_clk_ReadCounter:                   ; this name deprecated
                                        (0287) 
                                        (0288)    bOrigCompareValue:      EQU   0               ; Frame offset to temp Compare store
                                        (0289)    bOrigControlReg:        EQU   1               ; Frame offset to temp CR0     store
                                        (0290)    bOrigClockSetting:      EQU   2               ; Frame offset to temp Input   store
                                        (0291)    wCounter:               EQU   3               ; Frame offset to temp Count   store
                                        (0292)    STACK_FRAME_SIZE:       EQU   4               ; max stack frame size is 4 bytes
                                        (0293) 
                                        (0294)    RAM_PROLOGUE RAM_USE_CLASS_2
0BB7: 4F       MOV   X,SP               (0295)    mov   X, SP                                   ; X <- stack frame pointer
0BB8: 5D 42    MOV   A,REG[0x42]        (0296)    mov   A, reg[Counter8_RF_clk_COMPARE_REG]     ; Save the Compare register on the stack
0BBA: 08       PUSH  A                  (0297)    push  A                                       ;
0BBB: 5D 43    MOV   A,REG[0x43]        (0298)    mov   A, reg[Counter8_RF_clk_CONTROL_REG]     ; Save CR0 (running or stopped state)
0BBD: 08       PUSH  A                  (0299)    push  A                                       ;
0BBE: 41 43 FE AND   REG[0x43],0xFE     
0BC1: 71 10    OR    F,0x10             
                                        (0300)    Counter8_RF_clk_Stop_M                        ; Disable (stop) the Counter if running
                                        (0301)    M8C_SetBank1                                  ;
0BC3: 5D 41    MOV   A,REG[0x41]        (0302)    mov   A, reg[Counter8_RF_clk_INPUT_REG]       ; save the clock input setting
0BC5: 08       PUSH  A                  (0303)    push  A                                       ;   on the stack (now 2 bytes) and ...
                                        (0304)                                                  ;   hold the clock low:
0BC6: 62 41 00 MOV   REG[0x41],0x0      (0305)    mov   reg[Counter8_RF_clk_INPUT_REG], INPUT_REG_NULL
0BC9: 70 EF    AND   F,0xEF             
                                        (0306)    M8C_SetBank0
                                        (0307)                                                  ; Extract the Count via DR2 register
0BCB: 5D 40    MOV   A,REG[0x40]        (0308)    mov   A, reg[Counter8_RF_clk_COUNTER_REG]     ; DR2 <- DR0
0BCD: 5D 42    MOV   A,REG[0x42]        (0309)    mov   A, reg[Counter8_RF_clk_COMPARE_REG]     ; Stash the Count on the stack
0BCF: 08       PUSH  A                  (0310)    push  A                                       ;  -stack frame is now 3 bytes
0BD0: 52 00    MOV   A,[X+0]            (0311)    mov   A, [X+bOrigCompareValue]                ; Restore the Compare register
0BD2: 60 42    MOV   REG[0x42],A        (0312)    mov   reg[Counter8_RF_clk_COMPARE_REG], A
0BD4: 71 10    OR    F,0x10             
                                        (0313)    M8C_SetBank1                                  ; Restore the counter operation:
0BD6: 52 02    MOV   A,[X+2]            (0314)    mov   A, [X+bOrigClockSetting]                ;   First, the clock setting...
0BD8: 60 41    MOV   REG[0x41],A        (0315)    mov   reg[Counter8_RF_clk_INPUT_REG], A       ;
0BDA: 70 EF    AND   F,0xEF             
                                        (0316)    M8C_SetBank0                                  ;   then re-enable (start) the counter
0BDC: 52 01    MOV   A,[X+1]            (0317)    mov   A, [X+bOrigControlReg]                  ;     if it was running when
0BDE: 60 43    MOV   REG[0x43],A        (0318)    mov   reg[Counter8_RF_clk_CONTROL_REG], A     ;     this function was first called
0BE0: 18       POP   A                  (0319)    pop   A                                       ; Setup the return value
0BE1: 38 FD    ADD   SP,0xFD            (0320)    ADD   SP, -(STACK_FRAME_SIZE-1)               ; Zap remainder of stack frame
0BE3: 70 3F    AND   F,0x3F             
0BE5: 71 C0    OR    F,0xC0             
                                        (0321)    RAM_EPILOGUE RAM_USE_CLASS_2
0BE7: 7F       RET                      (0322)    ret
                                        (0323) 
                                        (0324) .ENDSECTION
                                        (0325) 
                                        (0326) ; End of File Counter8_RF_clk.asm
FILE: lib\counter16_pwrupdint.asm       (0001) ;;*****************************************************************************
                                        (0002) ;;*****************************************************************************
0BE8: 08       PUSH  A                  (0003) ;;  FILENAME: Counter16_PwrUpdINT.asm
0BE9: 5D D0    MOV   A,REG[0xD0]        
0BEB: 08       PUSH  A                  
0BEC: 5D D3    MOV   A,REG[0xD3]        
0BEE: 08       PUSH  A                  
0BEF: 5D D4    MOV   A,REG[0xD4]        
0BF1: 08       PUSH  A                  
0BF2: 5D D5    MOV   A,REG[0xD5]        
0BF4: 08       PUSH  A                  
0BF5: 70 3F    AND   F,0x3F             
0BF7: 71 C0    OR    F,0xC0             (0004) ;;   Version: 2.5, Updated on 2015/3/4 at 22:23:43
                                        (0005) ;;  Generated by PSoC Designer 5.4.3191
                                        (0006) ;;
0BF9: 62 D0 00 MOV   REG[0xD0],0x0      (0007) ;;  DESCRIPTION: Counter16 Interrupt Service Routine
                                        (0008) ;;-----------------------------------------------------------------------------
0BFC: 51 D7    MOV   A,[__r0]           (0009) ;;  Copyright (c) Cypress Semiconductor 2015. All Rights Reserved.
0BFE: 08       PUSH  A                  (0010) ;;*****************************************************************************
0BFF: 51 D6    MOV   A,[__r1]           (0011) ;;*****************************************************************************
0C01: 08       PUSH  A                  (0012) 
0C02: 51 D5    MOV   A,[__r2]           (0013) include "m8c.inc"
0C04: 08       PUSH  A                  (0014) include "memory.inc"
0C05: 51 D4    MOV   A,[__r3]           (0015) include "Counter16_PwrUpd.inc"
0C07: 08       PUSH  A                  (0016) 
0C08: 51 D3    MOV   A,[__r4]           (0017) 
0C0A: 08       PUSH  A                  (0018) ;-----------------------------------------------
0C0B: 51 D2    MOV   A,[__r5]           (0019) ;  Global Symbols
0C0D: 08       PUSH  A                  (0020) ;-----------------------------------------------
0C0E: 51 D1    MOV   A,[__r6]           (0021) export  _Counter16_PwrUpd_ISR
0C10: 08       PUSH  A                  (0022) 
0C11: 51 D0    MOV   A,[__r7]           (0023) 
0C13: 08       PUSH  A                  (0024) AREA InterruptRAM (RAM,REL,CON)
0C14: 51 CF    MOV   A,[__r8]           (0025) 
0C16: 08       PUSH  A                  (0026) ;@PSoC_UserCode_INIT@ (Do not change this line.)
0C17: 51 CE    MOV   A,[__r9]           (0027) ;---------------------------------------------------
0C19: 08       PUSH  A                  (0028) ; Insert your custom declarations below this banner
0C1A: 51 CD    MOV   A,[__r10]          (0029) ;---------------------------------------------------
0C1C: 08       PUSH  A                  (0030) 
0C1D: 51 CC    MOV   A,[__r11]          (0031) ;------------------------
0C1F: 08       PUSH  A                  (0032) ; Includes
0C20: 51 CB    MOV   A,[__rX]           (0033) ;------------------------
0C22: 08       PUSH  A                  (0034) 
0C23: 51 CA    MOV   A,[__rY]           (0035) 	
0C25: 08       PUSH  A                  (0036) ;------------------------
0C26: 51 C9    MOV   A,[__rZ]           (0037) ;  Constant Definitions
0C28: 08       PUSH  A                  (0038) ;------------------------
                                        (0039) 
0C29: 62 D0 00 MOV   REG[0xD0],0x0      (0040) 
                                        (0041) ;------------------------
                                        (0042) ; Variable Allocation
                                        (0043) ;------------------------
                                        (0044) 
                                        (0045) 
                                        (0046) ;---------------------------------------------------
                                        (0047) ; Insert your custom declarations above this banner
                                        (0048) ;---------------------------------------------------
                                        (0049) ;@PSoC_UserCode_END@ (Do not change this line.)
                                        (0050) 
                                        (0051) 
                                        (0052) AREA UserModules (ROM, REL)
                                        (0053) 
                                        (0054) ;-----------------------------------------------------------------------------
                                        (0055) ;  FUNCTION NAME: _Counter16_PwrUpd_ISR
                                        (0056) ;
                                        (0057) ;  DESCRIPTION: Unless modified, this implements only a null handler stub.
                                        (0058) ;
                                        (0059) ;-----------------------------------------------------------------------------
                                        (0060) ;
                                        (0061) 
                                        (0062) _Counter16_PwrUpd_ISR:
                                        (0063) 
                                        (0064)    ;@PSoC_UserCode_BODY@ (Do not change this line.)
                                        (0065)    ;---------------------------------------------------
                                        (0066)    ; Insert your custom assembly code below this banner
                                        (0067)    ;---------------------------------------------------
                                        (0068)    ;   NOTE: interrupt service routines must preserve
                                        (0069)    ;   the values of the A and X CPU registers.
                                        (0070)    
                                        (0071)    ;---------------------------------------------------
                                        (0072)    ; Insert your custom assembly code above this banner
                                        (0073)    ;---------------------------------------------------
                                        (0074)    
                                        (0075)    ;---------------------------------------------------
                                        (0076)    ; Insert a lcall to a C function below this banner
                                        (0077)    ; and un-comment the lines between these banners
                                        (0078)    ;---------------------------------------------------
                                        (0079)    
                                        (0080)    PRESERVE_CPU_CONTEXT
0C2C: 7C 10 F2 LCALL _update_power      (0081)    lcall _update_power
0C2F: 70 3F    AND   F,0x3F             
0C31: 71 C0    OR    F,0xC0             
0C33: 62 D0 00 MOV   REG[0xD0],0x0      
0C36: 18       POP   A                  
0C37: 53 C9    MOV   [__rZ],A           
0C39: 18       POP   A                  
0C3A: 53 CA    MOV   [__rY],A           
0C3C: 18       POP   A                  
0C3D: 53 CB    MOV   [__rX],A           
0C3F: 18       POP   A                  
0C40: 53 CC    MOV   [__r11],A          
0C42: 18       POP   A                  
0C43: 53 CD    MOV   [__r10],A          
0C45: 18       POP   A                  
0C46: 53 CE    MOV   [__r9],A           
0C48: 18       POP   A                  
0C49: 53 CF    MOV   [__r8],A           
0C4B: 18       POP   A                  
0C4C: 53 D0    MOV   [__r7],A           
0C4E: 18       POP   A                  
0C4F: 53 D1    MOV   [__r6],A           
0C51: 18       POP   A                  
0C52: 53 D2    MOV   [__r5],A           
0C54: 18       POP   A                  
0C55: 53 D3    MOV   [__r4],A           
0C57: 18       POP   A                  
0C58: 53 D4    MOV   [__r3],A           
0C5A: 18       POP   A                  
0C5B: 53 D5    MOV   [__r2],A           
0C5D: 18       POP   A                  
0C5E: 53 D6    MOV   [__r1],A           
0C60: 18       POP   A                  
0C61: 53 D7    MOV   [__r0],A           
0C63: 18       POP   A                  
0C64: 60 D5    MOV   REG[0xD5],A        
0C66: 18       POP   A                  
0C67: 60 D4    MOV   REG[0xD4],A        
0C69: 18       POP   A                  
0C6A: 60 D3    MOV   REG[0xD3],A        
0C6C: 18       POP   A                  
0C6D: 60 D0    MOV   REG[0xD0],A        
0C6F: 70 00    AND   F,0x0              
0C71: 18       POP   A                  
                                        (0082)    RESTORE_CPU_CONTEXT
                                        (0083)    
                                        (0084)    ;---------------------------------------------------
                                        (0085)    ; Insert a lcall to a C function above this banner
                                        (0086)    ; and un-comment the lines between these banners
                                        (0087)    ;---------------------------------------------------
                                        (0088)    ;@PSoC_UserCode_END@ (Do not change this line.)
                                        (0089) 
0C72: 7E       RETI                     (0090)    reti
                                        (0091) 
                                        (0092) 
                                        (0093) ; end of file Counter16_PwrUpdINT.asm
FILE: lib\counter16_pwrupd.asm          (0001) ;;*****************************************************************************
0C73: 43 E1 20 OR    REG[0xE1],0x20     (0002) ;;*****************************************************************************
                                        (0003) ;;  FILENAME: Counter16_PwrUpd.asm
                                        (0004) ;;   Version: 2.5, Updated on 2015/3/4 at 22:23:43
                                        (0005) ;;  Generated by PSoC Designer 5.4.3191
                                        (0006) ;;
                                        (0007) ;;  DESCRIPTION: Counter16 User Module software implementation file
                                        (0008) ;;
                                        (0009) ;;  NOTE: User Module APIs conform to the fastcall16 convention for marshalling
                                        (0010) ;;        arguments and observe the associated "Registers are volatile" policy.
                                        (0011) ;;        This means it is the caller's responsibility to preserve any values
                                        (0012) ;;        in the X and A registers that are still needed after the API functions
                                        (0013) ;;        returns. For Large Memory Model devices it is also the caller's 
                                        (0014) ;;        responsibility to perserve any value in the CUR_PP, IDX_PP, MVR_PP and 
                                        (0015) ;;        MVW_PP registers. Even though some of these registers may not be modified
                                        (0016) ;;        now, there is no guarantee that will remain the case in future releases.
                                        (0017) ;;-----------------------------------------------------------------------------
                                        (0018) ;;  Copyright (c) Cypress Semiconductor 2015. All Rights Reserved.
                                        (0019) ;;*****************************************************************************
                                        (0020) ;;*****************************************************************************
                                        (0021) 
                                        (0022) include "m8c.inc"
                                        (0023) include "memory.inc"
                                        (0024) include "Counter16_PwrUpd.inc"
                                        (0025) 
                                        (0026) ;-----------------------------------------------
                                        (0027) ;  Global Symbols
                                        (0028) ;-----------------------------------------------
                                        (0029) export  Counter16_PwrUpd_EnableInt
                                        (0030) export _Counter16_PwrUpd_EnableInt
                                        (0031) export  Counter16_PwrUpd_DisableInt
                                        (0032) export _Counter16_PwrUpd_DisableInt
                                        (0033) export  Counter16_PwrUpd_Start
                                        (0034) export _Counter16_PwrUpd_Start
                                        (0035) export  Counter16_PwrUpd_Stop
                                        (0036) export _Counter16_PwrUpd_Stop
                                        (0037) export  Counter16_PwrUpd_WritePeriod
                                        (0038) export _Counter16_PwrUpd_WritePeriod
                                        (0039) export  Counter16_PwrUpd_WriteCompareValue
                                        (0040) export _Counter16_PwrUpd_WriteCompareValue
                                        (0041) export  Counter16_PwrUpd_wReadCompareValue
                                        (0042) export _Counter16_PwrUpd_wReadCompareValue
                                        (0043) export  Counter16_PwrUpd_wReadCounter
                                        (0044) export _Counter16_PwrUpd_wReadCounter
                                        (0045) 
                                        (0046) ; The following functions are deprecated and subject to omission in future releases
                                        (0047) ;
                                        (0048) export  wCounter16_PwrUpd_ReadCompareValue  ; deprecated
                                        (0049) export _wCounter16_PwrUpd_ReadCompareValue  ; deprecated
                                        (0050) export  wCounter16_PwrUpd_ReadCounter       ; deprecated
                                        (0051) export _wCounter16_PwrUpd_ReadCounter       ; deprecated
                                        (0052) 
                                        (0053) ;-----------------------------------------------
                                        (0054) ;  Constant Definitions
                                        (0055) ;-----------------------------------------------
                                        (0056) INPUT_REG_NULL:                equ 0x00    ; Clear the input register
                                        (0057) 
                                        (0058) 
                                        (0059) AREA UserModules (ROM, REL)
                                        (0060) 
                                        (0061) .SECTION
                                        (0062) ;-----------------------------------------------------------------------------
                                        (0063) ;  FUNCTION NAME: Counter16_PwrUpd_EnableInt
                                        (0064) ;
                                        (0065) ;  DESCRIPTION:
                                        (0066) ;     Enables this counter's interrupt by setting the interrupt enable mask bit
                                        (0067) ;     associated with this User Module. This function has no effect until and
                                        (0068) ;     unless the global interrupts are enabled (for example by using the
                                        (0069) ;     macro M8C_EnableGInt).
                                        (0070) ;-----------------------------------------------------------------------------
                                        (0071) ;
                                        (0072) ;  ARGUMENTS:    None.
                                        (0073) ;  RETURNS:      Nothing.
                                        (0074) ;  SIDE EFFECTS: 
                                        (0075) ;    The A and X registers may be modified by this or future implementations
                                        (0076) ;    of this function.  The same is true for all RAM page pointer registers in
                                        (0077) ;    the Large Memory Model.  When necessary, it is the calling function's
                                        (0078) ;    responsibility to perserve their values across calls to fastcall16 
                                        (0079) ;    functions.
                                        (0080) ;
                                        (0081)  Counter16_PwrUpd_EnableInt:
                                        (0082) _Counter16_PwrUpd_EnableInt:
                                        (0083)    RAM_PROLOGUE RAM_USE_CLASS_1
                                        (0084)    Counter16_PwrUpd_EnableInt_M
                                        (0085)    RAM_EPILOGUE RAM_USE_CLASS_1
0C76: 7F       RET                      (0086)    ret
0C77: 41 E1 DF AND   REG[0xE1],0xDF     
                                        (0087) 
                                        (0088) .ENDSECTION
                                        (0089) 
                                        (0090) .SECTION
                                        (0091) ;-----------------------------------------------------------------------------
                                        (0092) ;  FUNCTION NAME: Counter16_PwrUpd_DisableInt
                                        (0093) ;
                                        (0094) ;  DESCRIPTION:
                                        (0095) ;     Disables this counter's interrupt by clearing the interrupt enable
                                        (0096) ;     mask bit associated with this User Module.
                                        (0097) ;-----------------------------------------------------------------------------
                                        (0098) ;
                                        (0099) ;  ARGUMENTS:    None
                                        (0100) ;  RETURNS:      Nothing
                                        (0101) ;  SIDE EFFECTS: 
                                        (0102) ;    The A and X registers may be modified by this or future implementations
                                        (0103) ;    of this function.  The same is true for all RAM page pointer registers in
                                        (0104) ;    the Large Memory Model.  When necessary, it is the calling function's
                                        (0105) ;    responsibility to perserve their values across calls to fastcall16 
                                        (0106) ;    functions.
                                        (0107) ;
                                        (0108)  Counter16_PwrUpd_DisableInt:
                                        (0109) _Counter16_PwrUpd_DisableInt:
                                        (0110)    RAM_PROLOGUE RAM_USE_CLASS_1
                                        (0111)    Counter16_PwrUpd_DisableInt_M
                                        (0112)    RAM_EPILOGUE RAM_USE_CLASS_1
0C7A: 7F       RET                      (0113)    ret
0C7B: 43 33 01 OR    REG[0x33],0x1      
                                        (0114) 
                                        (0115) 
                                        (0116) .ENDSECTION
                                        (0117) 
                                        (0118) .SECTION
                                        (0119) ;-----------------------------------------------------------------------------
                                        (0120) ;  FUNCTION NAME: Counter16_PwrUpd_Start
                                        (0121) ;
                                        (0122) ;  DESCRIPTION:
                                        (0123) ;     Sets the start bit in the Control register of this user module.  The
                                        (0124) ;     counter will begin counting on the next input clock as soon as the
                                        (0125) ;     enable input is asserted high.
                                        (0126) ;-----------------------------------------------------------------------------
                                        (0127) ;
                                        (0128) ;  ARGUMENTS:    None
                                        (0129) ;  RETURNS:      Nothing
                                        (0130) ;  SIDE EFFECTS: 
                                        (0131) ;    The A and X registers may be modified by this or future implementations
                                        (0132) ;    of this function.  The same is true for all RAM page pointer registers in
                                        (0133) ;    the Large Memory Model.  When necessary, it is the calling function's
                                        (0134) ;    responsibility to perserve their values across calls to fastcall16 
                                        (0135) ;    functions.
                                        (0136) ;
                                        (0137)  Counter16_PwrUpd_Start:
                                        (0138) _Counter16_PwrUpd_Start:
                                        (0139)    RAM_PROLOGUE RAM_USE_CLASS_1
                                        (0140)    Counter16_PwrUpd_Start_M
                                        (0141)    RAM_EPILOGUE RAM_USE_CLASS_1
0C7E: 7F       RET                      (0142)    ret
0C7F: 41 33 FE AND   REG[0x33],0xFE     
                                        (0143) 
                                        (0144) 
                                        (0145) .ENDSECTION
                                        (0146) 
                                        (0147) .SECTION
                                        (0148) ;-----------------------------------------------------------------------------
                                        (0149) ;  FUNCTION NAME: Counter16_PwrUpd_Stop
                                        (0150) ;
                                        (0151) ;  DESCRIPTION:
                                        (0152) ;     Disables counter operation by clearing the start bit in the Control
                                        (0153) ;     register of the LSB block.
                                        (0154) ;-----------------------------------------------------------------------------
                                        (0155) ;
                                        (0156) ;  ARGUMENTS:    None
                                        (0157) ;  RETURNS:      Nothing
                                        (0158) ;  SIDE EFFECTS: 
                                        (0159) ;    The A and X registers may be modified by this or future implementations
                                        (0160) ;    of this function.  The same is true for all RAM page pointer registers in
                                        (0161) ;    the Large Memory Model.  When necessary, it is the calling function's
                                        (0162) ;    responsibility to perserve their values across calls to fastcall16 
                                        (0163) ;    functions.
                                        (0164) ;
                                        (0165)  Counter16_PwrUpd_Stop:
                                        (0166) _Counter16_PwrUpd_Stop:
                                        (0167)    RAM_PROLOGUE RAM_USE_CLASS_1
                                        (0168)    Counter16_PwrUpd_Stop_M
                                        (0169)    RAM_EPILOGUE RAM_USE_CLASS_1
0C82: 7F       RET                      (0170)    ret
                                        (0171) 
                                        (0172) 
                                        (0173) .ENDSECTION
                                        (0174) 
                                        (0175) .SECTION
                                        (0176) ;-----------------------------------------------------------------------------
                                        (0177) ;  FUNCTION NAME: Counter16_PwrUpd_WritePeriod
                                        (0178) ;
                                        (0179) ;  DESCRIPTION:
                                        (0180) ;     Write the 16-bit period value into the Period register (DR1).
                                        (0181) ;-----------------------------------------------------------------------------
                                        (0182) ;
                                        (0183) ;  ARGUMENTS: fastcall16 WORD wPeriodValue (LSB in A, MSB in X)
                                        (0184) ;  RETURNS:   Nothing
                                        (0185) ;  SIDE EFFECTS:
                                        (0186) ;    If the counter user module is stopped, then this value will also be
                                        (0187) ;    latched into the Count registers (DR0).
                                        (0188) ;     
                                        (0189) ;    The A and X registers may be modified by this or future implementations
                                        (0190) ;    of this function.  The same is true for all RAM page pointer registers in
                                        (0191) ;    the Large Memory Model.  When necessary, it is the calling function's
                                        (0192) ;    responsibility to perserve their values across calls to fastcall16 
                                        (0193) ;    functions.
                                        (0194) ;
                                        (0195)  Counter16_PwrUpd_WritePeriod:
                                        (0196) _Counter16_PwrUpd_WritePeriod:
                                        (0197)    RAM_PROLOGUE RAM_USE_CLASS_1
0C83: 60 31    MOV   REG[0x31],A        (0198)    mov   reg[Counter16_PwrUpd_PERIOD_LSB_REG], A
0C85: 5B       MOV   A,X                (0199)    mov   A, X
0C86: 60 35    MOV   REG[0x35],A        (0200)    mov   reg[Counter16_PwrUpd_PERIOD_MSB_REG], A
                                        (0201)    RAM_EPILOGUE RAM_USE_CLASS_1
0C88: 7F       RET                      (0202)    ret
                                        (0203) 
                                        (0204) 
                                        (0205) .ENDSECTION
                                        (0206) 
                                        (0207) .SECTION
                                        (0208) ;-----------------------------------------------------------------------------
                                        (0209) ;  FUNCTION NAME: Counter16_PwrUpd_WriteCompareValue
                                        (0210) ;
                                        (0211) ;  DESCRIPTION:
                                        (0212) ;     Writes compare value into the Compare register (DR2).
                                        (0213) ;-----------------------------------------------------------------------------
                                        (0214) ;
                                        (0215) ;  ARGUMENTS:    fastcall16 WORD wCompareValue (LSB in A, MSB in X)
                                        (0216) ;  RETURNS:      Nothing
                                        (0217) ;  SIDE EFFECTS: 
                                        (0218) ;    The A and X registers may be modified by this or future implementations
                                        (0219) ;    of this function.  The same is true for all RAM page pointer registers in
                                        (0220) ;    the Large Memory Model.  When necessary, it is the calling function's
                                        (0221) ;    responsibility to perserve their values across calls to fastcall16 
                                        (0222) ;    functions.
                                        (0223) ;
                                        (0224)  Counter16_PwrUpd_WriteCompareValue:
                                        (0225) _Counter16_PwrUpd_WriteCompareValue:
                                        (0226)    RAM_PROLOGUE RAM_USE_CLASS_1
0C89: 60 32    MOV   REG[0x32],A        (0227)    mov   reg[Counter16_PwrUpd_COMPARE_LSB_REG], A
0C8B: 5B       MOV   A,X                (0228)    mov   A, X
0C8C: 60 36    MOV   REG[0x36],A        (0229)    mov   reg[Counter16_PwrUpd_COMPARE_MSB_REG], A
                                        (0230)    RAM_EPILOGUE RAM_USE_CLASS_1
0C8E: 7F       RET                      (0231)    ret
                                        (0232) 
                                        (0233) 
                                        (0234) .ENDSECTION
                                        (0235) 
                                        (0236) .SECTION
                                        (0237) ;-----------------------------------------------------------------------------
                                        (0238) ;  FUNCTION NAME: Counter16_PwrUpd_wReadCompareValue
                                        (0239) ;
                                        (0240) ;  DESCRIPTION:
                                        (0241) ;     Reads the Compare registers.
                                        (0242) ;-----------------------------------------------------------------------------
                                        (0243) ;
                                        (0244) ;  ARGUMENTS:    None
                                        (0245) ;  RETURNS:      fastcall16 WORD wCompareValue (value of DR2 in the X & A registers)
                                        (0246) ;  SIDE EFFECTS: 
                                        (0247) ;    The A and X registers may be modified by this or future implementations
                                        (0248) ;    of this function.  The same is true for all RAM page pointer registers in
                                        (0249) ;    the Large Memory Model.  When necessary, it is the calling function's
                                        (0250) ;    responsibility to perserve their values across calls to fastcall16 
                                        (0251) ;    functions.
                                        (0252) ;
                                        (0253)  Counter16_PwrUpd_wReadCompareValue:
                                        (0254) _Counter16_PwrUpd_wReadCompareValue:
                                        (0255)  wCounter16_PwrUpd_ReadCompareValue:                ; this name deprecated
                                        (0256) _wCounter16_PwrUpd_ReadCompareValue:                ; this name deprecated
                                        (0257)    RAM_PROLOGUE RAM_USE_CLASS_1
0C8F: 5D 36    MOV   A,REG[0x36]        (0258)    mov   A, reg[Counter16_PwrUpd_COMPARE_MSB_REG]
0C91: 5C       MOV   X,A                (0259)    mov   X, A
0C92: 5D 32    MOV   A,REG[0x32]        (0260)    mov   A, reg[Counter16_PwrUpd_COMPARE_LSB_REG]
                                        (0261)    RAM_EPILOGUE RAM_USE_CLASS_1
0C94: 7F       RET                      (0262)    ret
                                        (0263) 
                                        (0264) 
                                        (0265) .ENDSECTION
                                        (0266) 
                                        (0267) .SECTION
                                        (0268) ;-----------------------------------------------------------------------------
                                        (0269) ;  FUNCTION NAME: Counter16_PwrUpd_wReadCounter
                                        (0270) ;
                                        (0271) ;  DESCRIPTION:
                                        (0272) ;     Returns the value in the Count register (DR0), preserving the value in
                                        (0273) ;     the compare register (DR2). Interrupts are prevented during the transfer
                                        (0274) ;     from the Count to the Compare registers by holding the clock low in
                                        (0275) ;     the MSB PSoC block.
                                        (0276) ;-----------------------------------------------------------------------------
                                        (0277) ;
                                        (0278) ;  ARGUMENTS: None
                                        (0279) ;  RETURNS:   fastcall16 WORD wCount (value of DR0 in the X & A registers)
                                        (0280) ;  SIDE EFFECTS:
                                        (0281) ;     1) The user module is stopped momentarily and one or more counts may be missed.
                                        (0282) ;     2) The A and X registers may be modified by this or future implementations
                                        (0283) ;        of this function.  The same is true for all RAM page pointer registers in
                                        (0284) ;        the Large Memory Model.  When necessary, it is the calling function's
                                        (0285) ;        responsibility to perserve their values across calls to fastcall16 
                                        (0286) ;        functions.
                                        (0287) ;
                                        (0288)  Counter16_PwrUpd_wReadCounter:
                                        (0289) _Counter16_PwrUpd_wReadCounter:
                                        (0290)  wCounter16_PwrUpd_ReadCounter:                     ; this name deprecated
                                        (0291) _wCounter16_PwrUpd_ReadCounter:                     ; this name deprecated
                                        (0292) 
                                        (0293)    bOrigCompareValue:      EQU   0                  ; Frame offset to temp Compare store
                                        (0294)    bOrigControlReg:        EQU   2                  ; Frame offset to temp CR0     store
                                        (0295)    bOrigClockSetting:      EQU   3                  ; Frame offset to temp Input   store
                                        (0296)    wCounter:               EQU   4                  ; Frame offset to temp Count   store
                                        (0297)    STACK_FRAME_SIZE:       EQU   6                  ; max stack frame size is 6 bytes
                                        (0298) 
                                        (0299)    RAM_PROLOGUE RAM_USE_CLASS_2
0C95: 4F       MOV   X,SP               (0300)    mov   X, SP                                      ; X <-  stack frame pointer
0C96: 5D 36    MOV   A,REG[0x36]        (0301)    mov   A, reg[Counter16_PwrUpd_COMPARE_MSB_REG]   ; Save the Compare register on the stack
0C98: 08       PUSH  A                  (0302)    push  A                                          ;
0C99: 5D 32    MOV   A,REG[0x32]        (0303)    mov   A, reg[Counter16_PwrUpd_COMPARE_LSB_REG]   ;
0C9B: 08       PUSH  A                  (0304)    push  A                                          ;   -stack frame now 2 bytes-
0C9C: 5D 33    MOV   A,REG[0x33]        (0305)    mov   A, reg[Counter16_PwrUpd_CONTROL_LSB_REG]   ; Save CR0 (running or stopped state)
0C9E: 08       PUSH  A                  (0306)    push  A                                          ;   -stack frame now 3 bytes-
0C9F: 41 33 FE AND   REG[0x33],0xFE     
0CA2: 71 10    OR    F,0x10             
                                        (0307)    Counter16_PwrUpd_Stop_M                          ; Disable (stop) the Counter if running
                                        (0308)    M8C_SetBank1                                     ;
0CA4: 5D 31    MOV   A,REG[0x31]        (0309)    mov   A, reg[Counter16_PwrUpd_INPUT_LSB_REG]     ; save the LSB clock input setting
0CA6: 08       PUSH  A                  (0310)    push  A                                          ;   on the stack (now 4 bytes) and ...
                                        (0311)                                                     ;   hold the clock low:
0CA7: 62 31 00 MOV   REG[0x31],0x0      (0312)    mov   reg[Counter16_PwrUpd_INPUT_LSB_REG], INPUT_REG_NULL
0CAA: 70 EF    AND   F,0xEF             
                                        (0313)    M8C_SetBank0                                     ; Extract the Count via DR2 register
0CAC: 5D 34    MOV   A,REG[0x34]        (0314)    mov   A, reg[Counter16_PwrUpd_COUNTER_MSB_REG]   ; DR2 <- DR0 (in the MSB block)
0CAE: 5D 36    MOV   A,REG[0x36]        (0315)    mov   A, reg[Counter16_PwrUpd_COMPARE_MSB_REG]   ; Stash the Count MSB on the stack
0CB0: 08       PUSH  A                  (0316)    push  A                                          ;   -stack frame is now 5 bytes
0CB1: 5D 30    MOV   A,REG[0x30]        (0317)    mov   A, reg[Counter16_PwrUpd_COUNTER_LSB_REG]   ; DR2 <- DR0 (in the LSB block)
0CB3: 5D 32    MOV   A,REG[0x32]        (0318)    mov   A, reg[Counter16_PwrUpd_COMPARE_LSB_REG]   ; Stash the Count LSB on the stack
0CB5: 08       PUSH  A                  (0319)    push  A                                          ;   -stack frame is now 6 bytes-
0CB6: 52 00    MOV   A,[X+0]            (0320)    mov   A, [X+bOrigCompareValue]                   ; Restore the Compare MSB register
0CB8: 60 36    MOV   REG[0x36],A        (0321)    mov   reg[Counter16_PwrUpd_COMPARE_MSB_REG], A   ;
0CBA: 52 01    MOV   A,[X+1]            (0322)    mov   A, [X+bOrigCompareValue+1]                 ; Restore the Compare LSB register
0CBC: 60 32    MOV   REG[0x32],A        (0323)    mov   reg[Counter16_PwrUpd_COMPARE_LSB_REG], A   ;
0CBE: 71 10    OR    F,0x10             
                                        (0324)    M8C_SetBank1                                     ; ---Restore the counter operation
0CC0: 52 03    MOV   A,[X+3]            (0325)    mov   A, [X+bOrigClockSetting]                   ; Grab the LSB clock setting...
0CC2: 60 31    MOV   REG[0x31],A        (0326)    mov   reg[Counter16_PwrUpd_INPUT_LSB_REG], A     ;   and restore it
0CC4: 70 EF    AND   F,0xEF             
                                        (0327)    M8C_SetBank0                                     ; Now re-enable (start) the counter
0CC6: 52 02    MOV   A,[X+2]            (0328)    mov   A, [X+bOrigControlReg]                     ;   if it was running when
0CC8: 60 33    MOV   REG[0x33],A        (0329)    mov   reg[Counter16_PwrUpd_CONTROL_LSB_REG], A   ;   this function was first called
0CCA: 18       POP   A                  (0330)    pop   A                                          ; Setup the return value
0CCB: 20       POP   X                  (0331)    pop   X                                          ;
0CCC: 38 FC    ADD   SP,0xFC            (0332)    ADD   SP, -(STACK_FRAME_SIZE-2)                  ; Zap remainder of stack frame
0CCE: 70 3F    AND   F,0x3F             
0CD0: 71 C0    OR    F,0xC0             
                                        (0333)    RAM_EPILOGUE RAM_USE_CLASS_2
0CD2: 7F       RET                      (0334)    ret
                                        (0335) 
                                        (0336) .ENDSECTION
                                        (0337) 
                                        (0338) ; End of File Counter16_PwrUpd.asm
FILE: .\delay.asm                       (0001) ;;*****************************************************************************
                                        (0002) ;;*****************************************************************************
                                        (0003) ;;  FILENAME: delay.asm
                                        (0004) ;;
                                        (0005) ;;  DESCRIPTION: Delay functions implementation file
                                        (0006) ;;
                                        (0007) ;;-----------------------------------------------------------------------------
                                        (0008) ;;  Copyright (c) Cypress MicroSystems 2002-2006. All Rights Reserved.
                                        (0009) ;;*****************************************************************************
                                        (0010) ;;*****************************************************************************
                                        (0011) 
                                        (0012) ;-----------------------------------------------------------------------------
                                        (0013) ;  Include Files
                                        (0014) ;-----------------------------------------------------------------------------
                                        (0015) include "m8c.inc"
                                        (0016) include "memory.inc"
                                        (0017) 
                                        (0018) ;-----------------------------------------------------------------------------
                                        (0019) ;  Global Symbols
                                        (0020) ;-----------------------------------------------------------------------------
                                        (0021) export  Delay50uTimes
                                        (0022) export _Delay50uTimes
                                        (0023) 
                                        (0024) export  Delay50u
                                        (0025) export _Delay50u
                                        (0026) 
                                        (0027) export  Delay10msTimes
                                        (0028) export _Delay10msTimes
                                        (0029) 
                                        (0030) 
                                        (0031) area text(rom)
                                        (0032) .SECTION
                                        (0033) ;-----------------------------------------------------------------------------
                                        (0034) ;  FUNCTION NAME: DelaySeconds
                                        (0035) ;
                                        (0036) ;  DESCRIPTION:
                                        (0037) ;     Delay increments of 10mSeconds
                                        (0038) ;
                                        (0039) ;-----------------------------------------------------------------------------
                                        (0040) ;
                                        (0041) ;  ARGUMENTS:
                                        (0042) ;     A contains the delay multiplier
                                        (0043) ;
                                        (0044) ;  RETURNS:
                                        (0045) ;
                                        (0046) ;  SIDE EFFECTS:
                                        (0047) ;    The A and X registers may be modified by this or future implementations
                                        (0048) ;    of this function.  The same is true for all RAM page pointer registers in
                                        (0049) ;    the Large Memory Model.  When necessary, it is the calling function's
                                        (0050) ;    responsibility to perserve their values across calls to fastcall16 
                                        (0051) ;    functions.
                                        (0052) 
                                        (0053) 
                                        (0054)  Delay10msTimes:
                                        (0055) _Delay10msTimes:
                                        (0056)     RAM_PROLOGUE RAM_USE_CLASS_1
0CD3: 08       PUSH  A                  (0057) 	push A
                                        (0058) 
0CD4: 50 C8    MOV   A,0xC8             (0059) 	mov A, 200
                                        (0060) 	DELAY50US:
0CD6: 90 16    CALL  _Delay50u          (0061)     call  Delay50u
0CD8: 78       DEC   A                  (0062)     dec   A
0CD9: BF FC    JNZ   0x0CD6             (0063)     jnz   DELAY50US
                                        (0064) 
0CDB: 18       POP   A                  (0065) 	pop A
0CDC: 78       DEC   A                  (0066) 	dec   A
0CDD: BF F5    JNZ   __UserModules_end|Delay10msTimes|_Delay10msTimes|__text_start(0067)     jnz   Delay10msTimes
                                        (0068) 
                                        (0069)     RAM_EPILOGUE RAM_USE_CLASS_1
0CDF: 7F       RET                      (0070)     ret
                                        (0071) .ENDSECTION
                                        (0072) 
                                        (0073) 
                                        (0074) 
                                        (0075) 
                                        (0076) .SECTION
                                        (0077) ;-----------------------------------------------------------------------------
                                        (0078) ;  FUNCTION NAME: Delay50uTimes
                                        (0079) ;
                                        (0080) ;  DESCRIPTION:
                                        (0081) ;     Delay increments of 50uSeconds
                                        (0082) ;
                                        (0083) ;-----------------------------------------------------------------------------
                                        (0084) ;
                                        (0085) ;  ARGUMENTS:
                                        (0086) ;     A contains the delay multiplier
                                        (0087) ;
                                        (0088) ;  RETURNS:
                                        (0089) ;
                                        (0090) ;  SIDE EFFECTS:
                                        (0091) ;    The A and X registers may be modified by this or future implementations
                                        (0092) ;    of this function.  The same is true for all RAM page pointer registers in
                                        (0093) ;    the Large Memory Model.  When necessary, it is the calling function's
                                        (0094) ;    responsibility to perserve their values across calls to fastcall16 
                                        (0095) ;    functions.
                                        (0096) ;
                                        (0097) ;
                                        (0098) 
                                        (0099)  Delay50uTimes:
                                        (0100) _Delay50uTimes:
                                        (0101)     RAM_PROLOGUE RAM_USE_CLASS_1
                                        (0102) 
0CE0: 90 0C    CALL  _Delay50u          (0103)     call  Delay50u
0CE2: 78       DEC   A                  (0104) 	dec A
0CE3: BF FC    JNZ   _Delay50uTimes     (0105)     jnz   Delay50uTimes
                                        (0106) 
                                        (0107) 	
                                        (0108)     RAM_EPILOGUE RAM_USE_CLASS_1
0CE5: 7F       RET                      (0109)     ret
                                        (0110) 
                                        (0111) .ENDSECTION
                                        (0112) 
                                        (0113) ;-----------------------------------------------------------------------------
                                        (0114) ;  FUNCTION NAME: Delay50u
                                        (0115) ;
                                        (0116) ;  DESCRIPTION:
                                        (0117) ;     Delay 50uSec for any clock frequency from 1.5MHz to 24MHz
                                        (0118) ;     Slower clock frequencies the delay will be;
                                        (0119) ;           1.5
                                        (0120) ;        -------------- * 50uSec
                                        (0121) ;        clock_freq(MHz)
                                        (0122) ;
                                        (0123) ;
                                        (0124) ;-----------------------------------------------------------------------------
                                        (0125) ;
                                        (0126) ;  ARGUMENTS: none
                                        (0127) ;
                                        (0128) ;  RETURNS: none
                                        (0129) ;
                                        (0130) ;  SIDE EFFECTS:
                                        (0131) ;    The A and X registers may be modified by this or future implementations
                                        (0132) ;    of this function.  The same is true for all RAM page pointer registers in
                                        (0133) ;    the Large Memory Model.  When necessary, it is the calling function's
                                        (0134) ;    responsibility to perserve their values across calls to fastcall16 
                                        (0135) ;    functions.
                                        (0136) ;
                                        (0137) ;  THEORY of OPERATION or PROCEDURE:
                                        (0138) ;
                                        (0139) .LITERAL
                                        (0140)  Delay50u_Table::
                                        (0141)      DB    08h,  19h,   3Ah,   7Ch,   01h,    01h,    01h,   01h
                                        (0142) ;         3MHz, 6MHz, 12MHz, 24MHz, 1.5MHz, 750kHz, 188kHz, 94kHz
                                        (0143) .ENDLITERAL
                                        (0144) .SECTION
                                        (0145) 
                                        (0146)   Delay50u:
                                        (0147)  _Delay50u:                      ; [11]  Call
                                        (0148)     RAM_PROLOGUE RAM_USE_CLASS_1
0CEE: 08       PUSH  A                  (0149)     push  A
0CEF: 71 10    OR    F,0x10             
                                        (0150)     M8C_SetBank1                       ; [4]
0CF1: 5D E0    MOV   A,REG[0xE0]        (0151)     mov   A, reg[OSC_CR0]              ; [6] Get delay value
0CF3: 70 EF    AND   F,0xEF             
                                        (0152)     M8C_SetBank0                       ; [4]
0CF5: 21 07    AND   A,0x7              (0153)     and   A,07h                        ; [4] Mask off only the clock bits
0CF7: 39 05    CMP   A,0x5              (0154)     cmp   A,05h
0CF9: D0 06    JNC   0x0D00             (0155)     jnc   Delay50u_End
0CFB: FF E9    INDEX Delay50u_Table     (0156)     index Delay50u_Table               ; [13] Get delay value
                                        (0157) Delay50u_Loop:                         ;
0CFD: 78       DEC   A                  (0158)     dec   A                            ; [4]
0CFE: BF FE    JNZ   0x0CFD             (0159)     jnz   Delay50u_Loop                ; [5]
                                        (0160) Delay50u_End:
0D00: 18       POP   A                  (0161)     pop   A
                                        (0162)     RAM_EPILOGUE RAM_USE_CLASS_1
0D01: 7F       RET                      (0163)     ret
FILE: C:\Work\FitoLamp\FW\Slave\FITOLA~1\FITOLA~1\FITOLA~1\main.c
(0001) //----------------------------------------------------------------------------
(0002) // C main line
(0003) //----------------------------------------------------------------------------
(0004) 
(0005) #include <m8c.h>        // part specific constants and macros
(0006) #include "PSoCAPI.h"    // PSoC API definitions for all User Modules
(0007) #include "delay.h"
(0008) #include <stdlib.h>
(0009) #include <stdio.h>
(0010) #include <math.h> 
(0011) #include <stdbool.h>
(0012) #include <string.h>
(0013) 
(0014) //#define DEBUG
(0015) 
(0016) #define DECIMAL_COUNT_SYSTEM_BASIS  10
(0017) #define DECIMAL_NUMBER_SIZE         4
(0018) #define HOUR_MAX   	          	    23
(0019) 
(0020) // NMEA definitions
(0021) #define NMEA_MAX_SIZE             82
(0022) #define NMEA_START_DELIMITER      '$'
(0023) #define NMEA_END_DELIMITER        0x0A
(0024) #define NMEA_CHECKSUM_DELIMITER   '*'
(0025) #define NMEA_FIELD_DELIMITER      ','
(0026) #define NMEA_HEADER_SIZE          3		// TODO
(0027) 
(0028) #define NMEA_GPRMC_UTC              1
(0029) #define NMEA_GPRMC_DATE      		7
(0030) #define NMEA_GPRMC_HDOP             8
(0031) #define NMEA_GPRMC_ALTITUDE         9
(0032) 
(0033) #define NMEA_GPRMC_VALID            'A'
(0034) #define NMEA_GPRMC_INVALID          'V'
(0035) 
(0036) // System settings
(0037) #define POWER_MAX					14000
(0038) #define POWER_STEP					1
(0039) #define GMT_OFFSET					3
(0040) #define WAIT_PERIOD					2			// Global non critical tasks execution period in x10 miliseconds
(0041) #define OVERRIDE_TIMEOUT			540000		// x20 miliseconds (540000 = 3 hours)
(0042) #define POWER_UPDATE_SLOW   		1000
(0043) #define POWER_UPDATE_VERY_SLOW   	32000
(0044) #define POWER_UPDATE_FAST   		25
(0045) #define HW_ID						"1"
(0046) 
(0047) #define NMEA_GPRMC_EMPTY            "GPRMC"
(0048) #define NMEA_SHFTL_EMPTY            "SHFTL"
(0049) #define NMEA_FIELD_CMD              1
(0050) #define NMEA_FIELD_ID               2
(0051) 
(0052) const char hw_id[] = HW_ID;
(0053) 
(0054) const char cmd_on[] = "ON";
(0055) const char cmd_off[] = "OFF";
(0056) const char cmd_fon[] = "FON";
(0057) const char cmd_foff[] = "FOFF";
(0058) char nmea_gprmc_empty[] = NMEA_GPRMC_EMPTY;
(0059) char nmea_shftl_empty[] = NMEA_SHFTL_EMPTY;
(0060) char fld_buf[NMEA_MAX_SIZE];
(0061) bool override = false;
(0062) unsigned long override_counter;
(0063) 
(0064) unsigned int const schedule[2][2] = {
(0065) 		                                {5, POWER_MAX},
(0066) 		                                {20, 0}
(0067)                               		};
(0068) 
(0069) struct datetime {
(0070) 	unsigned char sec;
(0071) 	unsigned char min;
(0072) 	unsigned char hour;
(0073) 	unsigned char day;
(0074) 	unsigned char month;
(0075) 	unsigned char year;
(0076) 	bool valid;
(0077) };
(0078) 
(0079) unsigned int power_target = 0;
(0080) 
(0081) // NMEA variables
(0082) char NMEA_buffer_gps[NMEA_MAX_SIZE] = "NMEA_buffer_gps";
(0083) char NMEA_buffer_rf[NMEA_MAX_SIZE] = "NMEA_buffer_rf";
(0084) char NMEA_GPRMC[NMEA_MAX_SIZE] = NMEA_GPRMC_EMPTY;
(0085) char NMEA_SHFTL[NMEA_MAX_SIZE] = NMEA_SHFTL_EMPTY;
(0086) bool NMEA_cmd_received = false;
(0087) unsigned char NMEA_pointer_gps;
(0088) unsigned char NMEA_pointer_rf;
(0089) 
(0090) struct datetime gps_datetime = {0, 0, 0, 0, 0, 0, false};
(0091) struct datetime local_datetime = {0, 0, 0, 0, 0, 0, false};
(0092) 
(0093) void set_power(unsigned int pwr);
(0094) void override_enable(void);
(0095) void update_power(void);
(0096) void schedule_processing(unsigned char hour);
(0097) void schedule_init(void);
(0098) void rtc_update(struct datetime *datetime);
(0099) bool check_fld(const char *cmd);
(0100) 
(0101) // NMEA functions
(0102) bool NMEA_handle_packet(char *packet, char *NMEA_data);
(0103) void NMEA_GetField(char *packet, unsigned char field, char *result);
(0104) void NMEA_GetTimeUTC(char *gprmc, struct datetime *gps_datetime);
(0105) 
(0106) unsigned char str_cmp(char *str1, char *str2, unsigned char stop);
(0107) unsigned char str_cmp_const(char *str1, const char *str2, unsigned char stop);
(0108) unsigned char byte_to_bcd(unsigned char byte);
(0109) unsigned char bcd_to_byte(unsigned char reg);
(0110) void utc_to_local(struct datetime *gps_datetime, struct datetime *local_datetime);
(0111) 
(0112) void gps_signal(void)
(0113) {
_gps_signal:
    0D02: 10       PUSH  X
    0D03: 4F       MOV   X,SP
    0D04: 38 02    ADD   SP,0x2
(0114) 	if (NMEA_pointer_gps >= NMEA_MAX_SIZE) NMEA_pointer_gps = 0;
    0D06: 62 D0 01 MOV   REG[0xD0],0x1
    0D09: 3C FE 52 CMP   [NMEA_pointer_gps],0x52
    0D0C: C0 07    JC    0x0D14
    0D0E: 62 D0 01 MOV   REG[0xD0],0x1
    0D11: 55 FE 00 MOV   [NMEA_pointer_gps],0x0
(0115)     NMEA_buffer_gps[NMEA_pointer_gps] = RX8_GPS_bReadRxData();	
    0D14: 10       PUSH  X
    0D15: 7C 09 34 LCALL RX8_GPS_bReadRxData|bRX8_GPS_ReadRxData|_bRX8_GPS_ReadRxData|_RX8_GPS_bReadRxData
    0D18: 20       POP   X
    0D19: 62 D0 00 MOV   REG[0xD0],0x0
    0D1C: 53 D7    MOV   [__r0],A
    0D1E: 62 D0 01 MOV   REG[0xD0],0x1
    0D21: 51 FE    MOV   A,[NMEA_pointer_gps]
    0D23: 62 D0 00 MOV   REG[0xD0],0x0
    0D26: 53 D4    MOV   [__r3],A
    0D28: 55 D5 00 MOV   [__r2],0x0
    0D2B: 06 D4 05 ADD   [__r3],0x5
    0D2E: 0E D5 00 ADC   [__r2],0x0
    0D31: 51 D5    MOV   A,[__r2]
    0D33: 60 D5    MOV   REG[0xD5],A
    0D35: 51 D7    MOV   A,[__r0]
    0D37: 3F D4    MVI   [__r3],A
(0116)     NMEA_buffer_gps[NMEA_pointer_gps + 1] = 0;	
    0D39: 62 D0 01 MOV   REG[0xD0],0x1
    0D3C: 51 FE    MOV   A,[NMEA_pointer_gps]
    0D3E: 62 D0 00 MOV   REG[0xD0],0x0
    0D41: 53 D6    MOV   [__r1],A
    0D43: 55 D7 00 MOV   [__r0],0x0
    0D46: 06 D6 06 ADD   [__r1],0x6
    0D49: 0E D7 00 ADC   [__r0],0x0
    0D4C: 51 D7    MOV   A,[__r0]
    0D4E: 60 D5    MOV   REG[0xD5],A
    0D50: 50 00    MOV   A,0x0
    0D52: 3F D6    MVI   [__r1],A
(0117)     switch(NMEA_buffer_gps[NMEA_pointer_gps])
    0D54: 62 D0 01 MOV   REG[0xD0],0x1
    0D57: 51 FE    MOV   A,[NMEA_pointer_gps]
    0D59: 62 D0 00 MOV   REG[0xD0],0x0
    0D5C: 53 D6    MOV   [__r1],A
    0D5E: 55 D7 00 MOV   [__r0],0x0
    0D61: 06 D6 05 ADD   [__r1],0x5
    0D64: 0E D7 00 ADC   [__r0],0x0
    0D67: 51 D7    MOV   A,[__r0]
    0D69: 60 D4    MOV   REG[0xD4],A
    0D6B: 3E D6    MVI   A,[__r1]
    0D6D: 54 01    MOV   [X+1],A
    0D6F: 56 00 00 MOV   [X+0],0x0
    0D72: 52 01    MOV   A,[X+1]
    0D74: 11 0A    SUB   A,0xA
    0D76: 53 CA    MOV   [__rY],A
    0D78: 52 00    MOV   A,[X+0]
    0D7A: 31 80    XOR   A,0x80
    0D7C: 19 80    SBB   A,0x80
    0D7E: C0 2B    JC    0x0DAA
    0D80: 2A CA    OR    A,[__rY]
    0D82: A0 15    JZ    0x0D98
    0D84: 3D 00 00 CMP   [X+0],0x0
    0D87: B0 06    JNZ   0x0D8E
    0D89: 3D 01 24 CMP   [X+1],0x24
    0D8C: A0 03    JZ    0x0D90
    0D8E: 80 1B    JMP   0x0DAA
(0118)     {
(0119)         case NMEA_START_DELIMITER:
(0120)         NMEA_pointer_gps = 0;
    0D90: 62 D0 01 MOV   REG[0xD0],0x1
    0D93: 55 FE 00 MOV   [NMEA_pointer_gps],0x0
(0121)         break;
    0D96: 80 18    JMP   0x0DAF
(0122)         
(0123)         case NMEA_END_DELIMITER:
(0124)         NMEA_handle_packet(NMEA_buffer_gps, NMEA_GPRMC);
    0D98: 50 01    MOV   A,0x1
    0D9A: 08       PUSH  A
    0D9B: 50 00    MOV   A,0x0
    0D9D: 08       PUSH  A
    0D9E: 50 00    MOV   A,0x0
    0DA0: 08       PUSH  A
    0DA1: 50 05    MOV   A,0x5
    0DA3: 08       PUSH  A
    0DA4: 96 62    CALL  _NMEA_handle_packet
    0DA6: 38 FC    ADD   SP,0xFC
(0125)         break;
    0DA8: 80 06    JMP   0x0DAF
(0126)         
(0127)         default:
(0128)         NMEA_pointer_gps++;
    0DAA: 62 D0 01 MOV   REG[0xD0],0x1
    0DAD: 76 FE    INC   [NMEA_pointer_gps]
(0129)         break;
    0DAF: 38 FE    ADD   SP,0xFE
    0DB1: 20       POP   X
    0DB2: 7F       RET   
(0130)     }
(0131) }
(0132) 
(0133) void rf_signal(void)
(0134) {	
_rf_signal:
    0DB3: 10       PUSH  X
    0DB4: 4F       MOV   X,SP
    0DB5: 38 02    ADD   SP,0x2
(0135) 	if (NMEA_pointer_rf >= NMEA_MAX_SIZE) NMEA_pointer_rf = 0;
    0DB7: 62 D0 00 MOV   REG[0xD0],0x0
    0DBA: 3C F6 52 CMP   [NMEA_pointer_rf],0x52
    0DBD: C0 07    JC    0x0DC5
    0DBF: 62 D0 00 MOV   REG[0xD0],0x0
    0DC2: 55 F6 00 MOV   [NMEA_pointer_rf],0x0
(0136)     NMEA_buffer_rf[NMEA_pointer_rf] = RX8_RF_bReadRxData();	
    0DC5: 10       PUSH  X
    0DC6: 7C 07 4E LCALL _RX8_RF_bReadRxData|_bRX8_RF_ReadRxData|RX8_RF_bReadRxData|bRX8_RF_ReadRxData
    0DC9: 20       POP   X
    0DCA: 62 D0 00 MOV   REG[0xD0],0x0
    0DCD: 53 D7    MOV   [__r0],A
    0DCF: 62 D0 00 MOV   REG[0xD0],0x0
    0DD2: 51 F6    MOV   A,[NMEA_pointer_rf]
    0DD4: 62 D0 00 MOV   REG[0xD0],0x0
    0DD7: 53 D4    MOV   [__r3],A
    0DD9: 55 D5 00 MOV   [__r2],0x0
    0DDC: 06 D4 52 ADD   [__r3],0x52
    0DDF: 0E D5 01 ADC   [__r2],0x1
    0DE2: 51 D5    MOV   A,[__r2]
    0DE4: 60 D5    MOV   REG[0xD5],A
    0DE6: 51 D7    MOV   A,[__r0]
    0DE8: 3F D4    MVI   [__r3],A
(0137)     NMEA_buffer_rf[NMEA_pointer_rf + 1] = 0;	
    0DEA: 62 D0 00 MOV   REG[0xD0],0x0
    0DED: 51 F6    MOV   A,[NMEA_pointer_rf]
    0DEF: 62 D0 00 MOV   REG[0xD0],0x0
    0DF2: 53 D6    MOV   [__r1],A
    0DF4: 55 D7 00 MOV   [__r0],0x0
    0DF7: 06 D6 53 ADD   [__r1],0x53
    0DFA: 0E D7 01 ADC   [__r0],0x1
    0DFD: 51 D7    MOV   A,[__r0]
    0DFF: 60 D5    MOV   REG[0xD5],A
    0E01: 50 00    MOV   A,0x0
    0E03: 3F D6    MVI   [__r1],A
(0138)     switch(NMEA_buffer_rf[NMEA_pointer_rf])
    0E05: 62 D0 00 MOV   REG[0xD0],0x0
    0E08: 51 F6    MOV   A,[NMEA_pointer_rf]
    0E0A: 62 D0 00 MOV   REG[0xD0],0x0
    0E0D: 53 D6    MOV   [__r1],A
    0E0F: 55 D7 00 MOV   [__r0],0x0
    0E12: 06 D6 52 ADD   [__r1],0x52
    0E15: 0E D7 01 ADC   [__r0],0x1
    0E18: 51 D7    MOV   A,[__r0]
    0E1A: 60 D4    MOV   REG[0xD4],A
    0E1C: 3E D6    MVI   A,[__r1]
    0E1E: 54 01    MOV   [X+1],A
    0E20: 56 00 00 MOV   [X+0],0x0
    0E23: 52 01    MOV   A,[X+1]
    0E25: 11 0A    SUB   A,0xA
    0E27: 53 CA    MOV   [__rY],A
    0E29: 52 00    MOV   A,[X+0]
    0E2B: 31 80    XOR   A,0x80
    0E2D: 19 80    SBB   A,0x80
    0E2F: C0 41    JC    0x0E71
    0E31: 2A CA    OR    A,[__rY]
    0E33: A0 15    JZ    0x0E49
    0E35: 3D 00 00 CMP   [X+0],0x0
    0E38: B0 06    JNZ   0x0E3F
    0E3A: 3D 01 24 CMP   [X+1],0x24
    0E3D: A0 03    JZ    0x0E41
    0E3F: 80 31    JMP   0x0E71
(0139)     {
(0140)         case NMEA_START_DELIMITER:
(0141)         NMEA_pointer_rf = 0;
    0E41: 62 D0 00 MOV   REG[0xD0],0x0
    0E44: 55 F6 00 MOV   [NMEA_pointer_rf],0x0
(0142)         break;
    0E47: 80 2E    JMP   0x0E76
(0143)         
(0144)         case NMEA_END_DELIMITER:
(0145)         NMEA_cmd_received = NMEA_handle_packet(NMEA_buffer_rf, NMEA_SHFTL);
    0E49: 50 00    MOV   A,0x0
    0E4B: 08       PUSH  A
    0E4C: 50 57    MOV   A,0x57
    0E4E: 08       PUSH  A
    0E4F: 50 01    MOV   A,0x1
    0E51: 08       PUSH  A
    0E52: 50 52    MOV   A,0x52
    0E54: 08       PUSH  A
    0E55: 95 B1    CALL  _NMEA_handle_packet
    0E57: 38 FC    ADD   SP,0xFC
    0E59: 62 D0 00 MOV   REG[0xD0],0x0
    0E5C: 51 D6    MOV   A,[__r1]
    0E5E: 08       PUSH  A
    0E5F: 51 D7    MOV   A,[__r0]
    0E61: 62 D0 00 MOV   REG[0xD0],0x0
    0E64: 53 F4    MOV   [NMEA_cmd_received],A
    0E66: 18       POP   A
    0E67: 53 F5    MOV   [NMEA_cmd_received+1],A
(0146)         NMEA_buffer_rf[0] = 0;
    0E69: 62 D0 01 MOV   REG[0xD0],0x1
    0E6C: 55 52 00 MOV   [NMEA_buffer_rf],0x0
(0147)         break;
    0E6F: 80 06    JMP   0x0E76
(0148)         
(0149)         default:
(0150)         NMEA_pointer_rf++;
    0E71: 62 D0 00 MOV   REG[0xD0],0x0
    0E74: 76 F6    INC   [NMEA_pointer_rf]
(0151)         break;
    0E76: 38 FE    ADD   SP,0xFE
    0E78: 20       POP   X
    0E79: 7F       RET   
(0152)     }
(0153) }
(0154) 
(0155) void main(void)
(0156) {
_main:
  t                    --> X+0
    0E7A: 10       PUSH  X
    0E7B: 4F       MOV   X,SP
    0E7C: 38 01    ADD   SP,0x1
(0157) 	unsigned char t;
(0158) 	
(0159) 	M8C_EnableGInt; // Uncomment this line to enable Global Interrupts
    0E7E: 71 01    OR    F,0x1
(0160) 
(0161) 	RTC_SetHour(0x08);
    0E80: 10       PUSH  X
    0E81: 50 08    MOV   A,0x8
    0E83: 7C 0A 8D LCALL _RTC_SetHour
(0162) 	RTC_SetMinute(0x00);
    0E86: 50 00    MOV   A,0x0
    0E88: 7C 0A 75 LCALL _RTC_SetMinute
(0163) 	RTC_SetSecond(0x00);
    0E8B: 50 00    MOV   A,0x0
    0E8D: 7C 0A 5D LCALL _RTC_SetSecond
(0164) 	RTC_Start();
    0E90: 7C 0A 22 LCALL _RTC_Start
(0165) 	PWM16_CH0_Start();
    0E93: 7C 0B 0B LCALL _PWM16_CH0_Start
(0166) 	PWM16_CH1_Start();
    0E96: 7C 0A AE LCALL _PWM16_CH1_Start
(0167) 	Counter16_PwrUpd_Start();
    0E99: 7C 0C 7B LCALL _Counter16_PwrUpd_Start
(0168) 	Counter8_RF_clk_Start();
    0E9C: 7C 0B A6 LCALL _Counter8_RF_clk_Start
(0169) 	RX8_GPS_Start(RX8_GPS_PARITY_NONE);
    0E9F: 50 00    MOV   A,0x0
    0EA1: 7C 09 2B LCALL _RX8_GPS_Start
(0170) 	RX8_RF_Start(RX8_GPS_PARITY_ODD);
    0EA4: 50 06    MOV   A,0x6
    0EA6: 7C 07 45 LCALL _RX8_RF_Start
(0171) 	//TX8_Debug_Start(RX8_GPS_PARITY_NONE);
(0172) 	
(0173) 	RX8_GPS_EnableInt();
    0EA9: 7C 09 23 LCALL _RX8_GPS_EnableInt
(0174) 	RX8_RF_EnableInt();
    0EAC: 7C 07 3D LCALL _RX8_RF_EnableInt
(0175) 	Counter16_PwrUpd_EnableInt();
    0EAF: 7C 0C 73 LCALL _Counter16_PwrUpd_EnableInt
(0176) 		
(0177) 	Counter16_PwrUpd_WritePeriod(POWER_UPDATE_SLOW);
    0EB2: 57 03    MOV   X,0x3
    0EB4: 50 E8    MOV   A,0xE8
    0EB6: 7C 0C 83 LCALL _Counter16_PwrUpd_WritePeriod
    0EB9: 20       POP   X
(0178) 	set_power(POWER_MAX);
    0EBA: 50 36    MOV   A,0x36
    0EBC: 08       PUSH  A
    0EBD: 50 B0    MOV   A,0xB0
    0EBF: 08       PUSH  A
    0EC0: 91 F8    CALL  _set_power
    0EC2: 38 FE    ADD   SP,0xFE
(0179) 	LED_Blue_Off();
    0EC4: 10       PUSH  X
    0EC5: 7C 0B 63 LCALL _LED_Blue_Stop|_LED_Blue_Start|LED_Blue_Off|LED_Blue_Start|_LED_Blue_Off
    0EC8: 20       POP   X
    0EC9: 81 E9    JMP   0x10B3
(0180) 	
(0181) 	while (1)
(0182) 	{		
(0183) 		// Handle commands
(0184) 		if (NMEA_cmd_received)
    0ECB: 62 D0 00 MOV   REG[0xD0],0x0
    0ECE: 3C F4 00 CMP   [NMEA_cmd_received],0x0
    0ED1: B0 06    JNZ   0x0ED8
    0ED3: 3C F5 00 CMP   [NMEA_cmd_received+1],0x0
    0ED6: A1 3F    JZ    0x1016
(0185)         {
(0186) 			LED_Blue_On();
    0ED8: 10       PUSH  X
    0ED9: 7C 0B 5F LCALL _LED_Blue_On
(0187) 			TX8_Debug_CPutString("NMEA_cmd");
    0EDC: 50 01    MOV   A,0x1
    0EDE: 08       PUSH  A
    0EDF: 50 AE    MOV   A,0xAE
    0EE1: 5C       MOV   X,A
    0EE2: 18       POP   A
    0EE3: 7C 06 20 LCALL _TX8_Debug_CPutString
    0EE6: 20       POP   X
(0188) 			NMEA_cmd_received = false;		
    0EE7: 62 D0 00 MOV   REG[0xD0],0x0
    0EEA: 55 F5 00 MOV   [NMEA_cmd_received+1],0x0
    0EED: 55 F4 00 MOV   [NMEA_cmd_received],0x0
(0189)             
(0190)             // NMEA_SHFTL handle
(0191) 			NMEA_GetField(NMEA_SHFTL, NMEA_FIELD_ID, fld_buf);
    0EF0: 50 01    MOV   A,0x1
    0EF2: 08       PUSH  A
    0EF3: 50 A4    MOV   A,0xA4
    0EF5: 08       PUSH  A
    0EF6: 50 02    MOV   A,0x2
    0EF8: 08       PUSH  A
    0EF9: 50 00    MOV   A,0x0
    0EFB: 08       PUSH  A
    0EFC: 50 57    MOV   A,0x57
    0EFE: 08       PUSH  A
    0EFF: 93 CC    CALL  _NMEA_GetField
(0192) 			if(check_fld(hw_id) || check_fld("0"))	// Check ID
    0F01: 50 01    MOV   A,0x1
    0F03: 08       PUSH  A
    0F04: 50 90    MOV   A,0x90
    0F06: 08       PUSH  A
    0F07: 93 77    CALL  _check_fld
    0F09: 38 F9    ADD   SP,0xF9
    0F0B: 62 D0 00 MOV   REG[0xD0],0x0
    0F0E: 3C D7 00 CMP   [__r0],0x0
    0F11: B0 1D    JNZ   0x0F2F
    0F13: 3C D6 00 CMP   [__r1],0x0
    0F16: B0 18    JNZ   0x0F2F
    0F18: 50 01    MOV   A,0x1
    0F1A: 08       PUSH  A
    0F1B: 50 AC    MOV   A,0xAC
    0F1D: 08       PUSH  A
    0F1E: 93 60    CALL  _check_fld
    0F20: 38 FE    ADD   SP,0xFE
    0F22: 62 D0 00 MOV   REG[0xD0],0x0
    0F25: 3C D7 00 CMP   [__r0],0x0
    0F28: B0 06    JNZ   0x0F2F
    0F2A: 3C D6 00 CMP   [__r1],0x0
    0F2D: A0 E8    JZ    0x1016
(0193) 			{			
(0194) 	            NMEA_GetField(NMEA_SHFTL, NMEA_FIELD_CMD, fld_buf);
    0F2F: 50 01    MOV   A,0x1
    0F31: 08       PUSH  A
    0F32: 50 A4    MOV   A,0xA4
    0F34: 08       PUSH  A
    0F35: 50 01    MOV   A,0x1
    0F37: 08       PUSH  A
    0F38: 50 00    MOV   A,0x0
    0F3A: 08       PUSH  A
    0F3B: 50 57    MOV   A,0x57
    0F3D: 08       PUSH  A
    0F3E: 93 8D    CALL  _NMEA_GetField
(0195) 	            if(check_fld(cmd_on))
    0F40: 50 01    MOV   A,0x1
    0F42: 08       PUSH  A
    0F43: 50 92    MOV   A,0x92
    0F45: 08       PUSH  A
    0F46: 93 38    CALL  _check_fld
    0F48: 38 F9    ADD   SP,0xF9
    0F4A: 62 D0 00 MOV   REG[0xD0],0x0
    0F4D: 3C D7 00 CMP   [__r0],0x0
    0F50: B0 06    JNZ   0x0F57
    0F52: 3C D6 00 CMP   [__r1],0x0
    0F55: A0 18    JZ    0x0F6E
(0196) 	            {	                
(0197) 					set_power(POWER_MAX);
    0F57: 50 36    MOV   A,0x36
    0F59: 08       PUSH  A
    0F5A: 50 B0    MOV   A,0xB0
    0F5C: 08       PUSH  A
    0F5D: 91 5B    CALL  _set_power
    0F5F: 38 FE    ADD   SP,0xFE
(0198) 					Counter16_PwrUpd_WritePeriod(POWER_UPDATE_SLOW);
    0F61: 10       PUSH  X
    0F62: 57 03    MOV   X,0x3
    0F64: 50 E8    MOV   A,0xE8
    0F66: 7C 0C 83 LCALL _Counter16_PwrUpd_WritePeriod
    0F69: 20       POP   X
(0199) 					override_enable();	
    0F6A: 91 6D    CALL  _override_enable
(0200) 	            }
    0F6C: 80 8C    JMP   0x0FF9
(0201) 	            else if(check_fld(cmd_off))
    0F6E: 50 01    MOV   A,0x1
    0F70: 08       PUSH  A
    0F71: 50 95    MOV   A,0x95
    0F73: 08       PUSH  A
    0F74: 93 0A    CALL  _check_fld
    0F76: 38 FE    ADD   SP,0xFE
    0F78: 62 D0 00 MOV   REG[0xD0],0x0
    0F7B: 3C D7 00 CMP   [__r0],0x0
    0F7E: B0 06    JNZ   0x0F85
    0F80: 3C D6 00 CMP   [__r1],0x0
    0F83: A0 16    JZ    0x0F9A
(0202) 	            {
(0203) 	                set_power(0);
    0F85: 50 00    MOV   A,0x0
    0F87: 08       PUSH  A
    0F88: 08       PUSH  A
    0F89: 91 2F    CALL  _set_power
    0F8B: 38 FE    ADD   SP,0xFE
(0204) 					Counter16_PwrUpd_WritePeriod(POWER_UPDATE_SLOW);
    0F8D: 10       PUSH  X
    0F8E: 57 03    MOV   X,0x3
    0F90: 50 E8    MOV   A,0xE8
    0F92: 7C 0C 83 LCALL _Counter16_PwrUpd_WritePeriod
    0F95: 20       POP   X
(0205) 					override_enable();	
    0F96: 91 41    CALL  _override_enable
(0206) 	            }
    0F98: 80 60    JMP   0x0FF9
(0207) 				else if(check_fld(cmd_fon))
    0F9A: 50 01    MOV   A,0x1
    0F9C: 08       PUSH  A
    0F9D: 50 99    MOV   A,0x99
    0F9F: 08       PUSH  A
    0FA0: 92 DE    CALL  _check_fld
    0FA2: 38 FE    ADD   SP,0xFE
    0FA4: 62 D0 00 MOV   REG[0xD0],0x0
    0FA7: 3C D7 00 CMP   [__r0],0x0
    0FAA: B0 06    JNZ   0x0FB1
    0FAC: 3C D6 00 CMP   [__r1],0x0
    0FAF: A0 18    JZ    0x0FC8
(0208) 	            {	                
(0209) 					set_power(POWER_MAX);
    0FB1: 50 36    MOV   A,0x36
    0FB3: 08       PUSH  A
    0FB4: 50 B0    MOV   A,0xB0
    0FB6: 08       PUSH  A
    0FB7: 91 01    CALL  _set_power
    0FB9: 38 FE    ADD   SP,0xFE
(0210) 					Counter16_PwrUpd_WritePeriod(POWER_UPDATE_FAST);
    0FBB: 10       PUSH  X
    0FBC: 57 00    MOV   X,0x0
    0FBE: 50 19    MOV   A,0x19
    0FC0: 7C 0C 83 LCALL _Counter16_PwrUpd_WritePeriod
    0FC3: 20       POP   X
(0211) 					override_enable();	
    0FC4: 91 13    CALL  _override_enable
(0212) 	            }
    0FC6: 80 32    JMP   0x0FF9
(0213) 	            else if(check_fld(cmd_foff))
    0FC8: 50 01    MOV   A,0x1
    0FCA: 08       PUSH  A
    0FCB: 50 9D    MOV   A,0x9D
    0FCD: 08       PUSH  A
    0FCE: 92 B0    CALL  _check_fld
    0FD0: 38 FE    ADD   SP,0xFE
    0FD2: 62 D0 00 MOV   REG[0xD0],0x0
    0FD5: 3C D7 00 CMP   [__r0],0x0
    0FD8: B0 06    JNZ   0x0FDF
    0FDA: 3C D6 00 CMP   [__r1],0x0
    0FDD: A0 16    JZ    0x0FF4
(0214) 	            {
(0215) 					set_power(0);
    0FDF: 50 00    MOV   A,0x0
    0FE1: 08       PUSH  A
    0FE2: 08       PUSH  A
    0FE3: 90 D5    CALL  _set_power
    0FE5: 38 FE    ADD   SP,0xFE
(0216) 					Counter16_PwrUpd_WritePeriod(POWER_UPDATE_FAST);
    0FE7: 10       PUSH  X
    0FE8: 57 00    MOV   X,0x0
    0FEA: 50 19    MOV   A,0x19
    0FEC: 7C 0C 83 LCALL _Counter16_PwrUpd_WritePeriod
    0FEF: 20       POP   X
(0217) 					override_enable();	
    0FF0: 90 E7    CALL  _override_enable
(0218) 	            }
    0FF2: 80 06    JMP   0x0FF9
(0219) 				else LED_Blue_Off();
    0FF4: 10       PUSH  X
    0FF5: 7C 0B 63 LCALL _LED_Blue_Stop|_LED_Blue_Start|LED_Blue_Off|LED_Blue_Start|_LED_Blue_Off
    0FF8: 20       POP   X
(0220) 				
(0221) 	            NMEA_SHFTL[0] = 0;
    0FF9: 62 D0 00 MOV   REG[0xD0],0x0
    0FFC: 55 57 00 MOV   [NMEA_SHFTL],0x0
(0222) 	            strncat(NMEA_SHFTL, nmea_shftl_empty, NMEA_MAX_SIZE);
    0FFF: 50 00    MOV   A,0x0
    1001: 08       PUSH  A
    1002: 50 52    MOV   A,0x52
    1004: 08       PUSH  A
    1005: 50 00    MOV   A,0x0
    1007: 08       PUSH  A
    1008: 50 E8    MOV   A,0xE8
    100A: 08       PUSH  A
    100B: 50 00    MOV   A,0x0
    100D: 08       PUSH  A
    100E: 50 57    MOV   A,0x57
    1010: 08       PUSH  A
    1011: 7C 1A F1 LCALL _strncat
    1014: 38 FA    ADD   SP,0xFA
(0223) 			}
(0224) 		}		
(0225) 				
(0226) 		if(!override)
    1016: 62 D0 01 MOV   REG[0xD0],0x1
    1019: 3C FC 00 CMP   [override],0x0
    101C: B0 4F    JNZ   0x106C
    101E: 3C FD 00 CMP   [override+1],0x0
    1021: B0 4A    JNZ   0x106C
(0227) 		{
(0228) 			// Get datetime
(0229) 			local_datetime.valid = false;
    1023: 62 D0 00 MOV   REG[0xD0],0x0
    1026: 55 DF 00 MOV   [local_datetime+7],0x0
    1029: 55 DE 00 MOV   [local_datetime+6],0x0
(0230) 			NMEA_GetTimeUTC(NMEA_GPRMC, &gps_datetime);
    102C: 50 00    MOV   A,0x0
    102E: 08       PUSH  A
    102F: 50 E0    MOV   A,0xE0
    1031: 08       PUSH  A
    1032: 50 01    MOV   A,0x1
    1034: 08       PUSH  A
    1035: 50 00    MOV   A,0x0
    1037: 08       PUSH  A
    1038: 94 F6    CALL  _NMEA_GetTimeUTC
    103A: 38 FC    ADD   SP,0xFC
(0231) 			if(gps_datetime.valid) 
    103C: 62 D0 00 MOV   REG[0xD0],0x0
    103F: 3C E6 00 CMP   [gps_datetime+6],0x0
    1042: B0 06    JNZ   0x1049
    1044: 3C E7 00 CMP   [gps_datetime+7],0x0
    1047: A0 19    JZ    0x1061
(0232) 			{
(0233) 				utc_to_local(&gps_datetime, &local_datetime);
    1049: 50 00    MOV   A,0x0
    104B: 08       PUSH  A
    104C: 50 D8    MOV   A,0xD8
    104E: 08       PUSH  A
    104F: 50 00    MOV   A,0x0
    1051: 08       PUSH  A
    1052: 50 E0    MOV   A,0xE0
    1054: 08       PUSH  A
    1055: 97 FE    CALL  _utc_to_local
(0234) 				rtc_update(&local_datetime);
    1057: 50 00    MOV   A,0x0
    1059: 08       PUSH  A
    105A: 50 D8    MOV   A,0xD8
    105C: 08       PUSH  A
    105D: 91 BF    CALL  _rtc_update
    105F: 38 FA    ADD   SP,0xFA
(0235) 			}
(0236) 			
(0237) 			// Scheduler
(0238) 			Counter16_PwrUpd_WritePeriod(POWER_UPDATE_SLOW);
    1061: 10       PUSH  X
    1062: 57 03    MOV   X,0x3
    1064: 50 E8    MOV   A,0xE8
    1066: 7C 0C 83 LCALL _Counter16_PwrUpd_WritePeriod
    1069: 20       POP   X
(0239) 			schedule_init();
    106A: 91 74    CALL  _schedule_init
(0240) 		}
(0241) 		
(0242) 		Delay10msTimes(WAIT_PERIOD);
    106C: 10       PUSH  X
    106D: 50 02    MOV   A,0x2
    106F: 7C 0C D3 LCALL __UserModules_end|Delay10msTimes|_Delay10msTimes|__text_start
(0243) 		TX8_Debug_CPutString("D");
    1072: 50 01    MOV   A,0x1
    1074: 08       PUSH  A
    1075: 50 AA    MOV   A,0xAA
    1077: 5C       MOV   X,A
    1078: 18       POP   A
    1079: 7C 06 20 LCALL _TX8_Debug_CPutString
    107C: 20       POP   X
(0244) 		if (override_counter > 0) override_counter--;
    107D: 62 D0 01 MOV   REG[0xD0],0x1
    1080: 3C F6 00 CMP   [override_counter],0x0
    1083: B0 10    JNZ   0x1094
    1085: 3C F7 00 CMP   [override_counter+1],0x0
    1088: B0 0B    JNZ   0x1094
    108A: 3C F8 00 CMP   [override_counter+2],0x0
    108D: B0 06    JNZ   0x1094
    108F: 3C F9 00 CMP   [override_counter+3],0x0
    1092: A0 12    JZ    0x10A5
    1094: 62 D0 01 MOV   REG[0xD0],0x1
    1097: 16 F9 01 SUB   [override_counter+3],0x1
    109A: 1E F8 00 SBB   [override_counter+2],0x0
    109D: 1E F7 00 SBB   [override_counter+1],0x0
    10A0: 1E F6 00 SBB   [override_counter],0x0
    10A3: 80 0A    JMP   0x10AE
(0245) 		else override = false;
    10A5: 62 D0 01 MOV   REG[0xD0],0x1
    10A8: 55 FD 00 MOV   [override+1],0x0
    10AB: 55 FC 00 MOV   [override],0x0
(0246) 		LED_Blue_Off();
    10AE: 10       PUSH  X
    10AF: 7C 0B 63 LCALL _LED_Blue_Stop|_LED_Blue_Start|LED_Blue_Off|LED_Blue_Start|_LED_Blue_Off
    10B2: 20       POP   X
(0247) 	}
    10B3: 8E 17    JMP   0x0ECB
    10B5: 38 FF    ADD   SP,0xFF
    10B7: 20       POP   X
    10B8: 8F FF    JMP   0x10B8
(0248) }
(0249) 
(0250) void set_power(unsigned int pwr)
(0251) {
_set_power:
  pwr                  --> X-5
    10BA: 10       PUSH  X
    10BB: 4F       MOV   X,SP
(0252) 	if(pwr > POWER_MAX) pwr = POWER_MAX;
    10BC: 50 B0    MOV   A,0xB0
    10BE: 13 FC    SUB   A,[X-4]
    10C0: 50 36    MOV   A,0x36
    10C2: 1B FB    SBB   A,[X-5]
    10C4: D0 07    JNC   0x10CC
    10C6: 56 FC B0 MOV   [X-4],0xB0
    10C9: 56 FB 36 MOV   [X-5],0x36
(0253) 	power_target = pwr;
    10CC: 62 D0 01 MOV   REG[0xD0],0x1
    10CF: 52 FC    MOV   A,[X-4]
    10D1: 53 FB    MOV   [power_target+1],A
    10D3: 52 FB    MOV   A,[X-5]
    10D5: 53 FA    MOV   [power_target],A
    10D7: 20       POP   X
    10D8: 7F       RET   
(0254) }
(0255) 
(0256) void override_enable(void)
(0257) {
(0258) 	override = true;
_override_enable:
    10D9: 62 D0 01 MOV   REG[0xD0],0x1
    10DC: 55 FD 01 MOV   [override+1],0x1
    10DF: 55 FC 00 MOV   [override],0x0
(0259) 	override_counter = OVERRIDE_TIMEOUT;
    10E2: 62 D0 01 MOV   REG[0xD0],0x1
    10E5: 55 F6 00 MOV   [override_counter],0x0
    10E8: 55 F7 08 MOV   [override_counter+1],0x8
    10EB: 55 F8 3D MOV   [override_counter+2],0x3D
    10EE: 55 F9 60 MOV   [override_counter+3],0x60
    10F1: 7F       RET   
(0260) }
(0261) 
(0262) void update_power(void)
(0263) {
_update_power:
  pwr                  --> X+0
    10F2: 10       PUSH  X
    10F3: 4F       MOV   X,SP
    10F4: 38 02    ADD   SP,0x2
(0264) 	unsigned int pwr;
(0265) 	
(0266) 	pwr = PWM16_CH0_wReadPulseWidth();
    10F6: 10       PUSH  X
    10F7: 7C 0B 1F LCALL _PWM16_CH0_wReadPulseWidth|wPWM16_CH0_ReadPulseWidth|_wPWM16_CH0_ReadPulseWidth
    10FA: 62 D0 00 MOV   REG[0xD0],0x0
    10FD: 5A D7    MOV   [__r0],X
    10FF: 20       POP   X
    1100: 54 01    MOV   [X+1],A
    1102: 51 D7    MOV   A,[__r0]
    1104: 54 00    MOV   [X+0],A
(0267) 	if(pwr == power_target)
    1106: 62 D0 01 MOV   REG[0xD0],0x1
    1109: 52 00    MOV   A,[X+0]
    110B: 3A FA    CMP   A,[power_target]
    110D: B0 12    JNZ   0x1120
    110F: 52 01    MOV   A,[X+1]
    1111: 3A FB    CMP   A,[power_target+1]
    1113: B0 0C    JNZ   0x1120
(0268) 	{
(0269) 		Counter16_PwrUpd_WritePeriod(POWER_UPDATE_VERY_SLOW);
    1115: 10       PUSH  X
    1116: 57 7D    MOV   X,0x7D
    1118: 50 00    MOV   A,0x0
    111A: 7C 0C 83 LCALL _Counter16_PwrUpd_WritePeriod
    111D: 20       POP   X
(0270) 	}
    111E: 80 3D    JMP   0x115C
(0271) 	else 
(0272) 	{		
(0273) 		if(pwr < power_target) pwr += POWER_STEP;
    1120: 62 D0 01 MOV   REG[0xD0],0x1
    1123: 52 01    MOV   A,[X+1]
    1125: 12 FB    SUB   A,[power_target+1]
    1127: 52 00    MOV   A,[X+0]
    1129: 1A FA    SBB   A,[power_target]
    112B: D0 08    JNC   0x1134
    112D: 77 01    INC   [X+1]
    112F: 0F 00 00 ADC   [X+0],0x0
    1132: 80 13    JMP   0x1146
(0274) 		else if(pwr > power_target) pwr -= POWER_STEP;
    1134: 62 D0 01 MOV   REG[0xD0],0x1
    1137: 51 FB    MOV   A,[power_target+1]
    1139: 13 01    SUB   A,[X+1]
    113B: 51 FA    MOV   A,[power_target]
    113D: 1B 00    SBB   A,[X+0]
    113F: D0 06    JNC   0x1146
    1141: 7B 01    DEC   [X+1]
    1143: 1F 00 00 SBB   [X+0],0x0
(0275) 		PWM16_CH0_WritePulseWidth(pwr);
    1146: 10       PUSH  X
    1147: 52 00    MOV   A,[X+0]
    1149: 08       PUSH  A
    114A: 52 01    MOV   A,[X+1]
    114C: 20       POP   X
    114D: 7C 0B 19 LCALL _PWM16_CH0_WritePulseWidth
    1150: 20       POP   X
(0276) 		PWM16_CH1_WritePulseWidth(pwr);
    1151: 10       PUSH  X
    1152: 52 00    MOV   A,[X+0]
    1154: 08       PUSH  A
    1155: 52 01    MOV   A,[X+1]
    1157: 20       POP   X
    1158: 7C 0A BC LCALL _PWM16_CH1_WritePulseWidth
    115B: 20       POP   X
(0277) 	}
    115C: 38 FE    ADD   SP,0xFE
    115E: 20       POP   X
    115F: 7F       RET   
(0278) }
(0279) 
(0280) void schedule_processing(unsigned char hour)
(0281) {
_schedule_processing:
  i                    --> X+0
  hour                 --> X-4
    1160: 10       PUSH  X
    1161: 4F       MOV   X,SP
    1162: 38 01    ADD   SP,0x1
(0282)     unsigned char i; 
(0283)     for(i = 0; i < sizeof(schedule); i++)
    1164: 56 00 00 MOV   [X+0],0x0
    1167: 80 6F    JMP   0x11D7
(0284)     {
(0285)         if(hour == schedule[i][0])
    1169: 62 D0 00 MOV   REG[0xD0],0x0
    116C: 52 00    MOV   A,[X+0]
    116E: 53 D6    MOV   [__r1],A
    1170: 55 D7 00 MOV   [__r0],0x0
    1173: 65 D6    ASL   [__r1]
    1175: 6B D7    RLC   [__r0]
    1177: 65 D6    ASL   [__r1]
    1179: 6B D7    RLC   [__r0]
    117B: 06 D6 A2 ADD   [__r1],0xA2
    117E: 0E D7 01 ADC   [__r0],0x1
    1181: 51 D7    MOV   A,[__r0]
    1183: 10       PUSH  X
    1184: 58 D6    MOV   X,[__r1]
    1186: 08       PUSH  A
    1187: 28       ROMX  
    1188: 53 D7    MOV   [__r0],A
    118A: 18       POP   A
    118B: 75       INC   X
    118C: 09 00    ADC   A,0x0
    118E: 28       ROMX  
    118F: 53 D6    MOV   [__r1],A
    1191: 20       POP   X
    1192: 52 FC    MOV   A,[X-4]
    1194: 53 D4    MOV   [__r3],A
    1196: 50 00    MOV   A,0x0
    1198: 3A D7    CMP   A,[__r0]
    119A: B0 3A    JNZ   0x11D5
    119C: 51 D4    MOV   A,[__r3]
    119E: 3A D6    CMP   A,[__r1]
    11A0: B0 34    JNZ   0x11D5
(0286)         {
(0287)             set_power(schedule[i][1]);
    11A2: 62 D0 00 MOV   REG[0xD0],0x0
    11A5: 52 00    MOV   A,[X+0]
    11A7: 53 D6    MOV   [__r1],A
    11A9: 55 D7 00 MOV   [__r0],0x0
    11AC: 65 D6    ASL   [__r1]
    11AE: 6B D7    RLC   [__r0]
    11B0: 65 D6    ASL   [__r1]
    11B2: 6B D7    RLC   [__r0]
    11B4: 06 D6 A4 ADD   [__r1],0xA4
    11B7: 0E D7 01 ADC   [__r0],0x1
    11BA: 51 D7    MOV   A,[__r0]
    11BC: 10       PUSH  X
    11BD: 58 D6    MOV   X,[__r1]
    11BF: 08       PUSH  A
    11C0: 28       ROMX  
    11C1: 53 D7    MOV   [__r0],A
    11C3: 18       POP   A
    11C4: 75       INC   X
    11C5: 09 00    ADC   A,0x0
    11C7: 28       ROMX  
    11C8: 53 D6    MOV   [__r1],A
    11CA: 20       POP   X
    11CB: 51 D7    MOV   A,[__r0]
    11CD: 08       PUSH  A
    11CE: 51 D6    MOV   A,[__r1]
    11D0: 08       PUSH  A
    11D1: 9E E7    CALL  _set_power
    11D3: 38 FE    ADD   SP,0xFE
(0288)         }
(0289)     }
    11D5: 77 00    INC   [X+0]
    11D7: 3D 00 08 CMP   [X+0],0x8
    11DA: CF 8E    JC    0x1169
    11DC: 38 FF    ADD   SP,0xFF
    11DE: 20       POP   X
    11DF: 7F       RET   
(0290) }
(0291) 
(0292) void schedule_init(void)
(0293) {
_schedule_init:
  hour                 --> X+0
    11E0: 10       PUSH  X
    11E1: 4F       MOV   X,SP
    11E2: 38 01    ADD   SP,0x1
(0294)     unsigned char hour;
(0295) 	
(0296) 	for(hour = 0; hour <= HOUR_MAX; hour++)
    11E4: 56 00 00 MOV   [X+0],0x0
    11E7: 80 0A    JMP   0x11F2
(0297)     {
(0298)         schedule_processing(hour);
    11E9: 52 00    MOV   A,[X+0]
    11EB: 08       PUSH  A
    11EC: 9F 72    CALL  _schedule_processing
    11EE: 38 FF    ADD   SP,0xFF
(0299)     }
    11F0: 77 00    INC   [X+0]
    11F2: 50 17    MOV   A,0x17
    11F4: 3B 00    CMP   A,[X+0]
    11F6: DF F2    JNC   0x11E9
(0300)     for(hour = 0; hour <= bcd_to_byte(RTC_bReadHour()); hour++)
    11F8: 56 00 00 MOV   [X+0],0x0
    11FB: 80 0A    JMP   0x1206
(0301)     {
(0302)         schedule_processing(hour);
    11FD: 52 00    MOV   A,[X+0]
    11FF: 08       PUSH  A
    1200: 9F 5E    CALL  _schedule_processing
    1202: 38 FF    ADD   SP,0xFF
(0303)     }
    1204: 77 00    INC   [X+0]
    1206: 10       PUSH  X
    1207: 7C 0A 56 LCALL _RTC_bReadHour
    120A: 20       POP   X
    120B: 62 D0 00 MOV   REG[0xD0],0x0
    120E: 08       PUSH  A
    120F: 96 0D    CALL  _bcd_to_byte
    1211: 38 FF    ADD   SP,0xFF
    1213: 62 D0 00 MOV   REG[0xD0],0x0
    1216: 3B 00    CMP   A,[X+0]
    1218: DF E4    JNC   0x11FD
    121A: 38 FF    ADD   SP,0xFF
    121C: 20       POP   X
    121D: 7F       RET   
(0304) }
(0305) 
(0306) void rtc_update(struct datetime *datetime)
(0307) {
_rtc_update:
  datetime             --> X-5
    121E: 10       PUSH  X
    121F: 4F       MOV   X,SP
(0308) 	RTC_Stop();
    1220: 10       PUSH  X
    1221: 7C 0A 2A LCALL _RTC_Stop
    1224: 20       POP   X
(0309) 	RTC_SetHour(byte_to_bcd(datetime->hour));
    1225: 62 D0 00 MOV   REG[0xD0],0x0
    1228: 52 FC    MOV   A,[X-4]
    122A: 01 02    ADD   A,0x2
    122C: 53 D6    MOV   [__r1],A
    122E: 52 FB    MOV   A,[X-5]
    1230: 09 00    ADC   A,0x0
    1232: 60 D4    MOV   REG[0xD4],A
    1234: 3E D6    MVI   A,[__r1]
    1236: 08       PUSH  A
    1237: 95 AE    CALL  _byte_to_bcd
    1239: 38 FF    ADD   SP,0xFF
    123B: 62 D0 00 MOV   REG[0xD0],0x0
    123E: 10       PUSH  X
    123F: 7C 0A 8D LCALL _RTC_SetHour
    1242: 20       POP   X
(0310) 	RTC_SetMinute(byte_to_bcd(datetime->min));
    1243: 62 D0 00 MOV   REG[0xD0],0x0
    1246: 52 FC    MOV   A,[X-4]
    1248: 01 01    ADD   A,0x1
    124A: 53 D6    MOV   [__r1],A
    124C: 52 FB    MOV   A,[X-5]
    124E: 09 00    ADC   A,0x0
    1250: 60 D4    MOV   REG[0xD4],A
    1252: 3E D6    MVI   A,[__r1]
    1254: 08       PUSH  A
    1255: 95 90    CALL  _byte_to_bcd
    1257: 38 FF    ADD   SP,0xFF
    1259: 62 D0 00 MOV   REG[0xD0],0x0
    125C: 10       PUSH  X
    125D: 7C 0A 75 LCALL _RTC_SetMinute
    1260: 20       POP   X
(0311) 	RTC_SetSecond(byte_to_bcd(datetime->sec));
    1261: 62 D0 00 MOV   REG[0xD0],0x0
    1264: 52 FC    MOV   A,[X-4]
    1266: 53 D6    MOV   [__r1],A
    1268: 52 FB    MOV   A,[X-5]
    126A: 60 D4    MOV   REG[0xD4],A
    126C: 3E D6    MVI   A,[__r1]
    126E: 08       PUSH  A
    126F: 95 76    CALL  _byte_to_bcd
    1271: 38 FF    ADD   SP,0xFF
    1273: 62 D0 00 MOV   REG[0xD0],0x0
    1276: 10       PUSH  X
    1277: 7C 0A 5D LCALL _RTC_SetSecond
(0312) 	RTC_Start();
    127A: 7C 0A 22 LCALL _RTC_Start
    127D: 20       POP   X
    127E: 20       POP   X
    127F: 7F       RET   
(0313) }
(0314) 
(0315) bool check_fld(const char *cmd)
(0316) {
_check_fld:
  cmd                  --> X-5
    1280: 10       PUSH  X
    1281: 4F       MOV   X,SP
    1282: 38 02    ADD   SP,0x2
(0317)     return !str_cmp_const(fld_buf, cmd, strlen(fld_buf) - 1);
    1284: 50 01    MOV   A,0x1
    1286: 08       PUSH  A
    1287: 50 A4    MOV   A,0xA4
    1289: 08       PUSH  A
    128A: 7C 19 48 LCALL _strlenLMM
    128D: 62 D0 00 MOV   REG[0xD0],0x0
    1290: 16 D6 01 SUB   [__r1],0x1
    1293: 1E D7 00 SBB   [__r0],0x0
    1296: 51 D6    MOV   A,[__r1]
    1298: 08       PUSH  A
    1299: 52 FB    MOV   A,[X-5]
    129B: 08       PUSH  A
    129C: 52 FC    MOV   A,[X-4]
    129E: 08       PUSH  A
    129F: 50 01    MOV   A,0x1
    12A1: 08       PUSH  A
    12A2: 50 A4    MOV   A,0xA4
    12A4: 08       PUSH  A
    12A5: 94 EE    CALL  _str_cmp_const
    12A7: 38 F9    ADD   SP,0xF9
    12A9: 62 D0 00 MOV   REG[0xD0],0x0
    12AC: 39 00    CMP   A,0x0
    12AE: B0 09    JNZ   0x12B8
    12B0: 56 01 01 MOV   [X+1],0x1
    12B3: 56 00 00 MOV   [X+0],0x0
    12B6: 80 07    JMP   0x12BE
    12B8: 56 01 00 MOV   [X+1],0x0
    12BB: 56 00 00 MOV   [X+0],0x0
    12BE: 62 D0 00 MOV   REG[0xD0],0x0
    12C1: 52 01    MOV   A,[X+1]
    12C3: 53 D6    MOV   [__r1],A
    12C5: 52 00    MOV   A,[X+0]
    12C7: 53 D7    MOV   [__r0],A
    12C9: 38 FE    ADD   SP,0xFE
    12CB: 20       POP   X
    12CC: 7F       RET   
(0318) }
(0319) 
(0320) void NMEA_GetField(char *packet, unsigned char field, char *result)
(0321) {
_NMEA_GetField:
  count                --> X+1
  i                    --> X+0
  result               --> X-8
  field                --> X-6
  packet               --> X-5
    12CD: 10       PUSH  X
    12CE: 4F       MOV   X,SP
    12CF: 38 06    ADD   SP,0x6
(0322)     unsigned char i;
(0323)     unsigned char count = 0;
    12D1: 56 01 00 MOV   [X+1],0x0
(0324)     
(0325)     // Search field
(0326)     for (i = 0; (i < NMEA_MAX_SIZE) & (count < field); i++)
    12D4: 56 00 00 MOV   [X+0],0x0
    12D7: 80 3F    JMP   0x1317
(0327)     {
(0328)         if (packet[i] == NMEA_FIELD_DELIMITER) count++;
    12D9: 62 D0 00 MOV   REG[0xD0],0x0
    12DC: 52 00    MOV   A,[X+0]
    12DE: 53 D6    MOV   [__r1],A
    12E0: 55 D7 00 MOV   [__r0],0x0
    12E3: 52 FC    MOV   A,[X-4]
    12E5: 04 D6    ADD   [__r1],A
    12E7: 52 FB    MOV   A,[X-5]
    12E9: 0C D7    ADC   [__r0],A
    12EB: 51 D7    MOV   A,[__r0]
    12ED: 60 D4    MOV   REG[0xD4],A
    12EF: 3E D6    MVI   A,[__r1]
    12F1: 39 2C    CMP   A,0x2C
    12F3: B0 03    JNZ   0x12F7
    12F5: 77 01    INC   [X+1]
(0329) 		if (packet[i] == 0) break;
    12F7: 62 D0 00 MOV   REG[0xD0],0x0
    12FA: 52 00    MOV   A,[X+0]
    12FC: 53 D6    MOV   [__r1],A
    12FE: 55 D7 00 MOV   [__r0],0x0
    1301: 52 FC    MOV   A,[X-4]
    1303: 04 D6    ADD   [__r1],A
    1305: 52 FB    MOV   A,[X-5]
    1307: 0C D7    ADC   [__r0],A
    1309: 51 D7    MOV   A,[__r0]
    130B: 60 D4    MOV   REG[0xD4],A
    130D: 3E D6    MVI   A,[__r1]
    130F: 39 00    CMP   A,0x0
    1311: B0 03    JNZ   0x1315
    1313: 80 40    JMP   0x1354
(0330)     }
    1315: 77 00    INC   [X+0]
    1317: 3D 00 52 CMP   [X+0],0x52
    131A: D0 09    JNC   0x1324
    131C: 56 03 01 MOV   [X+3],0x1
    131F: 56 02 00 MOV   [X+2],0x0
    1322: 80 07    JMP   0x132A
    1324: 56 03 00 MOV   [X+3],0x0
    1327: 56 02 00 MOV   [X+2],0x0
    132A: 52 01    MOV   A,[X+1]
    132C: 3B FA    CMP   A,[X-6]
    132E: D0 09    JNC   0x1338
    1330: 56 05 01 MOV   [X+5],0x1
    1333: 56 04 00 MOV   [X+4],0x0
    1336: 80 07    JMP   0x133E
    1338: 56 05 00 MOV   [X+5],0x0
    133B: 56 04 00 MOV   [X+4],0x0
    133E: 62 D0 00 MOV   REG[0xD0],0x0
    1341: 52 03    MOV   A,[X+3]
    1343: 23 05    AND   A,[X+5]
    1345: 53 D6    MOV   [__r1],A
    1347: 52 02    MOV   A,[X+2]
    1349: 23 04    AND   A,[X+4]
    134B: 39 00    CMP   A,0x0
    134D: BF 8B    JNZ   0x12D9
    134F: 3C D6 00 CMP   [__r1],0x0
    1352: BF 86    JNZ   0x12D9
(0331)     
(0332)     // Measure field size
(0333)     for (count = 0; count < NMEA_MAX_SIZE; count++)
    1354: 56 01 00 MOV   [X+1],0x0
    1357: 80 57    JMP   0x13AF
(0334)     {
(0335)         if (packet[i + count] == NMEA_FIELD_DELIMITER) break;
    1359: 62 D0 00 MOV   REG[0xD0],0x0
    135C: 52 01    MOV   A,[X+1]
    135E: 53 D6    MOV   [__r1],A
    1360: 55 D7 00 MOV   [__r0],0x0
    1363: 52 00    MOV   A,[X+0]
    1365: 02 D6    ADD   A,[__r1]
    1367: 53 D6    MOV   [__r1],A
    1369: 50 00    MOV   A,0x0
    136B: 0A D7    ADC   A,[__r0]
    136D: 53 D7    MOV   [__r0],A
    136F: 52 FC    MOV   A,[X-4]
    1371: 04 D6    ADD   [__r1],A
    1373: 52 FB    MOV   A,[X-5]
    1375: 0C D7    ADC   [__r0],A
    1377: 51 D7    MOV   A,[__r0]
    1379: 60 D4    MOV   REG[0xD4],A
    137B: 3E D6    MVI   A,[__r1]
    137D: 39 2C    CMP   A,0x2C
    137F: B0 03    JNZ   0x1383
    1381: 80 32    JMP   0x13B4
(0336)         if (packet[i + count] == 0u) break;
    1383: 62 D0 00 MOV   REG[0xD0],0x0
    1386: 52 01    MOV   A,[X+1]
    1388: 53 D6    MOV   [__r1],A
    138A: 55 D7 00 MOV   [__r0],0x0
    138D: 52 00    MOV   A,[X+0]
    138F: 02 D6    ADD   A,[__r1]
    1391: 53 D6    MOV   [__r1],A
    1393: 50 00    MOV   A,0x0
    1395: 0A D7    ADC   A,[__r0]
    1397: 53 D7    MOV   [__r0],A
    1399: 52 FC    MOV   A,[X-4]
    139B: 04 D6    ADD   [__r1],A
    139D: 52 FB    MOV   A,[X-5]
    139F: 0C D7    ADC   [__r0],A
    13A1: 51 D7    MOV   A,[__r0]
    13A3: 60 D4    MOV   REG[0xD4],A
    13A5: 3E D6    MVI   A,[__r1]
    13A7: 39 00    CMP   A,0x0
    13A9: B0 03    JNZ   0x13AD
    13AB: 80 08    JMP   0x13B4
(0337)     }
    13AD: 77 01    INC   [X+1]
    13AF: 3D 01 52 CMP   [X+1],0x52
    13B2: CF A6    JC    0x1359
(0338)     strncpy(result, packet + i, count + 1);  // Add 1 to count for null terminator
    13B4: 62 D0 00 MOV   REG[0xD0],0x0
    13B7: 52 01    MOV   A,[X+1]
    13B9: 53 D6    MOV   [__r1],A
    13BB: 55 D7 00 MOV   [__r0],0x0
    13BE: 06 D6 01 ADD   [__r1],0x1
    13C1: 0E D7 00 ADC   [__r0],0x0
    13C4: 51 D7    MOV   A,[__r0]
    13C6: 08       PUSH  A
    13C7: 51 D6    MOV   A,[__r1]
    13C9: 08       PUSH  A
    13CA: 52 00    MOV   A,[X+0]
    13CC: 53 D6    MOV   [__r1],A
    13CE: 55 D7 00 MOV   [__r0],0x0
    13D1: 52 FC    MOV   A,[X-4]
    13D3: 04 D6    ADD   [__r1],A
    13D5: 52 FB    MOV   A,[X-5]
    13D7: 0C D7    ADC   [__r0],A
    13D9: 51 D7    MOV   A,[__r0]
    13DB: 08       PUSH  A
    13DC: 51 D6    MOV   A,[__r1]
    13DE: 08       PUSH  A
    13DF: 52 F8    MOV   A,[X-8]
    13E1: 08       PUSH  A
    13E2: 52 F9    MOV   A,[X-7]
    13E4: 08       PUSH  A
    13E5: 7C 1B 9E LCALL _strncpy
    13E8: 38 FA    ADD   SP,0xFA
(0339) 	result[count] = 0u;	// Add null terminator
    13EA: 62 D0 00 MOV   REG[0xD0],0x0
    13ED: 52 01    MOV   A,[X+1]
    13EF: 53 D6    MOV   [__r1],A
    13F1: 55 D7 00 MOV   [__r0],0x0
    13F4: 52 F9    MOV   A,[X-7]
    13F6: 04 D6    ADD   [__r1],A
    13F8: 52 F8    MOV   A,[X-8]
    13FA: 0C D7    ADC   [__r0],A
    13FC: 51 D7    MOV   A,[__r0]
    13FE: 60 D5    MOV   REG[0xD5],A
    1400: 50 00    MOV   A,0x0
    1402: 3F D6    MVI   [__r1],A
    1404: 38 FA    ADD   SP,0xFA
    1406: 20       POP   X
    1407: 7F       RET   
(0340) }
(0341) 
(0342) bool NMEA_handle_packet(char *packet, char *NMEA_data)
(0343) {
_NMEA_handle_packet:
  n                    --> X+2
  error                --> X+1
  i                    --> X+0
  NMEA_data            --> X-7
  packet               --> X-5
    1408: 10       PUSH  X
    1409: 4F       MOV   X,SP
    140A: 38 09    ADD   SP,0x9
(0344)     unsigned char i, n;
(0345)     unsigned char error = 0;
    140C: 56 01 00 MOV   [X+1],0x0
(0346) 	        
(0347)     // Check if appropriate packet is handled
(0348) 	if (str_cmp(packet, NMEA_data, NMEA_HEADER_SIZE) == 0u)
    140F: 50 03    MOV   A,0x3
    1411: 08       PUSH  A
    1412: 52 F9    MOV   A,[X-7]
    1414: 08       PUSH  A
    1415: 52 FA    MOV   A,[X-6]
    1417: 08       PUSH  A
    1418: 52 FB    MOV   A,[X-5]
    141A: 08       PUSH  A
    141B: 52 FC    MOV   A,[X-4]
    141D: 08       PUSH  A
    141E: 93 24    CALL  _str_cmp
    1420: 38 FB    ADD   SP,0xFB
    1422: 62 D0 00 MOV   REG[0xD0],0x0
    1425: 39 00    CMP   A,0x0
    1427: B0 E9    JNZ   0x1511
(0349)     {
(0350) 		// Check for receive errors
(0351)         for(i = 0; i < NMEA_MAX_SIZE; i++)
    1429: 56 00 00 MOV   [X+0],0x0
    142C: 80 C1    JMP   0x14EE
(0352)         {
(0353)             if ((packet[i] < 32) & (packet[i] != 0x0D) & (packet[i] != NMEA_END_DELIMITER)) 
    142E: 62 D0 00 MOV   REG[0xD0],0x0
    1431: 52 00    MOV   A,[X+0]
    1433: 53 D6    MOV   [__r1],A
    1435: 55 D7 00 MOV   [__r0],0x0
    1438: 52 FC    MOV   A,[X-4]
    143A: 04 D6    ADD   [__r1],A
    143C: 52 FB    MOV   A,[X-5]
    143E: 0C D7    ADC   [__r0],A
    1440: 51 D7    MOV   A,[__r0]
    1442: 60 D4    MOV   REG[0xD4],A
    1444: 3E D6    MVI   A,[__r1]
    1446: 39 20    CMP   A,0x20
    1448: D0 09    JNC   0x1452
    144A: 56 04 01 MOV   [X+4],0x1
    144D: 56 03 00 MOV   [X+3],0x0
    1450: 80 07    JMP   0x1458
    1452: 56 04 00 MOV   [X+4],0x0
    1455: 56 03 00 MOV   [X+3],0x0
    1458: 62 D0 00 MOV   REG[0xD0],0x0
    145B: 52 00    MOV   A,[X+0]
    145D: 53 D6    MOV   [__r1],A
    145F: 55 D7 00 MOV   [__r0],0x0
    1462: 52 FC    MOV   A,[X-4]
    1464: 04 D6    ADD   [__r1],A
    1466: 52 FB    MOV   A,[X-5]
    1468: 0C D7    ADC   [__r0],A
    146A: 51 D7    MOV   A,[__r0]
    146C: 60 D4    MOV   REG[0xD4],A
    146E: 3E D6    MVI   A,[__r1]
    1470: 39 0D    CMP   A,0xD
    1472: A0 09    JZ    0x147C
    1474: 56 06 01 MOV   [X+6],0x1
    1477: 56 05 00 MOV   [X+5],0x0
    147A: 80 07    JMP   0x1482
    147C: 56 06 00 MOV   [X+6],0x0
    147F: 56 05 00 MOV   [X+5],0x0
    1482: 62 D0 00 MOV   REG[0xD0],0x0
    1485: 52 00    MOV   A,[X+0]
    1487: 53 D6    MOV   [__r1],A
    1489: 55 D7 00 MOV   [__r0],0x0
    148C: 52 FC    MOV   A,[X-4]
    148E: 04 D6    ADD   [__r1],A
    1490: 52 FB    MOV   A,[X-5]
    1492: 0C D7    ADC   [__r0],A
    1494: 51 D7    MOV   A,[__r0]
    1496: 60 D4    MOV   REG[0xD4],A
    1498: 3E D6    MVI   A,[__r1]
    149A: 39 0A    CMP   A,0xA
    149C: A0 09    JZ    0x14A6
    149E: 56 08 01 MOV   [X+8],0x1
    14A1: 56 07 00 MOV   [X+7],0x0
    14A4: 80 07    JMP   0x14AC
    14A6: 56 08 00 MOV   [X+8],0x0
    14A9: 56 07 00 MOV   [X+7],0x0
    14AC: 62 D0 00 MOV   REG[0xD0],0x0
    14AF: 52 04    MOV   A,[X+4]
    14B1: 23 06    AND   A,[X+6]
    14B3: 53 D6    MOV   [__r1],A
    14B5: 52 03    MOV   A,[X+3]
    14B7: 23 05    AND   A,[X+5]
    14B9: 53 D7    MOV   [__r0],A
    14BB: 52 08    MOV   A,[X+8]
    14BD: 24 D6    AND   [__r1],A
    14BF: 52 07    MOV   A,[X+7]
    14C1: 24 D7    AND   [__r0],A
    14C3: B0 06    JNZ   0x14CA
    14C5: 3C D6 00 CMP   [__r1],0x0
    14C8: A0 05    JZ    0x14CE
(0354)             {
(0355)                 error++;
    14CA: 77 01    INC   [X+1]
(0356)                 break;
    14CC: 80 26    JMP   0x14F3
(0357)             }
(0358)             if (packet[i] != NMEA_END_DELIMITER) break;
    14CE: 62 D0 00 MOV   REG[0xD0],0x0
    14D1: 52 00    MOV   A,[X+0]
    14D3: 53 D6    MOV   [__r1],A
    14D5: 55 D7 00 MOV   [__r0],0x0
    14D8: 52 FC    MOV   A,[X-4]
    14DA: 04 D6    ADD   [__r1],A
    14DC: 52 FB    MOV   A,[X-5]
    14DE: 0C D7    ADC   [__r0],A
    14E0: 51 D7    MOV   A,[__r0]
    14E2: 60 D4    MOV   REG[0xD4],A
    14E4: 3E D6    MVI   A,[__r1]
    14E6: 39 0A    CMP   A,0xA
    14E8: A0 03    JZ    0x14EC
    14EA: 80 08    JMP   0x14F3
(0359)         }
    14EC: 77 00    INC   [X+0]
    14EE: 3D 00 52 CMP   [X+0],0x52
    14F1: CF 3C    JC    0x142E
(0360) 		
(0361)         // Copy buffer to NMEA packet if no errors found
(0362)         if (!error) strncpy(NMEA_data, packet, NMEA_MAX_SIZE); 
    14F3: 3D 01 00 CMP   [X+1],0x0
    14F6: B0 1C    JNZ   0x1513
    14F8: 50 00    MOV   A,0x0
    14FA: 08       PUSH  A
    14FB: 50 52    MOV   A,0x52
    14FD: 08       PUSH  A
    14FE: 52 FB    MOV   A,[X-5]
    1500: 08       PUSH  A
    1501: 52 FC    MOV   A,[X-4]
    1503: 08       PUSH  A
    1504: 52 F9    MOV   A,[X-7]
    1506: 08       PUSH  A
    1507: 52 FA    MOV   A,[X-6]
    1509: 08       PUSH  A
    150A: 7C 1B 9E LCALL _strncpy
    150D: 38 FA    ADD   SP,0xFA
(0363)     }
    150F: 80 03    JMP   0x1513
(0364) 	else error++;
    1511: 77 01    INC   [X+1]
(0365) 	
(0366) 	if(error) return false;
    1513: 3D 01 00 CMP   [X+1],0x0
    1516: A0 0C    JZ    0x1523
    1518: 62 D0 00 MOV   REG[0xD0],0x0
    151B: 55 D6 00 MOV   [__r1],0x0
    151E: 55 D7 00 MOV   [__r0],0x0
    1521: 80 0A    JMP   0x152C
(0367) 	else return true;	
    1523: 62 D0 00 MOV   REG[0xD0],0x0
    1526: 55 D6 01 MOV   [__r1],0x1
    1529: 55 D7 00 MOV   [__r0],0x0
    152C: 38 F7    ADD   SP,0xF7
    152E: 20       POP   X
    152F: 7F       RET   
(0368) }
(0369) 
(0370) void NMEA_GetTimeUTC(char *gprmc, struct datetime *gps_datetime)
(0371) {
_NMEA_GetTimeUTC:
  field                --> X+82
  buf                  --> X+0
  gps_datetime         --> X-7
  gprmc                --> X-5
    1530: 10       PUSH  X
    1531: 4F       MOV   X,SP
    1532: 38 A4    ADD   SP,0xA4
(0372) 	#define POS_SIZE	2
(0373) 	#define POS_HOUR	0
(0374) 	#define POS_MIN		2
(0375) 	#define POS_SEC		4	
(0376) 	#define POS_DAY		0
(0377) 	#define POS_MON		2
(0378) 	#define POS_YEAR	4
(0379) 	
(0380) 	char field[NMEA_MAX_SIZE];
(0381) 	char buf[NMEA_MAX_SIZE];
(0382) 	
(0383) 	NMEA_GetField(gprmc, NMEA_GPRMC_UTC, field);
    1534: 62 D0 00 MOV   REG[0xD0],0x0
    1537: 5A D6    MOV   [__r1],X
    1539: 06 D6 52 ADD   [__r1],0x52
    153C: 50 03    MOV   A,0x3
    153E: 08       PUSH  A
    153F: 51 D6    MOV   A,[__r1]
    1541: 08       PUSH  A
    1542: 50 01    MOV   A,0x1
    1544: 08       PUSH  A
    1545: 52 FB    MOV   A,[X-5]
    1547: 08       PUSH  A
    1548: 52 FC    MOV   A,[X-4]
    154A: 08       PUSH  A
    154B: 9D 80    CALL  _NMEA_GetField
    154D: 38 FB    ADD   SP,0xFB
(0384) 	if (field[0] != 0)
    154F: 3D 52 00 CMP   [X+82],0x0
    1552: A0 D0    JZ    0x1623
(0385) 	{
(0386) 		// Hour
(0387) 		strncpy(buf, field + POS_HOUR, POS_SIZE);
    1554: 50 00    MOV   A,0x0
    1556: 08       PUSH  A
    1557: 50 02    MOV   A,0x2
    1559: 08       PUSH  A
    155A: 62 D0 00 MOV   REG[0xD0],0x0
    155D: 5A D6    MOV   [__r1],X
    155F: 06 D6 52 ADD   [__r1],0x52
    1562: 50 03    MOV   A,0x3
    1564: 08       PUSH  A
    1565: 51 D6    MOV   A,[__r1]
    1567: 08       PUSH  A
    1568: 50 03    MOV   A,0x3
    156A: 08       PUSH  A
    156B: 10       PUSH  X
    156C: 7C 1B 9E LCALL _strncpy
(0388) 		buf[POS_SIZE] = 0;	// Add null terminator
    156F: 56 02 00 MOV   [X+2],0x0
(0389) 		gps_datetime->hour = atoi(buf);
    1572: 62 D0 00 MOV   REG[0xD0],0x0
    1575: 50 03    MOV   A,0x3
    1577: 08       PUSH  A
    1578: 10       PUSH  X
    1579: 7C 19 6E LCALL _atoi
    157C: 38 F8    ADD   SP,0xF8
    157E: 62 D0 00 MOV   REG[0xD0],0x0
    1581: 51 D6    MOV   A,[__r1]
    1583: 53 D7    MOV   [__r0],A
    1585: 52 FA    MOV   A,[X-6]
    1587: 01 02    ADD   A,0x2
    1589: 53 D4    MOV   [__r3],A
    158B: 52 F9    MOV   A,[X-7]
    158D: 09 00    ADC   A,0x0
    158F: 60 D5    MOV   REG[0xD5],A
    1591: 51 D7    MOV   A,[__r0]
    1593: 3F D4    MVI   [__r3],A
(0390) 		
(0391) 		// Minutes
(0392) 		strncpy(buf, field + POS_MIN, POS_SIZE);
    1595: 50 00    MOV   A,0x0
    1597: 08       PUSH  A
    1598: 50 02    MOV   A,0x2
    159A: 08       PUSH  A
    159B: 5A D6    MOV   [__r1],X
    159D: 06 D6 54 ADD   [__r1],0x54
    15A0: 50 03    MOV   A,0x3
    15A2: 08       PUSH  A
    15A3: 51 D6    MOV   A,[__r1]
    15A5: 08       PUSH  A
    15A6: 50 03    MOV   A,0x3
    15A8: 08       PUSH  A
    15A9: 10       PUSH  X
    15AA: 7C 1B 9E LCALL _strncpy
(0393) 		buf[POS_SIZE] = 0;	// Add null terminator
    15AD: 56 02 00 MOV   [X+2],0x0
(0394) 		gps_datetime->min = atoi(buf);
    15B0: 62 D0 00 MOV   REG[0xD0],0x0
    15B3: 50 03    MOV   A,0x3
    15B5: 08       PUSH  A
    15B6: 10       PUSH  X
    15B7: 7C 19 6E LCALL _atoi
    15BA: 38 F8    ADD   SP,0xF8
    15BC: 62 D0 00 MOV   REG[0xD0],0x0
    15BF: 51 D6    MOV   A,[__r1]
    15C1: 53 D7    MOV   [__r0],A
    15C3: 52 FA    MOV   A,[X-6]
    15C5: 01 01    ADD   A,0x1
    15C7: 53 D4    MOV   [__r3],A
    15C9: 52 F9    MOV   A,[X-7]
    15CB: 09 00    ADC   A,0x0
    15CD: 60 D5    MOV   REG[0xD5],A
    15CF: 51 D7    MOV   A,[__r0]
    15D1: 3F D4    MVI   [__r3],A
(0395) 		
(0396) 		// Seconds
(0397) 		strncpy(buf, field + POS_SEC, POS_SIZE);
    15D3: 50 00    MOV   A,0x0
    15D5: 08       PUSH  A
    15D6: 50 02    MOV   A,0x2
    15D8: 08       PUSH  A
    15D9: 5A D6    MOV   [__r1],X
    15DB: 06 D6 56 ADD   [__r1],0x56
    15DE: 50 03    MOV   A,0x3
    15E0: 08       PUSH  A
    15E1: 51 D6    MOV   A,[__r1]
    15E3: 08       PUSH  A
    15E4: 50 03    MOV   A,0x3
    15E6: 08       PUSH  A
    15E7: 10       PUSH  X
    15E8: 7C 1B 9E LCALL _strncpy
(0398) 		buf[POS_SIZE] = 0;	// Add null terminator
    15EB: 56 02 00 MOV   [X+2],0x0
(0399) 		gps_datetime->sec = atoi(buf);
    15EE: 62 D0 00 MOV   REG[0xD0],0x0
    15F1: 50 03    MOV   A,0x3
    15F3: 08       PUSH  A
    15F4: 10       PUSH  X
    15F5: 7C 19 6E LCALL _atoi
    15F8: 38 F8    ADD   SP,0xF8
    15FA: 62 D0 00 MOV   REG[0xD0],0x0
    15FD: 51 D6    MOV   A,[__r1]
    15FF: 53 D7    MOV   [__r0],A
    1601: 52 FA    MOV   A,[X-6]
    1603: 53 D4    MOV   [__r3],A
    1605: 52 F9    MOV   A,[X-7]
    1607: 60 D5    MOV   REG[0xD5],A
    1609: 51 D7    MOV   A,[__r0]
    160B: 3F D4    MVI   [__r3],A
(0400) 		
(0401) 		gps_datetime->valid = true;
    160D: 52 FA    MOV   A,[X-6]
    160F: 01 06    ADD   A,0x6
    1611: 53 D6    MOV   [__r1],A
    1613: 52 F9    MOV   A,[X-7]
    1615: 09 00    ADC   A,0x0
    1617: 60 D5    MOV   REG[0xD5],A
    1619: 50 00    MOV   A,0x0
    161B: 3F D6    MVI   [__r1],A
    161D: 50 01    MOV   A,0x1
    161F: 3F D6    MVI   [__r1],A
(0402) 	}
    1621: 80 16    JMP   0x1638
(0403) 	else gps_datetime->valid = false;
    1623: 62 D0 00 MOV   REG[0xD0],0x0
    1626: 52 FA    MOV   A,[X-6]
    1628: 01 06    ADD   A,0x6
    162A: 53 D6    MOV   [__r1],A
    162C: 52 F9    MOV   A,[X-7]
    162E: 09 00    ADC   A,0x0
    1630: 60 D5    MOV   REG[0xD5],A
    1632: 50 00    MOV   A,0x0
    1634: 3F D6    MVI   [__r1],A
    1636: 3F D6    MVI   [__r1],A
(0404) 	
(0405) 	NMEA_GetField(gprmc, NMEA_GPRMC_DATE, field);
    1638: 62 D0 00 MOV   REG[0xD0],0x0
    163B: 5A D6    MOV   [__r1],X
    163D: 06 D6 52 ADD   [__r1],0x52
    1640: 50 03    MOV   A,0x3
    1642: 08       PUSH  A
    1643: 51 D6    MOV   A,[__r1]
    1645: 08       PUSH  A
    1646: 50 07    MOV   A,0x7
    1648: 08       PUSH  A
    1649: 52 FB    MOV   A,[X-5]
    164B: 08       PUSH  A
    164C: 52 FC    MOV   A,[X-4]
    164E: 08       PUSH  A
    164F: 9C 7C    CALL  _NMEA_GetField
    1651: 38 FB    ADD   SP,0xFB
(0406) 	if (field[0] != 0)
    1653: 3D 52 00 CMP   [X+82],0x0
    1656: A0 D4    JZ    0x172B
(0407) 	{
(0408) 		// Day
(0409) 		strncpy(buf, field + POS_DAY, POS_SIZE);
    1658: 50 00    MOV   A,0x0
    165A: 08       PUSH  A
    165B: 50 02    MOV   A,0x2
    165D: 08       PUSH  A
    165E: 62 D0 00 MOV   REG[0xD0],0x0
    1661: 5A D6    MOV   [__r1],X
    1663: 06 D6 52 ADD   [__r1],0x52
    1666: 50 03    MOV   A,0x3
    1668: 08       PUSH  A
    1669: 51 D6    MOV   A,[__r1]
    166B: 08       PUSH  A
    166C: 50 03    MOV   A,0x3
    166E: 08       PUSH  A
    166F: 10       PUSH  X
    1670: 7C 1B 9E LCALL _strncpy
(0410) 		buf[POS_SIZE] = 0;	// Add null terminator
    1673: 56 02 00 MOV   [X+2],0x0
(0411) 		gps_datetime->day = atoi(buf);
    1676: 62 D0 00 MOV   REG[0xD0],0x0
    1679: 50 03    MOV   A,0x3
    167B: 08       PUSH  A
    167C: 10       PUSH  X
    167D: 7C 19 6E LCALL _atoi
    1680: 38 F8    ADD   SP,0xF8
    1682: 62 D0 00 MOV   REG[0xD0],0x0
    1685: 51 D6    MOV   A,[__r1]
    1687: 53 D7    MOV   [__r0],A
    1689: 52 FA    MOV   A,[X-6]
    168B: 01 03    ADD   A,0x3
    168D: 53 D4    MOV   [__r3],A
    168F: 52 F9    MOV   A,[X-7]
    1691: 09 00    ADC   A,0x0
    1693: 60 D5    MOV   REG[0xD5],A
    1695: 51 D7    MOV   A,[__r0]
    1697: 3F D4    MVI   [__r3],A
(0412) 		
(0413) 		// Month
(0414) 		strncpy(buf, field + POS_MON, POS_SIZE);
    1699: 50 00    MOV   A,0x0
    169B: 08       PUSH  A
    169C: 50 02    MOV   A,0x2
    169E: 08       PUSH  A
    169F: 5A D6    MOV   [__r1],X
    16A1: 06 D6 54 ADD   [__r1],0x54
    16A4: 50 03    MOV   A,0x3
    16A6: 08       PUSH  A
    16A7: 51 D6    MOV   A,[__r1]
    16A9: 08       PUSH  A
    16AA: 50 03    MOV   A,0x3
    16AC: 08       PUSH  A
    16AD: 10       PUSH  X
    16AE: 7C 1B 9E LCALL _strncpy
(0415) 		buf[POS_SIZE] = 0;	// Add null terminator
    16B1: 56 02 00 MOV   [X+2],0x0
(0416) 		gps_datetime->month = atoi(buf);
    16B4: 62 D0 00 MOV   REG[0xD0],0x0
    16B7: 50 03    MOV   A,0x3
    16B9: 08       PUSH  A
    16BA: 10       PUSH  X
    16BB: 7C 19 6E LCALL _atoi
    16BE: 38 F8    ADD   SP,0xF8
    16C0: 62 D0 00 MOV   REG[0xD0],0x0
    16C3: 51 D6    MOV   A,[__r1]
    16C5: 53 D7    MOV   [__r0],A
    16C7: 52 FA    MOV   A,[X-6]
    16C9: 01 04    ADD   A,0x4
    16CB: 53 D4    MOV   [__r3],A
    16CD: 52 F9    MOV   A,[X-7]
    16CF: 09 00    ADC   A,0x0
    16D1: 60 D5    MOV   REG[0xD5],A
    16D3: 51 D7    MOV   A,[__r0]
    16D5: 3F D4    MVI   [__r3],A
(0417) 		
(0418) 		// Year
(0419) 		strncpy(buf, field + POS_YEAR, POS_SIZE);
    16D7: 50 00    MOV   A,0x0
    16D9: 08       PUSH  A
    16DA: 50 02    MOV   A,0x2
    16DC: 08       PUSH  A
    16DD: 5A D6    MOV   [__r1],X
    16DF: 06 D6 56 ADD   [__r1],0x56
    16E2: 50 03    MOV   A,0x3
    16E4: 08       PUSH  A
    16E5: 51 D6    MOV   A,[__r1]
    16E7: 08       PUSH  A
    16E8: 50 03    MOV   A,0x3
    16EA: 08       PUSH  A
    16EB: 10       PUSH  X
    16EC: 7C 1B 9E LCALL _strncpy
(0420) 		buf[POS_SIZE] = 0;	// Add null terminator
    16EF: 56 02 00 MOV   [X+2],0x0
(0421) 		gps_datetime->year = atoi(buf);
    16F2: 62 D0 00 MOV   REG[0xD0],0x0
    16F5: 50 03    MOV   A,0x3
    16F7: 08       PUSH  A
    16F8: 10       PUSH  X
    16F9: 7C 19 6E LCALL _atoi
    16FC: 38 F8    ADD   SP,0xF8
    16FE: 62 D0 00 MOV   REG[0xD0],0x0
    1701: 51 D6    MOV   A,[__r1]
    1703: 53 D7    MOV   [__r0],A
    1705: 52 FA    MOV   A,[X-6]
    1707: 01 05    ADD   A,0x5
    1709: 53 D4    MOV   [__r3],A
    170B: 52 F9    MOV   A,[X-7]
    170D: 09 00    ADC   A,0x0
    170F: 60 D5    MOV   REG[0xD5],A
    1711: 51 D7    MOV   A,[__r0]
    1713: 3F D4    MVI   [__r3],A
(0422) 		
(0423) 		gps_datetime->valid = true;
    1715: 52 FA    MOV   A,[X-6]
    1717: 01 06    ADD   A,0x6
    1719: 53 D6    MOV   [__r1],A
    171B: 52 F9    MOV   A,[X-7]
    171D: 09 00    ADC   A,0x0
    171F: 60 D5    MOV   REG[0xD5],A
    1721: 50 00    MOV   A,0x0
    1723: 3F D6    MVI   [__r1],A
    1725: 50 01    MOV   A,0x1
    1727: 3F D6    MVI   [__r1],A
(0424) 	}
    1729: 80 16    JMP   0x1740
(0425) 	else gps_datetime->valid = false;
    172B: 62 D0 00 MOV   REG[0xD0],0x0
    172E: 52 FA    MOV   A,[X-6]
    1730: 01 06    ADD   A,0x6
    1732: 53 D6    MOV   [__r1],A
    1734: 52 F9    MOV   A,[X-7]
    1736: 09 00    ADC   A,0x0
    1738: 60 D5    MOV   REG[0xD5],A
    173A: 50 00    MOV   A,0x0
    173C: 3F D6    MVI   [__r1],A
    173E: 3F D6    MVI   [__r1],A
    1740: 38 5C    ADD   SP,0x5C
    1742: 20       POP   X
    1743: 7F       RET   
(0426) }
(0427) 
(0428) unsigned char str_cmp(char *str1, char *str2, unsigned char stop)
(0429) {
_str_cmp:
  i                    --> X+0
  stop                 --> X-8
  str2                 --> X-7
  str1                 --> X-5
    1744: 10       PUSH  X
    1745: 4F       MOV   X,SP
    1746: 38 01    ADD   SP,0x1
(0430)     unsigned char i;
(0431)     for(i = 0u; i <= stop; i++)
    1748: 56 00 00 MOV   [X+0],0x0
    174B: 80 3A    JMP   0x1786
(0432)     {
(0433)         if (str1[i] != str2[i]) return 1u;
    174D: 62 D0 00 MOV   REG[0xD0],0x0
    1750: 52 00    MOV   A,[X+0]
    1752: 53 D6    MOV   [__r1],A
    1754: 55 D7 00 MOV   [__r0],0x0
    1757: 52 FA    MOV   A,[X-6]
    1759: 04 D6    ADD   [__r1],A
    175B: 52 F9    MOV   A,[X-7]
    175D: 0C D7    ADC   [__r0],A
    175F: 51 D7    MOV   A,[__r0]
    1761: 60 D4    MOV   REG[0xD4],A
    1763: 3E D6    MVI   A,[__r1]
    1765: 53 D7    MOV   [__r0],A
    1767: 52 00    MOV   A,[X+0]
    1769: 53 D4    MOV   [__r3],A
    176B: 55 D5 00 MOV   [__r2],0x0
    176E: 52 FC    MOV   A,[X-4]
    1770: 04 D4    ADD   [__r3],A
    1772: 52 FB    MOV   A,[X-5]
    1774: 0C D5    ADC   [__r2],A
    1776: 51 D5    MOV   A,[__r2]
    1778: 60 D4    MOV   REG[0xD4],A
    177A: 3E D4    MVI   A,[__r3]
    177C: 3A D7    CMP   A,[__r0]
    177E: A0 05    JZ    0x1784
    1780: 50 01    MOV   A,0x1
    1782: 80 0E    JMP   0x1791
(0434)     }
    1784: 77 00    INC   [X+0]
    1786: 52 F8    MOV   A,[X-8]
    1788: 3B 00    CMP   A,[X+0]
    178A: DF C2    JNC   0x174D
(0435)     return 0u;
    178C: 62 D0 00 MOV   REG[0xD0],0x0
    178F: 50 00    MOV   A,0x0
    1791: 38 FF    ADD   SP,0xFF
    1793: 20       POP   X
    1794: 7F       RET   
(0436) }
(0437) 
(0438) unsigned char str_cmp_const(char *str1, const char *str2, unsigned char stop)
(0439) {
_str_cmp_const:
  i                    --> X+0
  stop                 --> X-8
  str2                 --> X-7
  str1                 --> X-5
    1795: 10       PUSH  X
    1796: 4F       MOV   X,SP
    1797: 38 01    ADD   SP,0x1
(0440)     unsigned char i;
(0441)     for(i = 0u; i <= stop; i++)
    1799: 56 00 00 MOV   [X+0],0x0
    179C: 80 3B    JMP   0x17D8
(0442)     {
(0443)         if (str1[i] != str2[i]) return 1u;
    179E: 62 D0 00 MOV   REG[0xD0],0x0
    17A1: 52 00    MOV   A,[X+0]
    17A3: 53 D6    MOV   [__r1],A
    17A5: 55 D7 00 MOV   [__r0],0x0
    17A8: 52 FA    MOV   A,[X-6]
    17AA: 04 D6    ADD   [__r1],A
    17AC: 52 F9    MOV   A,[X-7]
    17AE: 0C D7    ADC   [__r0],A
    17B0: 51 D7    MOV   A,[__r0]
    17B2: 10       PUSH  X
    17B3: 58 D6    MOV   X,[__r1]
    17B5: 28       ROMX  
    17B6: 20       POP   X
    17B7: 53 D7    MOV   [__r0],A
    17B9: 52 00    MOV   A,[X+0]
    17BB: 53 D4    MOV   [__r3],A
    17BD: 55 D5 00 MOV   [__r2],0x0
    17C0: 52 FC    MOV   A,[X-4]
    17C2: 04 D4    ADD   [__r3],A
    17C4: 52 FB    MOV   A,[X-5]
    17C6: 0C D5    ADC   [__r2],A
    17C8: 51 D5    MOV   A,[__r2]
    17CA: 60 D4    MOV   REG[0xD4],A
    17CC: 3E D4    MVI   A,[__r3]
    17CE: 3A D7    CMP   A,[__r0]
    17D0: A0 05    JZ    0x17D6
    17D2: 50 01    MOV   A,0x1
    17D4: 80 0E    JMP   0x17E3
(0444)     }
    17D6: 77 00    INC   [X+0]
    17D8: 52 F8    MOV   A,[X-8]
    17DA: 3B 00    CMP   A,[X+0]
    17DC: DF C1    JNC   0x179E
(0445)     return 0u;
    17DE: 62 D0 00 MOV   REG[0xD0],0x0
    17E1: 50 00    MOV   A,0x0
    17E3: 38 FF    ADD   SP,0xFF
    17E5: 20       POP   X
    17E6: 7F       RET   
(0446) }
(0447) 
(0448) unsigned char byte_to_bcd(unsigned char byte)
(0449) {
_byte_to_bcd:
  reg                  --> X+2
  low                  --> X+1
  high                 --> X+0
  byte                 --> X-4
    17E7: 10       PUSH  X
    17E8: 4F       MOV   X,SP
    17E9: 38 03    ADD   SP,0x3
(0450)     unsigned char high, low, reg;
(0451)     
(0452)     high = byte / DECIMAL_COUNT_SYSTEM_BASIS;
    17EB: 50 0A    MOV   A,0xA
    17ED: 08       PUSH  A
    17EE: 52 FC    MOV   A,[X-4]
    17F0: 08       PUSH  A
    17F1: 62 D0 00 MOV   REG[0xD0],0x0
    17F4: 7C 19 17 LCALL 0x1917
    17F7: 18       POP   A
    17F8: 54 00    MOV   [X+0],A
    17FA: 38 FF    ADD   SP,0xFF
(0453)     low = byte - high * DECIMAL_COUNT_SYSTEM_BASIS;
    17FC: 52 00    MOV   A,[X+0]
    17FE: 60 E8    MOV   REG[0xE8],A
    1800: 62 E9 0A MOV   REG[0xE9],0xA
    1803: 40       NOP   
    1804: 5D EB    MOV   A,REG[0xEB]
    1806: 53 D7    MOV   [__r0],A
    1808: 52 FC    MOV   A,[X-4]
    180A: 12 D7    SUB   A,[__r0]
    180C: 54 01    MOV   [X+1],A
(0454)     reg = (high << DECIMAL_NUMBER_SIZE) + low;
    180E: 52 00    MOV   A,[X+0]
    1810: 64       ASL   A
    1811: 64       ASL   A
    1812: 64       ASL   A
    1813: 64       ASL   A
    1814: 03 01    ADD   A,[X+1]
    1816: 54 02    MOV   [X+2],A
(0455)     
(0456)     return reg;
    1818: 52 02    MOV   A,[X+2]
    181A: 38 FD    ADD   SP,0xFD
    181C: 20       POP   X
    181D: 7F       RET   
(0457) }
(0458) 
(0459) unsigned char bcd_to_byte(unsigned char reg)
(0460) {
_bcd_to_byte:
  byte                 --> X+2
  low                  --> X+1
  high                 --> X+0
  reg                  --> X-4
    181E: 10       PUSH  X
    181F: 4F       MOV   X,SP
    1820: 38 03    ADD   SP,0x3
(0461)     unsigned char high, low, byte;
(0462)     
(0463)     high = (reg >> DECIMAL_NUMBER_SIZE);
    1822: 52 FC    MOV   A,[X-4]
    1824: 62 D0 00 MOV   REG[0xD0],0x0
    1827: 67       ASR   A
    1828: 67       ASR   A
    1829: 67       ASR   A
    182A: 67       ASR   A
    182B: 21 0F    AND   A,0xF
    182D: 54 00    MOV   [X+0],A
(0464)     low = reg - (high << DECIMAL_NUMBER_SIZE);
    182F: 52 00    MOV   A,[X+0]
    1831: 64       ASL   A
    1832: 64       ASL   A
    1833: 64       ASL   A
    1834: 64       ASL   A
    1835: 53 D7    MOV   [__r0],A
    1837: 52 FC    MOV   A,[X-4]
    1839: 12 D7    SUB   A,[__r0]
    183B: 54 01    MOV   [X+1],A
(0465)     byte = low + high * DECIMAL_COUNT_SYSTEM_BASIS;
    183D: 52 00    MOV   A,[X+0]
    183F: 60 E8    MOV   REG[0xE8],A
    1841: 62 E9 0A MOV   REG[0xE9],0xA
    1844: 40       NOP   
    1845: 5D EB    MOV   A,REG[0xEB]
    1847: 53 D7    MOV   [__r0],A
    1849: 52 01    MOV   A,[X+1]
    184B: 02 D7    ADD   A,[__r0]
    184D: 54 02    MOV   [X+2],A
(0466) 
(0467)     return byte;
    184F: 52 02    MOV   A,[X+2]
    1851: 38 FD    ADD   SP,0xFD
    1853: 20       POP   X
    1854: 7F       RET   
(0468) }
(0469) 
(0470) void utc_to_local(struct datetime *utc_datetime, struct datetime *local_datetime)
(0471) {
_utc_to_local:
  local_datetime       --> X-7
  utc_datetime         --> X-5
    1855: 10       PUSH  X
    1856: 4F       MOV   X,SP
(0472) 	local_datetime->valid = utc_datetime->valid;
    1857: 62 D0 00 MOV   REG[0xD0],0x0
    185A: 52 FC    MOV   A,[X-4]
    185C: 01 06    ADD   A,0x6
    185E: 53 D6    MOV   [__r1],A
    1860: 52 FB    MOV   A,[X-5]
    1862: 09 00    ADC   A,0x0
    1864: 60 D4    MOV   REG[0xD4],A
    1866: 3E D6    MVI   A,[__r1]
    1868: 53 D7    MOV   [__r0],A
    186A: 3E D6    MVI   A,[__r1]
    186C: 53 D6    MOV   [__r1],A
    186E: 52 FA    MOV   A,[X-6]
    1870: 01 06    ADD   A,0x6
    1872: 53 D4    MOV   [__r3],A
    1874: 52 F9    MOV   A,[X-7]
    1876: 09 00    ADC   A,0x0
    1878: 60 D5    MOV   REG[0xD5],A
    187A: 51 D7    MOV   A,[__r0]
    187C: 3F D4    MVI   [__r3],A
    187E: 51 D6    MOV   A,[__r1]
    1880: 3F D4    MVI   [__r3],A
(0473) 	local_datetime->sec = utc_datetime->sec;
    1882: 52 FC    MOV   A,[X-4]
    1884: 53 D6    MOV   [__r1],A
    1886: 52 FB    MOV   A,[X-5]
    1888: 60 D4    MOV   REG[0xD4],A
    188A: 3E D6    MVI   A,[__r1]
    188C: 53 D7    MOV   [__r0],A
    188E: 52 FA    MOV   A,[X-6]
    1890: 53 D4    MOV   [__r3],A
    1892: 52 F9    MOV   A,[X-7]
    1894: 60 D5    MOV   REG[0xD5],A
    1896: 51 D7    MOV   A,[__r0]
    1898: 3F D4    MVI   [__r3],A
(0474) 	local_datetime->min = utc_datetime->min;
    189A: 52 FC    MOV   A,[X-4]
    189C: 01 01    ADD   A,0x1
    189E: 53 D6    MOV   [__r1],A
    18A0: 52 FB    MOV   A,[X-5]
    18A2: 09 00    ADC   A,0x0
    18A4: 60 D4    MOV   REG[0xD4],A
    18A6: 3E D6    MVI   A,[__r1]
    18A8: 53 D7    MOV   [__r0],A
    18AA: 52 FA    MOV   A,[X-6]
    18AC: 01 01    ADD   A,0x1
    18AE: 53 D4    MOV   [__r3],A
    18B0: 52 F9    MOV   A,[X-7]
    18B2: 09 00    ADC   A,0x0
    18B4: 60 D5    MOV   REG[0xD5],A
    18B6: 51 D7    MOV   A,[__r0]
    18B8: 3F D4    MVI   [__r3],A
(0475) 	local_datetime->hour = utc_datetime->hour + GMT_OFFSET;
    18BA: 52 FC    MOV   A,[X-4]
    18BC: 01 02    ADD   A,0x2
    18BE: 53 D6    MOV   [__r1],A
    18C0: 52 FB    MOV   A,[X-5]
    18C2: 09 00    ADC   A,0x0
    18C4: 60 D4    MOV   REG[0xD4],A
    18C6: 3E D6    MVI   A,[__r1]
    18C8: 53 D7    MOV   [__r0],A
    18CA: 06 D7 03 ADD   [__r0],0x3
    18CD: 52 FA    MOV   A,[X-6]
    18CF: 01 02    ADD   A,0x2
    18D1: 53 D4    MOV   [__r3],A
    18D3: 52 F9    MOV   A,[X-7]
    18D5: 09 00    ADC   A,0x0
    18D7: 60 D5    MOV   REG[0xD5],A
    18D9: 51 D7    MOV   A,[__r0]
    18DB: 3F D4    MVI   [__r3],A
(0476) 	if (local_datetime->hour > HOUR_MAX) local_datetime->hour -= (HOUR_MAX + 1);
    18DD: 52 FA    MOV   A,[X-6]
    18DF: 01 02    ADD   A,0x2
    18E1: 53 D6    MOV   [__r1],A
    18E3: 52 F9    MOV   A,[X-7]
    18E5: 09 00    ADC   A,0x0
    18E7: 60 D4    MOV   REG[0xD4],A
    18E9: 3E D6    MVI   A,[__r1]
    18EB: 53 D7    MOV   [__r0],A
    18ED: 50 17    MOV   A,0x17
    18EF: 3A D7    CMP   A,[__r0]
    18F1: D0 23    JNC   0x1915
    18F3: 62 D0 00 MOV   REG[0xD0],0x0
    18F6: 52 FA    MOV   A,[X-6]
    18F8: 01 02    ADD   A,0x2
    18FA: 53 D6    MOV   [__r1],A
    18FC: 52 F9    MOV   A,[X-7]
    18FE: 09 00    ADC   A,0x0
    1900: 53 D7    MOV   [__r0],A
    1902: 60 D4    MOV   REG[0xD4],A
    1904: 3E D6    MVI   A,[__r1]
    1906: 7A D6    DEC   [__r1]
    1908: 53 D5    MOV   [__r2],A
    190A: 16 D5 18 SUB   [__r2],0x18
    190D: 51 D7    MOV   A,[__r0]
    190F: 60 D5    MOV   REG[0xD5],A
    1911: 51 D5    MOV   A,[__r2]
    1913: 3F D6    MVI   [__r1],A
    1915: 20       POP   X
    1916: 7F       RET   
